#pragma once

inline const int g_warningImage2Width = 122;
inline const int g_warningImage2Height = 118;
inline unsigned char g_warningImage2Rgba[] = {
    0x26, 0x70, 0xA8, 0xFF, 0x2D, 0x77, 0xAD, 0xFF, 0x2C, 0x77, 0xAB, 0xFF, 0x2A, 0x74, 0xA4, 0xFF,
    0x26, 0x6B, 0x96, 0xFF, 0x11, 0x4F, 0x77, 0xFF, 0x09, 0x39, 0x5D, 0xFF, 0x15, 0x38, 0x5A, 0xFF,
    0x21, 0x33, 0x52, 0xFF, 0x2A, 0x30, 0x4D, 0xFF, 0x33, 0x33, 0x4B, 0xFF, 0x35, 0x34, 0x48, 0xFF,
    0x30, 0x30, 0x42, 0xFF, 0x2C, 0x31, 0x40, 0xFF, 0x26, 0x32, 0x3E, 0xFF, 0x1E, 0x2A, 0x3C, 0xFF,
    0x24, 0x28, 0x45, 0xFF, 0x24, 0x25, 0x4B, 0xFF, 0x25, 0x25, 0x4D, 0xFF, 0x27, 0x26, 0x52, 0xFF,
    0x2A, 0x27, 0x59, 0xFF, 0x2C, 0x27, 0x5E, 0xFF, 0x2A, 0x26, 0x61, 0xFF, 0x2A, 0x25, 0x62, 0xFF,
    0x28, 0x23, 0x61, 0xFF, 0x28, 0x23, 0x60, 0xFF, 0x27, 0x23, 0x5E, 0xFF, 0x27, 0x24, 0x5B, 0xFF,
    0x27, 0x27, 0x57, 0xFF, 0x27, 0x28, 0x54, 0xFF, 0x26, 0x28, 0x51, 0xFF, 0x26, 0x29, 0x4F, 0xFF,
    0x29, 0x2B, 0x4A, 0xFF, 0x29, 0x2B, 0x49, 0xFF, 0x28, 0x2A, 0x48, 0xFF, 0x28, 0x2A, 0x48, 0xFF,
    0x27, 0x2A, 0x46, 0xFF, 0x27, 0x2A, 0x46, 0xFF, 0x29, 0x2A, 0x44, 0xFF, 0x28, 0x2A, 0x42, 0xFF,
    0x28, 0x2A, 0x42, 0xFF, 0x28, 0x2B, 0x40, 0xFF, 0x29, 0x2A, 0x3E, 0xFF, 0x28, 0x29, 0x3D, 0xFF,
    0x27, 0x29, 0x3B, 0xFF, 0x26, 0x28, 0x3A, 0xFF, 0x26, 0x28, 0x3A, 0xFF, 0x26, 0x29, 0x38, 0xFF,
    0x2B, 0x2A, 0x3A, 0xFF, 0x2C, 0x2C, 0x3A, 0xFF, 0x2C, 0x2C, 0x38, 0xFF, 0x2D, 0x2D, 0x39, 0xFF,
    0x2E, 0x2E, 0x3A, 0xFF, 0x2F, 0x2F, 0x3B, 0xFF, 0x2F, 0x30, 0x3A, 0xFF, 0x30, 0x31, 0x3B, 0xFF,
    0x30, 0x32, 0x3A, 0xFF, 0x30, 0x32, 0x3A, 0xFF, 0x30, 0x33, 0x38, 0xFF, 0x31, 0x34, 0x39, 0xFF,
    0x31, 0x34, 0x39, 0xFF, 0x32, 0x35, 0x3A, 0xFF, 0x32, 0x35, 0x3A, 0xFF, 0x32, 0x35, 0x3A, 0xFF,
    0x31, 0x33, 0x3D, 0xFF, 0x31, 0x33, 0x3D, 0xFF, 0x31, 0x33, 0x3D, 0xFF, 0x30, 0x32, 0x3C, 0xFF,
    0x2E, 0x30, 0x3A, 0xFF, 0x2B, 0x2D, 0x37, 0xFF, 0x24, 0x2A, 0x31, 0xFF, 0x20, 0x26, 0x2D, 0xFF,
    0x1A, 0x20, 0x27, 0xFF, 0x19, 0x1F, 0x26, 0xFF, 0x17, 0x1D, 0x22, 0xFF, 0x17, 0x1D, 0x22, 0xFF,
    0x14, 0x1D, 0x21, 0xFF, 0x14, 0x1D, 0x21, 0xFF, 0x14, 0x1D, 0x21, 0xFF, 0x11, 0x1C, 0x20, 0xFF,
    0x13, 0x1D, 0x24, 0xFF, 0x13, 0x1F, 0x25, 0xFF, 0x12, 0x1D, 0x25, 0xFF, 0x0F, 0x1A, 0x22, 0xFF,
    0x0E, 0x1A, 0x24, 0xFF, 0x18, 0x27, 0x30, 0xFF, 0x2D, 0x3A, 0x48, 0xFF, 0x3D, 0x4D, 0x5D, 0xFF,
    0x4A, 0x5A, 0x6B, 0xFF, 0x46, 0x5A, 0x6C, 0xFF, 0x43, 0x58, 0x6E, 0xFF, 0x3E, 0x56, 0x6C, 0xFF,
    0x39, 0x53, 0x6B, 0xFF, 0x32, 0x51, 0x68, 0xFF, 0x30, 0x4E, 0x67, 0xFF, 0x2F, 0x4E, 0x65, 0xFF,
    0x33, 0x4D, 0x65, 0xFF, 0x34, 0x4C, 0x62, 0xFF, 0x34, 0x4C, 0x62, 0xFF, 0x37, 0x4F, 0x65, 0xFF,
    0x3A, 0x52, 0x68, 0xFF, 0x3B, 0x53, 0x69, 0xFF, 0x39, 0x51, 0x67, 0xFF, 0x36, 0x4E, 0x64, 0xFF,
    0x33, 0x4B, 0x61, 0xFF, 0x32, 0x4A, 0x60, 0xFF, 0x2F, 0x47, 0x5D, 0xFF, 0x2D, 0x45, 0x5B, 0xFF,
    0x2D, 0x45, 0x5B, 0xFF, 0x30, 0x48, 0x5E, 0xFF, 0x34, 0x4C, 0x62, 0xFF, 0x37, 0x4F, 0x65, 0xFF,
    0x38, 0x51, 0x65, 0xFF, 0x37, 0x50, 0x64, 0xFF, 0x37, 0x50, 0x64, 0xFF, 0x36, 0x4F, 0x63, 0xFF,
    0x36, 0x4E, 0x62, 0xFF, 0x35, 0x4D, 0x61, 0xFF, 0x34, 0x4C, 0x60, 0xFF, 0x34, 0x4C, 0x60, 0xFF,
    0x45, 0x5B, 0x6D, 0xFF, 0x52, 0x68, 0x7A, 0xFF, 0x23, 0x70, 0xA9, 0xFF, 0x29, 0x76, 0xAE, 0xFF,
    0x29, 0x78, 0xAB, 0xFF, 0x2C, 0x78, 0xA8, 0xFF, 0x2C, 0x75, 0xA1, 0xFF, 0x1D, 0x5E, 0x85, 0xFF,
    0x0E, 0x42, 0x67, 0xFF, 0x12, 0x37, 0x59, 0xFF, 0x22, 0x35, 0x56, 0xFF, 0x2A, 0x32, 0x4F, 0xFF,
    0x32, 0x33, 0x4D, 0xFF, 0x36, 0x34, 0x4A, 0xFF, 0x30, 0x31, 0x45, 0xFF, 0x2E, 0x33, 0x42, 0xFF,
    0x28, 0x33, 0x41, 0xFF, 0x23, 0x2D, 0x3F, 0xFF, 0x23, 0x27, 0x44, 0xFF, 0x23, 0x25, 0x48, 0xFF,
    0x24, 0x25, 0x4B, 0xFF, 0x26, 0x25, 0x4F, 0xFF, 0x29, 0x27, 0x55, 0xFF, 0x2A, 0x27, 0x59, 0xFF,
    0x28, 0x25, 0x5C, 0xFF, 0x28, 0x25, 0x5D, 0xFF, 0x26, 0x22, 0x5D, 0xFF, 0x26, 0x23, 0x5B, 0xFF,
    0x25, 0x22, 0x59, 0xFF, 0x25, 0x24, 0x56, 0xFF, 0x25, 0x25, 0x53, 0xFF, 0x25, 0x27, 0x50, 0xFF,
    0x25, 0x27, 0x4F, 0xFF, 0x27, 0x29, 0x4C, 0xFF, 0x29, 0x2B, 0x4A, 0xFF, 0x29, 0x2B, 0x49, 0xFF,
    0x29, 0x2B, 0x49, 0xFF, 0x28, 0x2B, 0x47, 0xFF, 0x27, 0x2A, 0x46, 0xFF, 0x27, 0x2B, 0x44, 0xFF,
    0x28, 0x29, 0x43, 0xFF, 0x28, 0x2A, 0x42, 0xFF, 0x27, 0x2A, 0x3F, 0xFF, 0x26, 0x29, 0x3E, 0xFF,
    0x28, 0x29, 0x3D, 0xFF, 0x27, 0x28, 0x3C, 0xFF, 0x26, 0x28, 0x3A, 0xFF, 0x26, 0x28, 0x3A, 0xFF,
    0x25, 0x27, 0x39, 0xFF, 0x27, 0x27, 0x37, 0xFF, 0x2B, 0x2B, 0x39, 0xFF, 0x2C, 0x2C, 0x3A, 0xFF,
    0x2C, 0x2C, 0x38, 0xFF, 0x2D, 0x2D, 0x39, 0xFF, 0x2E, 0x2E, 0x3A, 0xFF, 0x2F, 0x2F, 0x3B, 0xFF,
    0x2F, 0x30, 0x3A, 0xFF, 0x30, 0x31, 0x3B, 0xFF, 0x30, 0x32, 0x3A, 0xFF, 0x30, 0x32, 0x3A, 0xFF,
    0x30, 0x33, 0x38, 0xFF, 0x31, 0x34, 0x39, 0xFF, 0x31, 0x34, 0x39, 0xFF, 0x32, 0x35, 0x3A, 0xFF,
    0x32, 0x35, 0x3A, 0xFF, 0x32, 0x35, 0x3A, 0xFF, 0x31, 0x33, 0x3D, 0xFF, 0x31, 0x33, 0x3D, 0xFF,
    0x31, 0x33, 0x3D, 0xFF, 0x30, 0x32, 0x3C, 0xFF, 0x2F, 0x31, 0x3B, 0xFF, 0x2B, 0x2D, 0x37, 0xFF,
    0x25, 0x2B, 0x32, 0xFF, 0x21, 0x27, 0x2E, 0xFF, 0x1A, 0x20, 0x27, 0xFF, 0x19, 0x1F, 0x26, 0xFF,
    0x17, 0x1D, 0x22, 0xFF, 0x16, 0x1C, 0x21, 0xFF, 0x15, 0x1E, 0x22, 0xFF, 0x15, 0x1E, 0x22, 0xFF,
    0x14, 0x1D, 0x21, 0xFF, 0x12, 0x1D, 0x21, 0xFF, 0x11, 0x1B, 0x22, 0xFF, 0x10, 0x1C, 0x22, 0xFF,
    0x11, 0x1C, 0x24, 0xFF, 0x14, 0x1F, 0x27, 0xFF, 0x1D, 0x29, 0x33, 0xFF, 0x30, 0x3E, 0x4A, 0xFF,
    0x47, 0x54, 0x62, 0xFF, 0x53, 0x63, 0x73, 0xFF, 0x4D, 0x5D, 0x6E, 0xFF, 0x48, 0x5C, 0x6E, 0xFF,
    0x45, 0x5A, 0x70, 0xFF, 0x3E, 0x56, 0x6C, 0xFF, 0x38, 0x52, 0x6A, 0xFF, 0x31, 0x4D, 0x65, 0xFF,
    0x2C, 0x4A, 0x63, 0xFF, 0x2B, 0x4A, 0x61, 0xFF, 0x30, 0x4A, 0x62, 0xFF, 0x31, 0x49, 0x5F, 0xFF,
    0x32, 0x4A, 0x60, 0xFF, 0x34, 0x4C, 0x62, 0xFF, 0x38, 0x50, 0x66, 0xFF, 0x39, 0x51, 0x67, 0xFF,
    0x37, 0x4F, 0x65, 0xFF, 0x35, 0x4D, 0x63, 0xFF, 0x35, 0x4D, 0x63, 0xFF, 0x33, 0x4B, 0x61, 0xFF,
    0x31, 0x49, 0x5F, 0xFF, 0x2F, 0x47, 0x5D, 0xFF, 0x2F, 0x47, 0x5D, 0xFF, 0x32, 0x4A, 0x60, 0xFF,
    0x36, 0x4E, 0x64, 0xFF, 0x38, 0x50, 0x66, 0xFF, 0x38, 0x51, 0x65, 0xFF, 0x38, 0x51, 0x65, 0xFF,
    0x37, 0x50, 0x64, 0xFF, 0x36, 0x4F, 0x63, 0xFF, 0x37, 0x4F, 0x63, 0xFF, 0x36, 0x4E, 0x62, 0xFF,
    0x35, 0x4D, 0x61, 0xFF, 0x35, 0x4D, 0x61, 0xFF, 0x3E, 0x54, 0x66, 0xFF, 0x4B, 0x61, 0x73, 0xFF,
    0x1C, 0x6E, 0xA8, 0xFF, 0x20, 0x73, 0xAB, 0xFF, 0x20, 0x74, 0xA8, 0xFF, 0x28, 0x7A, 0xAA, 0xFF,
    0x32, 0x7F, 0xAD, 0xFF, 0x2C, 0x70, 0x9B, 0xFF, 0x1B, 0x52, 0x79, 0xFF, 0x15, 0x3D, 0x60, 0xFF,
    0x21, 0x37, 0x5A, 0xFF, 0x27, 0x32, 0x50, 0xFF, 0x2F, 0x32, 0x4E, 0xFF, 0x34, 0x34, 0x4C, 0xFF,
    0x31, 0x32, 0x47, 0xFF, 0x2F, 0x33, 0x46, 0xFF, 0x2C, 0x34, 0x45, 0xFF, 0x25, 0x2F, 0x41, 0xFF,
    0x23, 0x28, 0x41, 0xFF, 0x23, 0x26, 0x45, 0xFF, 0x24, 0x26, 0x48, 0xFF, 0x26, 0x27, 0x4D, 0xFF,
    0x28, 0x27, 0x51, 0xFF, 0x29, 0x28, 0x54, 0xFF, 0x29, 0x26, 0x57, 0xFF, 0x28, 0x25, 0x57, 0xFF,
    0x26, 0x23, 0x55, 0xFF, 0x26, 0x23, 0x54, 0xFF, 0x26, 0x24, 0x52, 0xFF, 0x26, 0x25, 0x51, 0xFF,
    0x26, 0x26, 0x4E, 0xFF, 0x26, 0x27, 0x4D, 0xFF, 0x27, 0x29, 0x4C, 0xFF, 0x27, 0x2A, 0x49, 0xFF,
    0x29, 0x2B, 0x49, 0xFF, 0x2B, 0x2C, 0x48, 0xFF, 0x2A, 0x2B, 0x47, 0xFF, 0x29, 0x2A, 0x46, 0xFF,
    0x28, 0x29, 0x45, 0xFF, 0x28, 0x29, 0x43, 0xFF, 0x27, 0x28, 0x42, 0xFF, 0x27, 0x29, 0x41, 0xFF,
    0x27, 0x28, 0x3D, 0xFF, 0x27, 0x28, 0x3D, 0xFF, 0x27, 0x28, 0x3C, 0xFF, 0x26, 0x28, 0x3A, 0xFF,
    0x26, 0x28, 0x3A, 0xFF, 0x25, 0x27, 0x39, 0xFF, 0x27, 0x27, 0x37, 0xFF, 0x27, 0x27, 0x37, 0xFF,
    0x2B, 0x2B, 0x39, 0xFF, 0x2C, 0x2C, 0x3A, 0xFF, 0x2C, 0x2C, 0x38, 0xFF, 0x2D, 0x2D, 0x39, 0xFF,
    0x2E, 0x2E, 0x3A, 0xFF, 0x2F, 0x2F, 0x3B, 0xFF, 0x2F, 0x30, 0x3A, 0xFF, 0x30, 0x31, 0x3B, 0xFF,
    0x30, 0x32, 0x3A, 0xFF, 0x30, 0x32, 0x3A, 0xFF, 0x30, 0x32, 0x3A, 0xFF, 0x31, 0x33, 0x3B, 0xFF,
    0x31, 0x34, 0x39, 0xFF, 0x32, 0x35, 0x3A, 0xFF, 0x32, 0x35, 0x3A, 0xFF, 0x32, 0x35, 0x3A, 0xFF,
    0x31, 0x33, 0x3D, 0xFF, 0x31, 0x33, 0x3D, 0xFF, 0x31, 0x33, 0x3D, 0xFF, 0x30, 0x32, 0x3C, 0xFF,
    0x2D, 0x32, 0x3B, 0xFF, 0x2A, 0x2F, 0x38, 0xFF, 0x26, 0x2C, 0x33, 0xFF, 0x23, 0x29, 0x30, 0xFF,
    0x1B, 0x21, 0x28, 0xFF, 0x19, 0x1F, 0x26, 0xFF, 0x17, 0x1D, 0x24, 0xFF, 0x17, 0x1D, 0x24, 0xFF,
    0x15, 0x1E, 0x22, 0xFF, 0x15, 0x1E, 0x22, 0xFF, 0x15, 0x1E, 0x22, 0xFF, 0x13, 0x1E, 0x22, 0xFF,
    0x12, 0x1C, 0x23, 0xFF, 0x10, 0x1C, 0x22, 0xFF, 0x0F, 0x1A, 0x22, 0xFF, 0x13, 0x1E, 0x26, 0xFF,
    0x21, 0x2D, 0x37, 0xFF, 0x37, 0x45, 0x51, 0xFF, 0x4A, 0x57, 0x65, 0xFF, 0x4F, 0x5F, 0x6F, 0xFF,
    0x4C, 0x5C, 0x6D, 0xFF, 0x47, 0x5B, 0x6D, 0xFF, 0x44, 0x59, 0x6F, 0xFF, 0x3D, 0x55, 0x6B, 0xFF,
    0x37, 0x51, 0x69, 0xFF, 0x31, 0x4D, 0x65, 0xFF, 0x2D, 0x4B, 0x64, 0xFF, 0x2E, 0x4A, 0x62, 0xFF,
    0x2F, 0x49, 0x61, 0xFF, 0x30, 0x48, 0x5E, 0xFF, 0x30, 0x48, 0x5E, 0xFF, 0x33, 0x4B, 0x61, 0xFF,
    0x37, 0x4F, 0x65, 0xFF, 0x39, 0x51, 0x67, 0xFF, 0x37, 0x4F, 0x65, 0xFF, 0x35, 0x4D, 0x63, 0xFF,
    0x36, 0x4E, 0x64, 0xFF, 0x35, 0x4D, 0x63, 0xFF, 0x33, 0x4B, 0x61, 0xFF, 0x32, 0x4A, 0x60, 0xFF,
    0x33, 0x4B, 0x61, 0xFF, 0x35, 0x4D, 0x63, 0xFF, 0x38, 0x50, 0x66, 0xFF, 0x39, 0x51, 0x67, 0xFF,
    0x38, 0x51, 0x65, 0xFF, 0x38, 0x51, 0x65, 0xFF, 0x38, 0x51, 0x65, 0xFF, 0x37, 0x50, 0x64, 0xFF,
    0x37, 0x50, 0x64, 0xFF, 0x37, 0x50, 0x64, 0xFF, 0x37, 0x4F, 0x63, 0xFF, 0x37, 0x4F, 0x63, 0xFF,
    0x36, 0x4E, 0x60, 0xFF, 0x41, 0x59, 0x6B, 0xFF, 0x19, 0x72, 0xAB, 0xFF, 0x1A, 0x74, 0xAB, 0xFF,
    0x1A, 0x72, 0xA8, 0xFF, 0x22, 0x77, 0xA9, 0xFF, 0x2F, 0x7F, 0xAE, 0xFF, 0x33, 0x7A, 0xA6, 0xFF,
    0x29, 0x61, 0x8A, 0xFF, 0x1E, 0x48, 0x6D, 0xFF, 0x20, 0x3A, 0x5E, 0xFF, 0x26, 0x33, 0x53, 0xFF,
    0x2D, 0x31, 0x4E, 0xFF, 0x32, 0x30, 0x4D, 0xFF, 0x30, 0x30, 0x48, 0xFF, 0x2F, 0x32, 0x47, 0xFF,
    0x2C, 0x33, 0x46, 0xFF, 0x26, 0x30, 0x42, 0xFF, 0x24, 0x2A, 0x41, 0xFF, 0x24, 0x28, 0x44, 0xFF,
    0x24, 0x28, 0x45, 0xFF, 0x26, 0x29, 0x48, 0xFF, 0x27, 0x29, 0x4B, 0xFF, 0x28, 0x29, 0x4F, 0xFF,
    0x28, 0x28, 0x50, 0xFF, 0x27, 0x27, 0x4F, 0xFF, 0x27, 0x26, 0x50, 0xFF, 0x27, 0x27, 0x4F, 0xFF,
    0x27, 0x28, 0x4E, 0xFF, 0x27, 0x29, 0x4C, 0xFF, 0x28, 0x29, 0x4B, 0xFF, 0x27, 0x2A, 0x49, 0xFF,
    0x28, 0x2A, 0x48, 0xFF, 0x28, 0x2A, 0x48, 0xFF, 0x2A, 0x2B, 0x47, 0xFF, 0x29, 0x2A, 0x44, 0xFF,
    0x29, 0x2A, 0x44, 0xFF, 0x28, 0x29, 0x43, 0xFF, 0x27, 0x28, 0x42, 0xFF, 0x26, 0x28, 0x40, 0xFF,
    0x25, 0x27, 0x3F, 0xFF, 0x25, 0x28, 0x3D, 0xFF, 0x27, 0x28, 0x3D, 0xFF, 0x27, 0x28, 0x3C, 0xFF,
    0x27, 0x29, 0x3B, 0xFF, 0x27, 0x29, 0x3B, 0xFF, 0x27, 0x29, 0x3B, 0xFF, 0x26, 0x29, 0x38, 0xFF,
    0x28, 0x28, 0x38, 0xFF, 0x28, 0x28, 0x38, 0xFF, 0x2B, 0x2B, 0x39, 0xFF, 0x2C, 0x2C, 0x3A, 0xFF,
    0x2C, 0x2C, 0x38, 0xFF, 0x2D, 0x2D, 0x39, 0xFF, 0x2E, 0x2E, 0x3A, 0xFF, 0x2F, 0x2F, 0x3B, 0xFF,
    0x2F, 0x30, 0x3A, 0xFF, 0x30, 0x31, 0x3B, 0xFF, 0x30, 0x32, 0x3A, 0xFF, 0x30, 0x32, 0x3A, 0xFF,
    0x30, 0x32, 0x3A, 0xFF, 0x31, 0x33, 0x3B, 0xFF, 0x31, 0x34, 0x39, 0xFF, 0x32, 0x35, 0x3A, 0xFF,
    0x32, 0x35, 0x3A, 0xFF, 0x32, 0x35, 0x3A, 0xFF, 0x31, 0x33, 0x3D, 0xFF, 0x31, 0x33, 0x3D, 0xFF,
    0x31, 0x33, 0x3D, 0xFF, 0x31, 0x33, 0x3D, 0xFF, 0x2E, 0x33, 0x3C, 0xFF, 0x2B, 0x30, 0x39, 0xFF,
    0x28, 0x2E, 0x35, 0xFF, 0x25, 0x2B, 0x32, 0xFF, 0x1C, 0x22, 0x29, 0xFF, 0x1A, 0x20, 0x27, 0xFF,
    0x18, 0x1E, 0x25, 0xFF, 0x17, 0x1D, 0x24, 0xFF, 0x15, 0x1E, 0x22, 0xFF, 0x16, 0x1F, 0x23, 0xFF,
    0x16, 0x1F, 0x23, 0xFF, 0x14, 0x1F, 0x23, 0xFF, 0x15, 0x1F, 0x26, 0xFF, 0x13, 0x1F, 0x25, 0xFF,
    0x0F, 0x1A, 0x22, 0xFF, 0x0F, 0x19, 0x23, 0xFF, 0x1A, 0x26, 0x32, 0xFF, 0x30, 0x3B, 0x49, 0xFF,
    0x3F, 0x4C, 0x5C, 0xFF, 0x44, 0x53, 0x63, 0xFF, 0x48, 0x57, 0x6A, 0xFF, 0x44, 0x58, 0x6A, 0xFF,
    0x41, 0x56, 0x6C, 0xFF, 0x3C, 0x54, 0x6A, 0xFF, 0x38, 0x52, 0x6A, 0xFF, 0x34, 0x50, 0x68, 0xFF,
    0x33, 0x4E, 0x68, 0xFF, 0x33, 0x4F, 0x67, 0xFF, 0x2F, 0x49, 0x61, 0xFF, 0x30, 0x48, 0x5E, 0xFF,
    0x30, 0x48, 0x5E, 0xFF, 0x33, 0x4B, 0x61, 0xFF, 0x37, 0x4F, 0x65, 0xFF, 0x3A, 0x52, 0x68, 0xFF,
    0x39, 0x51, 0x67, 0xFF, 0x37, 0x4F, 0x65, 0xFF, 0x37, 0x4F, 0x65, 0xFF, 0x36, 0x4E, 0x64, 0xFF,
    0x35, 0x4D, 0x63, 0xFF, 0x35, 0x4D, 0x63, 0xFF, 0x36, 0x4E, 0x64, 0xFF, 0x38, 0x50, 0x66, 0xFF,
    0x39, 0x51, 0x67, 0xFF, 0x39, 0x51, 0x67, 0xFF, 0x39, 0x52, 0x66, 0xFF, 0x39, 0x52, 0x66, 0xFF,
    0x39, 0x52, 0x66, 0xFF, 0x39, 0x52, 0x66, 0xFF, 0x39, 0x52, 0x66, 0xFF, 0x39, 0x52, 0x66, 0xFF,
    0x3A, 0x52, 0x66, 0xFF, 0x3A, 0x52, 0x66, 0xFF, 0x35, 0x4D, 0x5F, 0xFF, 0x3D, 0x55, 0x67, 0xFF,
    0x1A, 0x79, 0xB1, 0xFF, 0x19, 0x76, 0xAD, 0xFF, 0x18, 0x74, 0xA9, 0xFF, 0x1B, 0x74, 0xA7, 0xFF,
    0x27, 0x79, 0xA9, 0xFF, 0x33, 0x7C, 0xA8, 0xFF, 0x34, 0x6F, 0x97, 0xFF, 0x2E, 0x5A, 0x7F, 0xFF,
    0x24, 0x40, 0x63, 0xFF, 0x24, 0x35, 0x56, 0xFF, 0x2B, 0x30, 0x4F, 0xFF, 0x31, 0x32, 0x4E, 0xFF,
    0x2F, 0x30, 0x4A, 0xFF, 0x2F, 0x31, 0x49, 0xFF, 0x2C, 0x33, 0x47, 0xFF, 0x29, 0x30, 0x44, 0xFF,
    0x27, 0x2C, 0x41, 0xFF, 0x27, 0x2B, 0x43, 0xFF, 0x27, 0x2B, 0x43, 0xFF, 0x28, 0x2C, 0x45, 0xFF,
    0x29, 0x2C, 0x48, 0xFF, 0x29, 0x2C, 0x48, 0xFF, 0x29, 0x2B, 0x49, 0xFF, 0x28, 0x2A, 0x48, 0xFF,
    0x2A, 0x2C, 0x4B, 0xFF, 0x29, 0x2B, 0x49, 0xFF, 0x29, 0x2B, 0x49, 0xFF, 0x29, 0x2B, 0x49, 0xFF,
    0x2B, 0x2C, 0x48, 0xFF, 0x29, 0x2C, 0x48, 0xFF, 0x2A, 0x2B, 0x45, 0xFF, 0x2A, 0x2B, 0x45, 0xFF,
    0x27, 0x28, 0x42, 0xFF, 0x29, 0x29, 0x41, 0xFF, 0x28, 0x28, 0x40, 0xFF, 0x28, 0x28, 0x40, 0xFF,
    0x27, 0x27, 0x3F, 0xFF, 0x27, 0x28, 0x3D, 0xFF, 0x26, 0x27, 0x3C, 0xFF, 0x26, 0x27, 0x3B, 0xFF,
    0x2A, 0x29, 0x3D, 0xFF, 0x2A, 0x2A, 0x3C, 0xFF, 0x2A, 0x2A, 0x3C, 0xFF, 0x2A, 0x2A, 0x3A, 0xFF,
    0x2A, 0x2A, 0x3A, 0xFF, 0x2A, 0x2A, 0x3A, 0xFF, 0x2A, 0x2A, 0x3A, 0xFF, 0x2A, 0x2B, 0x39, 0xFF,
    0x2B, 0x2B, 0x39, 0xFF, 0x2C, 0x2C, 0x3A, 0xFF, 0x2C, 0x2C, 0x38, 0xFF, 0x2D, 0x2D, 0x39, 0xFF,
    0x2E, 0x2E, 0x3A, 0xFF, 0x2F, 0x2F, 0x3B, 0xFF, 0x2F, 0x30, 0x3A, 0xFF, 0x30, 0x31, 0x3B, 0xFF,
    0x30, 0x31, 0x3B, 0xFF, 0x30, 0x31, 0x3B, 0xFF, 0x30, 0x32, 0x3A, 0xFF, 0x31, 0x33, 0x3B, 0xFF,
    0x31, 0x33, 0x3B, 0xFF, 0x32, 0x34, 0x3C, 0xFF, 0x32, 0x35, 0x3A, 0xFF, 0x32, 0x35, 0x3A, 0xFF,
    0x31, 0x33, 0x3D, 0xFF, 0x31, 0x33, 0x3D, 0xFF, 0x31, 0x33, 0x3D, 0xFF, 0x31, 0x33, 0x3D, 0xFF,
    0x2E, 0x33, 0x3C, 0xFF, 0x2D, 0x32, 0x3B, 0xFF, 0x2A, 0x2F, 0x38, 0xFF, 0x27, 0x2C, 0x35, 0xFF,
    0x1F, 0x25, 0x2C, 0xFF, 0x1D, 0x23, 0x2A, 0xFF, 0x1A, 0x20, 0x27, 0xFF, 0x19, 0x1F, 0x26, 0xFF,
    0x16, 0x1E, 0x25, 0xFF, 0x16, 0x1E, 0x25, 0xFF, 0x16, 0x1E, 0x25, 0xFF, 0x14, 0x1E, 0x25, 0xFF,
    0x16, 0x1F, 0x28, 0xFF, 0x14, 0x1F, 0x27, 0xFF, 0x10, 0x1A, 0x24, 0xFF, 0x0E, 0x18, 0x22, 0xFF,
    0x17, 0x23, 0x2F, 0xFF, 0x30, 0x3B, 0x49, 0xFF, 0x48, 0x55, 0x65, 0xFF, 0x54, 0x63, 0x73, 0xFF,
    0x4A, 0x59, 0x6C, 0xFF, 0x46, 0x5A, 0x6C, 0xFF, 0x43, 0x58, 0x6E, 0xFF, 0x3F, 0x56, 0x6C, 0xFF,
    0x3B, 0x53, 0x6B, 0xFF, 0x35, 0x50, 0x6A, 0xFF, 0x34, 0x4F, 0x69, 0xFF, 0x34, 0x50, 0x68, 0xFF,
    0x31, 0x4B, 0x63, 0xFF, 0x32, 0x4A, 0x60, 0xFF, 0x32, 0x4A, 0x60, 0xFF, 0x34, 0x4C, 0x62, 0xFF,
    0x38, 0x50, 0x66, 0xFF, 0x3A, 0x52, 0x68, 0xFF, 0x39, 0x51, 0x67, 0xFF, 0x37, 0x4F, 0x65, 0xFF,
    0x37, 0x4F, 0x65, 0xFF, 0x37, 0x4F, 0x65, 0xFF, 0x36, 0x4E, 0x64, 0xFF, 0x38, 0x50, 0x66, 0xFF,
    0x39, 0x51, 0x67, 0xFF, 0x3A, 0x52, 0x68, 0xFF, 0x3A, 0x52, 0x68, 0xFF, 0x39, 0x51, 0x67, 0xFF,
    0x39, 0x52, 0x66, 0xFF, 0x39, 0x52, 0x66, 0xFF, 0x3A, 0x53, 0x67, 0xFF, 0x3A, 0x53, 0x67, 0xFF,
    0x3B, 0x54, 0x68, 0xFF, 0x3B, 0x54, 0x68, 0xFF, 0x3B, 0x54, 0x68, 0xFF, 0x3B, 0x54, 0x68, 0xFF,
    0x38, 0x50, 0x62, 0xFF, 0x3D, 0x55, 0x67, 0xFF, 0x19, 0x76, 0xAD, 0xFF, 0x16, 0x74, 0xA9, 0xFF,
    0x18, 0x74, 0xA9, 0xFF, 0x1E, 0x75, 0xA7, 0xFF, 0x27, 0x77, 0xA6, 0xFF, 0x38, 0x7F, 0xAB, 0xFF,
    0x42, 0x7D, 0xA5, 0xFF, 0x44, 0x70, 0x95, 0xFF, 0x29, 0x47, 0x6A, 0xFF, 0x28, 0x39, 0x5A, 0xFF,
    0x2A, 0x32, 0x50, 0xFF, 0x30, 0x33, 0x4F, 0xFF, 0x2F, 0x33, 0x4C, 0xFF, 0x2F, 0x33, 0x4B, 0xFF,
    0x2E, 0x35, 0x49, 0xFF, 0x2B, 0x32, 0x46, 0xFF, 0x29, 0x2E, 0x43, 0xFF, 0x28, 0x2D, 0x42, 0xFF,
    0x28, 0x2D, 0x42, 0xFF, 0x29, 0x2E, 0x43, 0xFF, 0x29, 0x2E, 0x43, 0xFF, 0x29, 0x2E, 0x43, 0xFF,
    0x28, 0x2D, 0x42, 0xFF, 0x27, 0x2C, 0x41, 0xFF, 0x2A, 0x2F, 0x44, 0xFF, 0x2B, 0x2E, 0x43, 0xFF,
    0x2B, 0x2D, 0x45, 0xFF, 0x2A, 0x2C, 0x44, 0xFF, 0x29, 0x2B, 0x43, 0xFF, 0x28, 0x2A, 0x42, 0xFF,
    0x27, 0x29, 0x41, 0xFF, 0x27, 0x2A, 0x3F, 0xFF, 0x26, 0x27, 0x3C, 0xFF, 0x26, 0x27, 0x3C, 0xFF,
    0x26, 0x27, 0x3C, 0xFF, 0x27, 0x28, 0x3C, 0xFF, 0x27, 0x28, 0x3D, 0xFF, 0x27, 0x28, 0x3C, 0xFF,
    0x27, 0x28, 0x3C, 0xFF, 0x27, 0x29, 0x3B, 0xFF, 0x2A, 0x2A, 0x3C, 0xFF, 0x2A, 0x2A, 0x3A, 0xFF,
    0x2B, 0x2B, 0x3B, 0xFF, 0x2B, 0x2B, 0x3B, 0xFF, 0x2C, 0x2C, 0x3C, 0xFF, 0x2C, 0x2C, 0x3C, 0xFF,
    0x2C, 0x2D, 0x3B, 0xFF, 0x2D, 0x2E, 0x3C, 0xFF, 0x2B, 0x2B, 0x39, 0xFF, 0x2C, 0x2C, 0x3A, 0xFF,
    0x2C, 0x2C, 0x38, 0xFF, 0x2D, 0x2D, 0x39, 0xFF, 0x2E, 0x2E, 0x3A, 0xFF, 0x2F, 0x2F, 0x3B, 0xFF,
    0x2F, 0x30, 0x3A, 0xFF, 0x30, 0x31, 0x3B, 0xFF, 0x30, 0x31, 0x3B, 0xFF, 0x30, 0x31, 0x3B, 0xFF,
    0x30, 0x32, 0x3A, 0xFF, 0x31, 0x33, 0x3B, 0xFF, 0x31, 0x33, 0x3B, 0xFF, 0x32, 0x34, 0x3C, 0xFF,
    0x32, 0x35, 0x3A, 0xFF, 0x32, 0x34, 0x3C, 0xFF, 0x31, 0x33, 0x3D, 0xFF, 0x31, 0x33, 0x3D, 0xFF,
    0x31, 0x33, 0x3D, 0xFF, 0x31, 0x33, 0x3D, 0xFF, 0x2F, 0x34, 0x3D, 0xFF, 0x2E, 0x33, 0x3C, 0xFF,
    0x2C, 0x31, 0x3A, 0xFF, 0x2A, 0x2F, 0x38, 0xFF, 0x23, 0x29, 0x30, 0xFF, 0x20, 0x26, 0x2D, 0xFF,
    0x1D, 0x23, 0x2A, 0xFF, 0x1A, 0x20, 0x27, 0xFF, 0x17, 0x1F, 0x26, 0xFF, 0x17, 0x1F, 0x26, 0xFF,
    0x17, 0x1F, 0x26, 0xFF, 0x16, 0x1E, 0x25, 0xFF, 0x13, 0x1C, 0x25, 0xFF, 0x12, 0x1D, 0x25, 0xFF,
    0x0F, 0x19, 0x23, 0xFF, 0x0D, 0x16, 0x23, 0xFF, 0x13, 0x1E, 0x2C, 0xFF, 0x2B, 0x36, 0x44, 0xFF,
    0x4C, 0x59, 0x69, 0xFF, 0x64, 0x72, 0x84, 0xFF, 0x52, 0x61, 0x74, 0xFF, 0x4F, 0x60, 0x75, 0xFF,
    0x4A, 0x5C, 0x73, 0xFF, 0x42, 0x59, 0x6F, 0xFF, 0x3C, 0x53, 0x6D, 0xFF, 0x36, 0x4F, 0x69, 0xFF,
    0x34, 0x4D, 0x67, 0xFF, 0x33, 0x4D, 0x65, 0xFF, 0x36, 0x4E, 0x66, 0xFF, 0x34, 0x4C, 0x62, 0xFF,
    0x33, 0x4B, 0x61, 0xFF, 0x35, 0x4D, 0x63, 0xFF, 0x38, 0x50, 0x66, 0xFF, 0x39, 0x51, 0x67, 0xFF,
    0x38, 0x50, 0x66, 0xFF, 0x36, 0x4E, 0x64, 0xFF, 0x37, 0x4F, 0x65, 0xFF, 0x37, 0x4F, 0x65, 0xFF,
    0x38, 0x50, 0x66, 0xFF, 0x3A, 0x52, 0x68, 0xFF, 0x3C, 0x54, 0x6A, 0xFF, 0x3C, 0x54, 0x6A, 0xFF,
    0x3A, 0x52, 0x68, 0xFF, 0x38, 0x50, 0x66, 0xFF, 0x3A, 0x53, 0x67, 0xFF, 0x3A, 0x53, 0x67, 0xFF,
    0x3B, 0x54, 0x68, 0xFF, 0x3B, 0x54, 0x68, 0xFF, 0x3C, 0x55, 0x69, 0xFF, 0x3D, 0x56, 0x6A, 0xFF,
    0x3E, 0x57, 0x6B, 0xFF, 0x3E, 0x57, 0x6B, 0xFF, 0x3A, 0x52, 0x64, 0xFF, 0x3D, 0x55, 0x67, 0xFF,
    0x1C, 0x75, 0xA8, 0xFF, 0x19, 0x72, 0xA4, 0xFF, 0x21, 0x76, 0xA8, 0xFF, 0x27, 0x79, 0xA8, 0xFF,
    0x2C, 0x77, 0xA3, 0xFF, 0x3A, 0x7C, 0xA5, 0xFF, 0x48, 0x7F, 0xA6, 0xFF, 0x4B, 0x75, 0x98, 0xFF,
    0x30, 0x4C, 0x6E, 0xFF, 0x29, 0x3D, 0x5C, 0xFF, 0x29, 0x34, 0x50, 0xFF, 0x2E, 0x35, 0x50, 0xFF,
    0x2E, 0x33, 0x4C, 0xFF, 0x2E, 0x34, 0x4B, 0xFF, 0x2B, 0x34, 0x48, 0xFF, 0x29, 0x32, 0x46, 0xFF,
    0x29, 0x2F, 0x42, 0xFF, 0x2B, 0x2F, 0x42, 0xFF, 0x2A, 0x2E, 0x41, 0xFF, 0x2B, 0x2F, 0x41, 0xFF,
    0x2B, 0x2F, 0x41, 0xFF, 0x2B, 0x30, 0x3F, 0xFF, 0x2A, 0x2F, 0x3E, 0xFF, 0x28, 0x2D, 0x3C, 0xFF,
    0x29, 0x2E, 0x3D, 0xFF, 0x2A, 0x2D, 0x3C, 0xFF, 0x29, 0x2B, 0x3D, 0xFF, 0x28, 0x2A, 0x3C, 0xFF,
    0x26, 0x27, 0x3B, 0xFF, 0x25, 0x26, 0x3A, 0xFF, 0x24, 0x25, 0x39, 0xFF, 0x23, 0x24, 0x38, 0xFF,
    0x27, 0x26, 0x3A, 0xFF, 0x27, 0x26, 0x3A, 0xFF, 0x28, 0x27, 0x3B, 0xFF, 0x29, 0x29, 0x3B, 0xFF,
    0x29, 0x28, 0x3C, 0xFF, 0x2A, 0x2A, 0x3C, 0xFF, 0x2B, 0x2B, 0x3D, 0xFF, 0x2B, 0x2B, 0x3B, 0xFF,
    0x2A, 0x2A, 0x3A, 0xFF, 0x2A, 0x2A, 0x3A, 0xFF, 0x2B, 0x2B, 0x3B, 0xFF, 0x2B, 0x2C, 0x3A, 0xFF,
    0x2C, 0x2D, 0x3B, 0xFF, 0x2D, 0x2E, 0x3C, 0xFF, 0x2D, 0x2E, 0x3C, 0xFF, 0x2E, 0x2F, 0x3D, 0xFF,
    0x2B, 0x2B, 0x37, 0xFF, 0x2C, 0x2C, 0x38, 0xFF, 0x2C, 0x2C, 0x38, 0xFF, 0x2D, 0x2D, 0x39, 0xFF,
    0x2E, 0x2E, 0x3A, 0xFF, 0x2F, 0x2F, 0x3B, 0xFF, 0x2F, 0x2F, 0x3B, 0xFF, 0x30, 0x30, 0x3C, 0xFF,
    0x30, 0x31, 0x3B, 0xFF, 0x30, 0x31, 0x3B, 0xFF, 0x30, 0x31, 0x3B, 0xFF, 0x31, 0x32, 0x3C, 0xFF,
    0x31, 0x33, 0x3B, 0xFF, 0x32, 0x34, 0x3C, 0xFF, 0x32, 0x34, 0x3C, 0xFF, 0x32, 0x34, 0x3C, 0xFF,
    0x31, 0x33, 0x3D, 0xFF, 0x31, 0x33, 0x3D, 0xFF, 0x31, 0x33, 0x3D, 0xFF, 0x31, 0x33, 0x3D, 0xFF,
    0x30, 0x35, 0x3E, 0xFF, 0x2F, 0x34, 0x3D, 0xFF, 0x2D, 0x32, 0x3B, 0xFF, 0x2B, 0x30, 0x39, 0xFF,
    0x27, 0x2C, 0x35, 0xFF, 0x24, 0x29, 0x32, 0xFF, 0x1E, 0x25, 0x2E, 0xFF, 0x1A, 0x21, 0x2A, 0xFF,
    0x18, 0x1F, 0x28, 0xFF, 0x17, 0x1E, 0x27, 0xFF, 0x17, 0x1E, 0x27, 0xFF, 0x16, 0x1D, 0x26, 0xFF,
    0x12, 0x1B, 0x25, 0xFF, 0x12, 0x1B, 0x25, 0xFF, 0x11, 0x1A, 0x27, 0xFF, 0x10, 0x19, 0x26, 0xFF,
    0x10, 0x19, 0x27, 0xFF, 0x1C, 0x27, 0x35, 0xFF, 0x38, 0x45, 0x55, 0xFF, 0x53, 0x61, 0x73, 0xFF,
    0x57, 0x66, 0x79, 0xFF, 0x53, 0x64, 0x79, 0xFF, 0x4E, 0x60, 0x77, 0xFF, 0x44, 0x5B, 0x71, 0xFF,
    0x3E, 0x55, 0x6F, 0xFF, 0x37, 0x50, 0x6A, 0xFF, 0x35, 0x4E, 0x68, 0xFF, 0x35, 0x4F, 0x67, 0xFF,
    0x3B, 0x53, 0x6B, 0xFF, 0x39, 0x51, 0x67, 0xFF, 0x37, 0x4F, 0x65, 0xFF, 0x37, 0x4F, 0x65, 0xFF,
    0x39, 0x51, 0x67, 0xFF, 0x3A, 0x52, 0x68, 0xFF, 0x38, 0x50, 0x66, 0xFF, 0x36, 0x4E, 0x64, 0xFF,
    0x38, 0x50, 0x66, 0xFF, 0x38, 0x50, 0x66, 0xFF, 0x39, 0x51, 0x67, 0xFF, 0x3C, 0x54, 0x6A, 0xFF,
    0x3E, 0x56, 0x6C, 0xFF, 0x3E, 0x56, 0x6C, 0xFF, 0x3B, 0x53, 0x69, 0xFF, 0x38, 0x50, 0x66, 0xFF,
    0x3A, 0x53, 0x67, 0xFF, 0x3B, 0x54, 0x68, 0xFF, 0x3B, 0x54, 0x68, 0xFF, 0x3C, 0x55, 0x69, 0xFF,
    0x3E, 0x57, 0x6B, 0xFF, 0x3F, 0x58, 0x6C, 0xFF, 0x40, 0x59, 0x6D, 0xFF, 0x40, 0x59, 0x6D, 0xFF,
    0x3C, 0x56, 0x67, 0xFF, 0x3D, 0x57, 0x68, 0xFF, 0x2B, 0x7B, 0xAA, 0xFF, 0x29, 0x77, 0xA6, 0xFF,
    0x2F, 0x7C, 0xAA, 0xFF, 0x37, 0x7F, 0xA9, 0xFF, 0x34, 0x77, 0x9E, 0xFF, 0x3A, 0x76, 0x9A, 0xFF,
    0x44, 0x74, 0x96, 0xFF, 0x43, 0x6A, 0x8A, 0xFF, 0x33, 0x4F, 0x6D, 0xFF, 0x29, 0x3E, 0x59, 0xFF,
    0x27, 0x34, 0x4E, 0xFF, 0x2B, 0x35, 0x4D, 0xFF, 0x2B, 0x33, 0x4A, 0xFF, 0x2A, 0x33, 0x47, 0xFF,
    0x28, 0x33, 0x47, 0xFF, 0x27, 0x31, 0x43, 0xFF, 0x29, 0x2F, 0x42, 0xFF, 0x2B, 0x2F, 0x42, 0xFF,
    0x2A, 0x2E, 0x40, 0xFF, 0x2A, 0x2F, 0x3E, 0xFF, 0x2B, 0x30, 0x3F, 0xFF, 0x2A, 0x30, 0x3D, 0xFF,
    0x29, 0x2F, 0x3A, 0xFF, 0x28, 0x2E, 0x39, 0xFF, 0x28, 0x2C, 0x37, 0xFF, 0x27, 0x2B, 0x36, 0xFF,
    0x26, 0x29, 0x37, 0xFF, 0x24, 0x27, 0x36, 0xFF, 0x22, 0x24, 0x36, 0xFF, 0x20, 0x22, 0x34, 0xFF,
    0x1F, 0x20, 0x34, 0xFF, 0x1E, 0x1F, 0x33, 0xFF, 0x27, 0x27, 0x39, 0xFF, 0x27, 0x27, 0x37, 0xFF,
    0x28, 0x28, 0x3A, 0xFF, 0x29, 0x29, 0x39, 0xFF, 0x2A, 0x2A, 0x3C, 0xFF, 0x2B, 0x2B, 0x3B, 0xFF,
    0x2C, 0x2C, 0x3C, 0xFF, 0x2D, 0x2D, 0x3D, 0xFF, 0x29, 0x29, 0x39, 0xFF, 0x2A, 0x2A, 0x3A, 0xFF,
    0x2A, 0x2B, 0x39, 0xFF, 0x2B, 0x2C, 0x3A, 0xFF, 0x2C, 0x2D, 0x3B, 0xFF, 0x2D, 0x2E, 0x3C, 0xFF,
    0x2D, 0x2E, 0x3C, 0xFF, 0x2E, 0x2F, 0x3D, 0xFF, 0x2B, 0x2B, 0x37, 0xFF, 0x2C, 0x2C, 0x38, 0xFF,
    0x2C, 0x2C, 0x38, 0xFF, 0x2D, 0x2D, 0x39, 0xFF, 0x2E, 0x2E, 0x3A, 0xFF, 0x2F, 0x2F, 0x3B, 0xFF,
    0x2F, 0x2F, 0x3B, 0xFF, 0x30, 0x30, 0x3C, 0xFF, 0x30, 0x31, 0x3B, 0xFF, 0x30, 0x31, 0x3B, 0xFF,
    0x30, 0x31, 0x3B, 0xFF, 0x31, 0x32, 0x3C, 0xFF, 0x31, 0x33, 0x3B, 0xFF, 0x32, 0x34, 0x3C, 0xFF,
    0x32, 0x34, 0x3C, 0xFF, 0x32, 0x34, 0x3C, 0xFF, 0x31, 0x33, 0x3D, 0xFF, 0x31, 0x33, 0x3D, 0xFF,
    0x31, 0x33, 0x3D, 0xFF, 0x31, 0x33, 0x3D, 0xFF, 0x30, 0x35, 0x3E, 0xFF, 0x2F, 0x34, 0x3D, 0xFF,
    0x2E, 0x33, 0x3C, 0xFF, 0x2C, 0x31, 0x3A, 0xFF, 0x29, 0x2E, 0x37, 0xFF, 0x26, 0x2B, 0x34, 0xFF,
    0x1F, 0x26, 0x2F, 0xFF, 0x1B, 0x22, 0x2B, 0xFF, 0x19, 0x20, 0x29, 0xFF, 0x18, 0x1F, 0x28, 0xFF,
    0x17, 0x1E, 0x27, 0xFF, 0x16, 0x1D, 0x26, 0xFF, 0x13, 0x1C, 0x26, 0xFF, 0x14, 0x1D, 0x27, 0xFF,
    0x17, 0x20, 0x2D, 0xFF, 0x18, 0x21, 0x2E, 0xFF, 0x12, 0x1B, 0x29, 0xFF, 0x13, 0x1C, 0x2A, 0xFF,
    0x26, 0x30, 0x41, 0xFF, 0x3C, 0x48, 0x5A, 0xFF, 0x56, 0x64, 0x77, 0xFF, 0x52, 0x63, 0x78, 0xFF,
    0x4E, 0x60, 0x77, 0xFF, 0x47, 0x5C, 0x72, 0xFF, 0x41, 0x57, 0x70, 0xFF, 0x3D, 0x54, 0x6E, 0xFF,
    0x3C, 0x53, 0x6D, 0xFF, 0x3A, 0x54, 0x6C, 0xFF, 0x3F, 0x57, 0x6D, 0xFF, 0x3D, 0x55, 0x6B, 0xFF,
    0x3A, 0x52, 0x68, 0xFF, 0x3A, 0x52, 0x68, 0xFF, 0x3C, 0x54, 0x6A, 0xFF, 0x3C, 0x54, 0x6A, 0xFF,
    0x3A, 0x52, 0x68, 0xFF, 0x38, 0x50, 0x66, 0xFF, 0x39, 0x51, 0x67, 0xFF, 0x39, 0x51, 0x67, 0xFF,
    0x3A, 0x52, 0x68, 0xFF, 0x3D, 0x55, 0x6B, 0xFF, 0x40, 0x58, 0x6E, 0xFF, 0x40, 0x58, 0x6E, 0xFF,
    0x3C, 0x54, 0x6A, 0xFF, 0x38, 0x50, 0x66, 0xFF, 0x3A, 0x53, 0x67, 0xFF, 0x3B, 0x54, 0x68, 0xFF,
    0x3C, 0x55, 0x69, 0xFF, 0x3D, 0x56, 0x6A, 0xFF, 0x3E, 0x57, 0x6B, 0xFF, 0x40, 0x59, 0x6D, 0xFF,
    0x41, 0x5A, 0x6E, 0xFF, 0x41, 0x5A, 0x6E, 0xFF, 0x3E, 0x58, 0x69, 0xFF, 0x3E, 0x58, 0x69, 0xFF,
    0x40, 0x80, 0xA9, 0xFF, 0x3F, 0x7F, 0xA8, 0xFF, 0x3E, 0x7C, 0xA4, 0xFF, 0x39, 0x74, 0x9B, 0xFF,
    0x32, 0x68, 0x8B, 0xFF, 0x29, 0x58, 0x78, 0xFF, 0x22, 0x4A, 0x67, 0xFF, 0x20, 0x40, 0x5D, 0xFF,
    0x22, 0x3B, 0x55, 0xFF, 0x26, 0x3B, 0x51, 0xFF, 0x2B, 0x39, 0x4F, 0xFF, 0x2C, 0x37, 0x4B, 0xFF,
    0x2A, 0x36, 0x48, 0xFF, 0x29, 0x36, 0x46, 0xFF, 0x28, 0x35, 0x45, 0xFF, 0x27, 0x34, 0x44, 0xFF,
    0x2E, 0x34, 0x47, 0xFF, 0x2F, 0x33, 0x46, 0xFF, 0x2E, 0x32, 0x44, 0xFF, 0x2B, 0x30, 0x3F, 0xFF,
    0x2A, 0x2D, 0x3C, 0xFF, 0x27, 0x2A, 0x38, 0xFF, 0x24, 0x28, 0x33, 0xFF, 0x22, 0x27, 0x30, 0xFF,
    0x24, 0x26, 0x30, 0xFF, 0x24, 0x26, 0x31, 0xFF, 0x24, 0x25, 0x33, 0xFF, 0x25, 0x25, 0x35, 0xFF,
    0x25, 0x25, 0x37, 0xFF, 0x26, 0x26, 0x38, 0xFF, 0x26, 0x25, 0x39, 0xFF, 0x26, 0x26, 0x38, 0xFF,
    0x29, 0x29, 0x39, 0xFF, 0x29, 0x2A, 0x38, 0xFF, 0x2A, 0x2A, 0x3A, 0xFF, 0x2B, 0x2C, 0x3A, 0xFF,
    0x2C, 0x2C, 0x3C, 0xFF, 0x2D, 0x2E, 0x3C, 0xFF, 0x2D, 0x2E, 0x3C, 0xFF, 0x2D, 0x2E, 0x3C, 0xFF,
    0x2D, 0x2E, 0x3C, 0xFF, 0x2D, 0x2E, 0x3C, 0xFF, 0x2D, 0x2E, 0x3C, 0xFF, 0x2D, 0x2E, 0x3C, 0xFF,
    0x2D, 0x2E, 0x3C, 0xFF, 0x2D, 0x2E, 0x3C, 0xFF, 0x2C, 0x2D, 0x3B, 0xFF, 0x2C, 0x2D, 0x3B, 0xFF,
    0x2C, 0x2E, 0x39, 0xFF, 0x2C, 0x2E, 0x39, 0xFF, 0x2C, 0x2E, 0x39, 0xFF, 0x2C, 0x2E, 0x39, 0xFF,
    0x2D, 0x2F, 0x3A, 0xFF, 0x2D, 0x2F, 0x3A, 0xFF, 0x2D, 0x2F, 0x3A, 0xFF, 0x2D, 0x2F, 0x3A, 0xFF,
    0x2F, 0x31, 0x3C, 0xFF, 0x2F, 0x31, 0x3C, 0xFF, 0x2F, 0x31, 0x3B, 0xFF, 0x30, 0x32, 0x3C, 0xFF,
    0x31, 0x33, 0x3D, 0xFF, 0x32, 0x34, 0x3E, 0xFF, 0x33, 0x35, 0x3F, 0xFF, 0x33, 0x35, 0x3F, 0xFF,
    0x31, 0x33, 0x3D, 0xFF, 0x32, 0x34, 0x3E, 0xFF, 0x32, 0x34, 0x3E, 0xFF, 0x32, 0x34, 0x3E, 0xFF,
    0x30, 0x35, 0x3E, 0xFF, 0x2E, 0x33, 0x3C, 0xFF, 0x2C, 0x31, 0x3A, 0xFF, 0x2B, 0x30, 0x39, 0xFF,
    0x27, 0x2C, 0x35, 0xFF, 0x26, 0x2B, 0x34, 0xFF, 0x21, 0x28, 0x31, 0xFF, 0x1E, 0x25, 0x2E, 0xFF,
    0x1B, 0x22, 0x2B, 0xFF, 0x18, 0x1F, 0x28, 0xFF, 0x17, 0x1E, 0x27, 0xFF, 0x16, 0x1D, 0x26, 0xFF,
    0x15, 0x1E, 0x28, 0xFF, 0x12, 0x1B, 0x25, 0xFF, 0x12, 0x1A, 0x27, 0xFF, 0x14, 0x1C, 0x29, 0xFF,
    0x12, 0x1B, 0x29, 0xFF, 0x13, 0x1C, 0x2A, 0xFF, 0x1C, 0x26, 0x37, 0xFF, 0x26, 0x32, 0x44, 0xFF,
    0x48, 0x56, 0x69, 0xFF, 0x57, 0x65, 0x7B, 0xFF, 0x5C, 0x6C, 0x83, 0xFF, 0x5A, 0x6F, 0x85, 0xFF,
    0x58, 0x6E, 0x87, 0xFF, 0x48, 0x60, 0x78, 0xFF, 0x3C, 0x54, 0x6C, 0xFF, 0x3E, 0x56, 0x6E, 0xFF,
    0x3F, 0x5A, 0x6F, 0xFF, 0x3D, 0x58, 0x6C, 0xFF, 0x3C, 0x57, 0x6B, 0xFF, 0x3C, 0x57, 0x6B, 0xFF,
    0x3B, 0x56, 0x6A, 0xFF, 0x38, 0x53, 0x67, 0xFF, 0x37, 0x52, 0x66, 0xFF, 0x38, 0x53, 0x67, 0xFF,
    0x38, 0x53, 0x67, 0xFF, 0x38, 0x53, 0x67, 0xFF, 0x39, 0x54, 0x68, 0xFF, 0x3C, 0x57, 0x6B, 0xFF,
    0x3E, 0x59, 0x6D, 0xFF, 0x3E, 0x59, 0x6D, 0xFF, 0x3C, 0x57, 0x6B, 0xFF, 0x3A, 0x55, 0x69, 0xFF,
    0x35, 0x50, 0x64, 0xFF, 0x37, 0x52, 0x66, 0xFF, 0x3B, 0x56, 0x6A, 0xFF, 0x3D, 0x58, 0x6C, 0xFF,
    0x3D, 0x58, 0x6C, 0xFF, 0x3F, 0x5A, 0x6E, 0xFF, 0x41, 0x5C, 0x70, 0xFF, 0x42, 0x5D, 0x71, 0xFF,
    0x3E, 0x5A, 0x6B, 0xFF, 0x3E, 0x5A, 0x6B, 0xFF, 0x41, 0x73, 0x97, 0xFF, 0x3C, 0x6E, 0x92, 0xFF,
    0x36, 0x64, 0x86, 0xFF, 0x2C, 0x59, 0x7A, 0xFF, 0x25, 0x4F, 0x6C, 0xFF, 0x20, 0x45, 0x61, 0xFF,
    0x20, 0x3F, 0x58, 0xFF, 0x21, 0x3B, 0x53, 0xFF, 0x24, 0x39, 0x4F, 0xFF, 0x27, 0x38, 0x4B, 0xFF,
    0x29, 0x37, 0x49, 0xFF, 0x28, 0x37, 0x47, 0xFF, 0x28, 0x35, 0x45, 0xFF, 0x27, 0x34, 0x42, 0xFF,
    0x25, 0x35, 0x42, 0xFF, 0x27, 0x34, 0x42, 0xFF, 0x2A, 0x30, 0x43, 0xFF, 0x2C, 0x30, 0x43, 0xFF,
    0x2A, 0x2E, 0x41, 0xFF, 0x28, 0x2C, 0x3E, 0xFF, 0x28, 0x2B, 0x3A, 0xFF, 0x25, 0x28, 0x36, 0xFF,
    0x23, 0x27, 0x32, 0xFF, 0x22, 0x27, 0x30, 0xFF, 0x25, 0x27, 0x32, 0xFF, 0x25, 0x27, 0x32, 0xFF,
    0x26, 0x27, 0x35, 0xFF, 0x26, 0x26, 0x36, 0xFF, 0x27, 0x27, 0x37, 0xFF, 0x28, 0x28, 0x3A, 0xFF,
    0x28, 0x27, 0x3B, 0xFF, 0x28, 0x28, 0x3A, 0xFF, 0x2A, 0x2A, 0x3A, 0xFF, 0x2A, 0x2B, 0x39, 0xFF,
    0x2B, 0x2C, 0x3A, 0xFF, 0x2C, 0x2D, 0x3B, 0xFF, 0x2C, 0x2D, 0x3B, 0xFF, 0x2D, 0x2E, 0x3C, 0xFF,
    0x2D, 0x2E, 0x3C, 0xFF, 0x2E, 0x2F, 0x3D, 0xFF, 0x2D, 0x2E, 0x3C, 0xFF, 0x2D, 0x2E, 0x3C, 0xFF,
    0x2E, 0x2F, 0x3D, 0xFF, 0x2E, 0x2F, 0x3D, 0xFF, 0x2E, 0x2F, 0x3D, 0xFF, 0x2E, 0x2F, 0x3D, 0xFF,
    0x2D, 0x2E, 0x3C, 0xFF, 0x2D, 0x2E, 0x3C, 0xFF, 0x2C, 0x2E, 0x39, 0xFF, 0x2C, 0x2E, 0x39, 0xFF,
    0x2C, 0x2E, 0x39, 0xFF, 0x2D, 0x2F, 0x3A, 0xFF, 0x2D, 0x2F, 0x3A, 0xFF, 0x2D, 0x2F, 0x3A, 0xFF,
    0x2D, 0x2F, 0x3A, 0xFF, 0x2D, 0x2F, 0x3A, 0xFF, 0x2F, 0x31, 0x3C, 0xFF, 0x2F, 0x31, 0x3C, 0xFF,
    0x2F, 0x31, 0x3B, 0xFF, 0x30, 0x32, 0x3C, 0xFF, 0x30, 0x32, 0x3C, 0xFF, 0x31, 0x33, 0x3D, 0xFF,
    0x32, 0x34, 0x3E, 0xFF, 0x33, 0x35, 0x3F, 0xFF, 0x31, 0x33, 0x3D, 0xFF, 0x32, 0x34, 0x3E, 0xFF,
    0x32, 0x34, 0x3E, 0xFF, 0x32, 0x34, 0x3E, 0xFF, 0x2F, 0x34, 0x3D, 0xFF, 0x2E, 0x33, 0x3C, 0xFF,
    0x2C, 0x31, 0x3A, 0xFF, 0x2B, 0x30, 0x39, 0xFF, 0x27, 0x2C, 0x35, 0xFF, 0x26, 0x2B, 0x34, 0xFF,
    0x21, 0x28, 0x31, 0xFF, 0x1E, 0x25, 0x2E, 0xFF, 0x1B, 0x22, 0x2B, 0xFF, 0x19, 0x20, 0x29, 0xFF,
    0x17, 0x1E, 0x27, 0xFF, 0x17, 0x1E, 0x27, 0xFF, 0x17, 0x20, 0x2A, 0xFF, 0x13, 0x1C, 0x26, 0xFF,
    0x12, 0x1A, 0x27, 0xFF, 0x14, 0x1C, 0x29, 0xFF, 0x12, 0x1B, 0x29, 0xFF, 0x12, 0x1B, 0x29, 0xFF,
    0x17, 0x21, 0x32, 0xFF, 0x21, 0x2B, 0x3C, 0xFF, 0x3F, 0x4B, 0x5D, 0xFF, 0x4B, 0x5A, 0x6D, 0xFF,
    0x52, 0x63, 0x78, 0xFF, 0x52, 0x64, 0x7B, 0xFF, 0x53, 0x68, 0x7E, 0xFF, 0x49, 0x5F, 0x78, 0xFF,
    0x41, 0x57, 0x70, 0xFF, 0x43, 0x5B, 0x71, 0xFF, 0x40, 0x5B, 0x6F, 0xFF, 0x3E, 0x59, 0x6D, 0xFF,
    0x3D, 0x58, 0x6C, 0xFF, 0x3D, 0x58, 0x6C, 0xFF, 0x3B, 0x56, 0x6A, 0xFF, 0x38, 0x53, 0x67, 0xFF,
    0x36, 0x51, 0x65, 0xFF, 0x37, 0x52, 0x66, 0xFF, 0x38, 0x53, 0x67, 0xFF, 0x38, 0x53, 0x67, 0xFF,
    0x3A, 0x55, 0x69, 0xFF, 0x3C, 0x57, 0x6B, 0xFF, 0x3E, 0x59, 0x6D, 0xFF, 0x3E, 0x59, 0x6D, 0xFF,
    0x3D, 0x58, 0x6C, 0xFF, 0x3B, 0x56, 0x6A, 0xFF, 0x39, 0x54, 0x68, 0xFF, 0x3A, 0x55, 0x69, 0xFF,
    0x3C, 0x57, 0x6B, 0xFF, 0x3C, 0x57, 0x6B, 0xFF, 0x3D, 0x58, 0x6C, 0xFF, 0x3F, 0x5A, 0x6E, 0xFF,
    0x41, 0x5C, 0x70, 0xFF, 0x44, 0x5F, 0x73, 0xFF, 0x3F, 0x5B, 0x6C, 0xFF, 0x3F, 0x5B, 0x6C, 0xFF,
    0x31, 0x55, 0x73, 0xFF, 0x2B, 0x4F, 0x6D, 0xFF, 0x26, 0x46, 0x63, 0xFF, 0x1F, 0x3D, 0x58, 0xFF,
    0x1D, 0x38, 0x52, 0xFF, 0x1E, 0x38, 0x50, 0xFF, 0x24, 0x39, 0x4F, 0xFF, 0x28, 0x3B, 0x50, 0xFF,
    0x29, 0x38, 0x4B, 0xFF, 0x29, 0x37, 0x49, 0xFF, 0x2A, 0x37, 0x47, 0xFF, 0x29, 0x36, 0x44, 0xFF,
    0x28, 0x35, 0x43, 0xFF, 0x27, 0x35, 0x41, 0xFF, 0x27, 0x35, 0x41, 0xFF, 0x29, 0x34, 0x42, 0xFF,
    0x26, 0x2C, 0x3F, 0xFF, 0x27, 0x2B, 0x3E, 0xFF, 0x26, 0x2A, 0x3D, 0xFF, 0x24, 0x28, 0x3A, 0xFF,
    0x23, 0x28, 0x37, 0xFF, 0x21, 0x27, 0x34, 0xFF, 0x23, 0x26, 0x34, 0xFF, 0x22, 0x26, 0x31, 0xFF,
    0x27, 0x28, 0x36, 0xFF, 0x27, 0x28, 0x36, 0xFF, 0x28, 0x29, 0x37, 0xFF, 0x29, 0x29, 0x39, 0xFF,
    0x2B, 0x2A, 0x3A, 0xFF, 0x2C, 0x2B, 0x3B, 0xFF, 0x2C, 0x2A, 0x3D, 0xFF, 0x2D, 0x2C, 0x3C, 0xFF,
    0x2C, 0x2D, 0x3B, 0xFF, 0x2C, 0x2E, 0x39, 0xFF, 0x2C, 0x2E, 0x39, 0xFF, 0x2D, 0x2F, 0x3A, 0xFF,
    0x2D, 0x2F, 0x3A, 0xFF, 0x2E, 0x30, 0x3B, 0xFF, 0x2E, 0x2F, 0x3D, 0xFF, 0x2E, 0x2F, 0x3D, 0xFF,
    0x2D, 0x30, 0x3E, 0xFF, 0x2D, 0x30, 0x3E, 0xFF, 0x2D, 0x30, 0x3E, 0xFF, 0x2D, 0x30, 0x3E, 0xFF,
    0x2D, 0x30, 0x3E, 0xFF, 0x2D, 0x30, 0x3E, 0xFF, 0x2D, 0x30, 0x3E, 0xFF, 0x2D, 0x30, 0x3E, 0xFF,
    0x2D, 0x2F, 0x3A, 0xFF, 0x2D, 0x2F, 0x3A, 0xFF, 0x2D, 0x2F, 0x3A, 0xFF, 0x2D, 0x2F, 0x3A, 0xFF,
    0x2D, 0x2F, 0x3A, 0xFF, 0x2E, 0x30, 0x3B, 0xFF, 0x2E, 0x30, 0x3B, 0xFF, 0x2E, 0x30, 0x3B, 0xFF,
    0x2F, 0x31, 0x3C, 0xFF, 0x2F, 0x31, 0x3C, 0xFF, 0x2F, 0x31, 0x3C, 0xFF, 0x2F, 0x31, 0x3C, 0xFF,
    0x30, 0x32, 0x3D, 0xFF, 0x31, 0x33, 0x3E, 0xFF, 0x32, 0x34, 0x3F, 0xFF, 0x33, 0x35, 0x40, 0xFF,
    0x31, 0x33, 0x3D, 0xFF, 0x31, 0x33, 0x3D, 0xFF, 0x32, 0x34, 0x3E, 0xFF, 0x32, 0x34, 0x3E, 0xFF,
    0x2F, 0x34, 0x3D, 0xFF, 0x2E, 0x33, 0x3C, 0xFF, 0x2C, 0x31, 0x3A, 0xFF, 0x2B, 0x30, 0x39, 0xFF,
    0x28, 0x2C, 0x37, 0xFF, 0x26, 0x2A, 0x35, 0xFF, 0x24, 0x28, 0x33, 0xFF, 0x21, 0x25, 0x30, 0xFF,
    0x1C, 0x22, 0x2D, 0xFF, 0x1A, 0x20, 0x2B, 0xFF, 0x18, 0x1E, 0x29, 0xFF, 0x17, 0x1D, 0x28, 0xFF,
    0x18, 0x21, 0x2B, 0xFF, 0x14, 0x1D, 0x27, 0xFF, 0x13, 0x1C, 0x26, 0xFF, 0x14, 0x1D, 0x27, 0xFF,
    0x13, 0x1C, 0x29, 0xFF, 0x12, 0x1B, 0x29, 0xFF, 0x13, 0x1D, 0x2E, 0xFF, 0x19, 0x23, 0x34, 0xFF,
    0x2D, 0x39, 0x4B, 0xFF, 0x3D, 0x4B, 0x5E, 0xFF, 0x49, 0x58, 0x6B, 0xFF, 0x49, 0x5C, 0x71, 0xFF,
    0x4B, 0x60, 0x76, 0xFF, 0x48, 0x5F, 0x75, 0xFF, 0x45, 0x5C, 0x72, 0xFF, 0x46, 0x5E, 0x74, 0xFF,
    0x3F, 0x5A, 0x6E, 0xFF, 0x3D, 0x58, 0x6C, 0xFF, 0x3C, 0x57, 0x6B, 0xFF, 0x3C, 0x57, 0x6B, 0xFF,
    0x3A, 0x55, 0x69, 0xFF, 0x37, 0x52, 0x66, 0xFF, 0x36, 0x51, 0x65, 0xFF, 0x37, 0x52, 0x66, 0xFF,
    0x39, 0x54, 0x68, 0xFF, 0x39, 0x54, 0x68, 0xFF, 0x3B, 0x56, 0x6A, 0xFF, 0x3D, 0x58, 0x6C, 0xFF,
    0x3F, 0x5A, 0x6E, 0xFF, 0x3F, 0x5A, 0x6E, 0xFF, 0x3D, 0x58, 0x6C, 0xFF, 0x3B, 0x56, 0x6A, 0xFF,
    0x3D, 0x58, 0x6C, 0xFF, 0x3D, 0x58, 0x6C, 0xFF, 0x3D, 0x58, 0x6C, 0xFF, 0x3D, 0x58, 0x6C, 0xFF,
    0x3D, 0x58, 0x6C, 0xFF, 0x3F, 0x5A, 0x6E, 0xFF, 0x42, 0x5D, 0x71, 0xFF, 0x44, 0x5F, 0x73, 0xFF,
    0x3E, 0x5C, 0x6D, 0xFF, 0x3E, 0x5C, 0x6D, 0xFF, 0x21, 0x3A, 0x54, 0xFF, 0x22, 0x3A, 0x52, 0xFF,
    0x21, 0x37, 0x50, 0xFF, 0x21, 0x36, 0x4C, 0xFF, 0x25, 0x36, 0x4B, 0xFF, 0x28, 0x36, 0x4C, 0xFF,
    0x2B, 0x39, 0x4C, 0xFF, 0x2E, 0x3A, 0x4C, 0xFF, 0x2F, 0x39, 0x4A, 0xFF, 0x2E, 0x38, 0x49, 0xFF,
    0x2D, 0x38, 0x46, 0xFF, 0x2B, 0x36, 0x44, 0xFF, 0x29, 0x35, 0x41, 0xFF, 0x28, 0x34, 0x40, 0xFF,
    0x27, 0x33, 0x3F, 0xFF, 0x27, 0x32, 0x40, 0xFF, 0x23, 0x2A, 0x3B, 0xFF, 0x24, 0x28, 0x3B, 0xFF,
    0x23, 0x27, 0x3A, 0xFF, 0x22, 0x26, 0x38, 0xFF, 0x22, 0x26, 0x38, 0xFF, 0x22, 0x27, 0x36, 0xFF,
    0x24, 0x27, 0x36, 0xFF, 0x25, 0x28, 0x36, 0xFF, 0x2A, 0x2A, 0x3A, 0xFF, 0x2A, 0x2A, 0x3A, 0xFF,
    0x2B, 0x2B, 0x3B, 0xFF, 0x2C, 0x2C, 0x3C, 0xFF, 0x2E, 0x2D, 0x3D, 0xFF, 0x2E, 0x2D, 0x3D, 0xFF,
    0x2F, 0x2E, 0x3E, 0xFF, 0x2F, 0x2E, 0x3E, 0xFF, 0x2D, 0x2E, 0x3C, 0xFF, 0x2D, 0x2F, 0x3A, 0xFF,
    0x2E, 0x30, 0x3B, 0xFF, 0x2E, 0x30, 0x3B, 0xFF, 0x2E, 0x30, 0x3B, 0xFF, 0x2E, 0x30, 0x3B, 0xFF,
    0x2E, 0x2F, 0x3D, 0xFF, 0x2C, 0x2F, 0x3D, 0xFF, 0x2D, 0x30, 0x3E, 0xFF, 0x2D, 0x30, 0x3E, 0xFF,
    0x2C, 0x2F, 0x3D, 0xFF, 0x2C, 0x2F, 0x3D, 0xFF, 0x2C, 0x2F, 0x3D, 0xFF, 0x2D, 0x30, 0x3E, 0xFF,
    0x2D, 0x30, 0x3E, 0xFF, 0x2E, 0x31, 0x3F, 0xFF, 0x2E, 0x30, 0x3B, 0xFF, 0x2E, 0x30, 0x3B, 0xFF,
    0x2E, 0x30, 0x3B, 0xFF, 0x2E, 0x30, 0x3B, 0xFF, 0x2E, 0x30, 0x3B, 0xFF, 0x2E, 0x30, 0x3B, 0xFF,
    0x2E, 0x30, 0x3B, 0xFF, 0x2E, 0x30, 0x3B, 0xFF, 0x2F, 0x31, 0x3C, 0xFF, 0x2F, 0x31, 0x3C, 0xFF,
    0x2F, 0x31, 0x3C, 0xFF, 0x2F, 0x31, 0x3C, 0xFF, 0x30, 0x32, 0x3D, 0xFF, 0x31, 0x33, 0x3E, 0xFF,
    0x32, 0x34, 0x3F, 0xFF, 0x32, 0x34, 0x3F, 0xFF, 0x31, 0x33, 0x3D, 0xFF, 0x31, 0x33, 0x3D, 0xFF,
    0x32, 0x34, 0x3E, 0xFF, 0x32, 0x34, 0x3E, 0xFF, 0x2F, 0x34, 0x3D, 0xFF, 0x2E, 0x33, 0x3C, 0xFF,
    0x2C, 0x31, 0x3A, 0xFF, 0x2B, 0x30, 0x39, 0xFF, 0x28, 0x2C, 0x37, 0xFF, 0x26, 0x2A, 0x35, 0xFF,
    0x24, 0x28, 0x33, 0xFF, 0x22, 0x26, 0x31, 0xFF, 0x1D, 0x23, 0x2E, 0xFF, 0x1B, 0x21, 0x2C, 0xFF,
    0x19, 0x1F, 0x2A, 0xFF, 0x18, 0x1E, 0x29, 0xFF, 0x17, 0x20, 0x2A, 0xFF, 0x14, 0x1D, 0x27, 0xFF,
    0x13, 0x1C, 0x26, 0xFF, 0x15, 0x1E, 0x28, 0xFF, 0x15, 0x1E, 0x2B, 0xFF, 0x13, 0x1C, 0x29, 0xFF,
    0x14, 0x1D, 0x2B, 0xFF, 0x14, 0x1E, 0x2F, 0xFF, 0x1E, 0x2A, 0x3C, 0xFF, 0x32, 0x40, 0x52, 0xFF,
    0x45, 0x54, 0x67, 0xFF, 0x4B, 0x5C, 0x6F, 0xFF, 0x4A, 0x5D, 0x72, 0xFF, 0x48, 0x5D, 0x73, 0xFF,
    0x47, 0x5C, 0x72, 0xFF, 0x44, 0x5B, 0x71, 0xFF, 0x3D, 0x56, 0x6A, 0xFF, 0x39, 0x54, 0x68, 0xFF,
    0x38, 0x53, 0x67, 0xFF, 0x39, 0x54, 0x68, 0xFF, 0x38, 0x53, 0x67, 0xFF, 0x36, 0x51, 0x65, 0xFF,
    0x36, 0x51, 0x65, 0xFF, 0x37, 0x52, 0x66, 0xFF, 0x39, 0x54, 0x68, 0xFF, 0x3B, 0x56, 0x6A, 0xFF,
    0x3D, 0x58, 0x6C, 0xFF, 0x3E, 0x59, 0x6D, 0xFF, 0x3F, 0x5A, 0x6E, 0xFF, 0x3F, 0x5A, 0x6E, 0xFF,
    0x3E, 0x59, 0x6D, 0xFF, 0x3D, 0x58, 0x6C, 0xFF, 0x3F, 0x5A, 0x6E, 0xFF, 0x3F, 0x5A, 0x6E, 0xFF,
    0x3E, 0x59, 0x6D, 0xFF, 0x3E, 0x59, 0x6D, 0xFF, 0x3E, 0x59, 0x6D, 0xFF, 0x40, 0x5B, 0x6F, 0xFF,
    0x41, 0x5C, 0x70, 0xFF, 0x42, 0x5D, 0x71, 0xFF, 0x3E, 0x5C, 0x6D, 0xFF, 0x3E, 0x5C, 0x6D, 0xFF,
    0x23, 0x36, 0x4B, 0xFF, 0x27, 0x38, 0x4D, 0xFF, 0x2A, 0x38, 0x4E, 0xFF, 0x2C, 0x3A, 0x4D, 0xFF,
    0x30, 0x3A, 0x4C, 0xFF, 0x30, 0x37, 0x4A, 0xFF, 0x2F, 0x36, 0x47, 0xFF, 0x2E, 0x35, 0x46, 0xFF,
    0x30, 0x37, 0x46, 0xFF, 0x2F, 0x36, 0x45, 0xFF, 0x2C, 0x35, 0x43, 0xFF, 0x29, 0x32, 0x40, 0xFF,
    0x27, 0x30, 0x3E, 0xFF, 0x26, 0x2F, 0x3D, 0xFF, 0x25, 0x2E, 0x3C, 0xFF, 0x24, 0x2D, 0x3B, 0xFF,
    0x23, 0x2A, 0x3B, 0xFF, 0x22, 0x29, 0x3A, 0xFF, 0x22, 0x29, 0x3A, 0xFF, 0x22, 0x29, 0x3A, 0xFF,
    0x24, 0x28, 0x3A, 0xFF, 0x25, 0x29, 0x3B, 0xFF, 0x28, 0x2A, 0x3C, 0xFF, 0x28, 0x2B, 0x3A, 0xFF,
    0x2B, 0x2D, 0x3F, 0xFF, 0x2B, 0x2E, 0x3D, 0xFF, 0x2E, 0x2E, 0x3E, 0xFF, 0x2E, 0x2E, 0x3E, 0xFF,
    0x30, 0x30, 0x3E, 0xFF, 0x30, 0x30, 0x3E, 0xFF, 0x31, 0x31, 0x3F, 0xFF, 0x31, 0x31, 0x3F, 0xFF,
    0x2F, 0x31, 0x3C, 0xFF, 0x2F, 0x31, 0x3C, 0xFF, 0x2D, 0x31, 0x3C, 0xFF, 0x2D, 0x31, 0x3C, 0xFF,
    0x2C, 0x30, 0x3B, 0xFF, 0x2C, 0x30, 0x3B, 0xFF, 0x2C, 0x30, 0x3B, 0xFF, 0x2C, 0x30, 0x3B, 0xFF,
    0x2B, 0x2E, 0x3C, 0xFF, 0x29, 0x2F, 0x3C, 0xFF, 0x28, 0x2E, 0x3B, 0xFF, 0x27, 0x2D, 0x3A, 0xFF,
    0x27, 0x2C, 0x3B, 0xFF, 0x28, 0x2D, 0x3C, 0xFF, 0x2A, 0x2F, 0x3E, 0xFF, 0x2D, 0x30, 0x3E, 0xFF,
    0x2F, 0x31, 0x3C, 0xFF, 0x2F, 0x31, 0x3C, 0xFF, 0x2F, 0x31, 0x3C, 0xFF, 0x2F, 0x31, 0x3C, 0xFF,
    0x2F, 0x31, 0x3C, 0xFF, 0x2F, 0x31, 0x3C, 0xFF, 0x2F, 0x31, 0x3C, 0xFF, 0x2F, 0x31, 0x3C, 0xFF,
    0x2F, 0x31, 0x3C, 0xFF, 0x2F, 0x31, 0x3C, 0xFF, 0x2F, 0x31, 0x3C, 0xFF, 0x2F, 0x31, 0x3C, 0xFF,
    0x30, 0x32, 0x3D, 0xFF, 0x30, 0x32, 0x3D, 0xFF, 0x31, 0x33, 0x3E, 0xFF, 0x32, 0x34, 0x3F, 0xFF,
    0x31, 0x33, 0x3D, 0xFF, 0x31, 0x33, 0x3D, 0xFF, 0x32, 0x34, 0x3E, 0xFF, 0x32, 0x34, 0x3E, 0xFF,
    0x2F, 0x34, 0x3D, 0xFF, 0x2D, 0x32, 0x3B, 0xFF, 0x2C, 0x30, 0x3B, 0xFF, 0x2A, 0x2E, 0x39, 0xFF,
    0x28, 0x2C, 0x37, 0xFF, 0x27, 0x2B, 0x36, 0xFF, 0x25, 0x29, 0x34, 0xFF, 0x23, 0x27, 0x32, 0xFF,
    0x1E, 0x24, 0x31, 0xFF, 0x1C, 0x22, 0x2F, 0xFF, 0x1A, 0x20, 0x2D, 0xFF, 0x19, 0x1F, 0x2A, 0xFF,
    0x15, 0x1E, 0x28, 0xFF, 0x14, 0x1D, 0x26, 0xFF, 0x14, 0x1D, 0x27, 0xFF, 0x16, 0x1F, 0x29, 0xFF,
    0x17, 0x20, 0x2A, 0xFF, 0x16, 0x1F, 0x2C, 0xFF, 0x15, 0x1E, 0x2C, 0xFF, 0x13, 0x1E, 0x2C, 0xFF,
    0x15, 0x22, 0x32, 0xFF, 0x2A, 0x39, 0x49, 0xFF, 0x44, 0x54, 0x65, 0xFF, 0x4F, 0x60, 0x73, 0xFF,
    0x4B, 0x5F, 0x71, 0xFF, 0x46, 0x5B, 0x70, 0xFF, 0x43, 0x58, 0x6D, 0xFF, 0x3D, 0x55, 0x69, 0xFF,
    0x38, 0x51, 0x65, 0xFF, 0x35, 0x50, 0x64, 0xFF, 0x35, 0x50, 0x64, 0xFF, 0x37, 0x52, 0x66, 0xFF,
    0x38, 0x53, 0x67, 0xFF, 0x37, 0x52, 0x66, 0xFF, 0x37, 0x52, 0x66, 0xFF, 0x39, 0x54, 0x68, 0xFF,
    0x3A, 0x55, 0x69, 0xFF, 0x3C, 0x57, 0x6B, 0xFF, 0x3E, 0x59, 0x6D, 0xFF, 0x40, 0x5B, 0x6F, 0xFF,
    0x40, 0x5B, 0x6F, 0xFF, 0x3F, 0x5A, 0x6E, 0xFF, 0x3E, 0x59, 0x6D, 0xFF, 0x3E, 0x59, 0x6D, 0xFF,
    0x3E, 0x59, 0x6D, 0xFF, 0x3E, 0x59, 0x6D, 0xFF, 0x3F, 0x5A, 0x6E, 0xFF, 0x3F, 0x5A, 0x6E, 0xFF,
    0x40, 0x5B, 0x6F, 0xFF, 0x41, 0x5C, 0x70, 0xFF, 0x3F, 0x5D, 0x70, 0xFF, 0x3F, 0x5D, 0x70, 0xFF,
    0x41, 0x5F, 0x70, 0xFF, 0x41, 0x5F, 0x70, 0xFF, 0x2B, 0x39, 0x4C, 0xFF, 0x2B, 0x39, 0x4B, 0xFF,
    0x30, 0x3A, 0x4C, 0xFF, 0x32, 0x3A, 0x4B, 0xFF, 0x34, 0x38, 0x4A, 0xFF, 0x35, 0x37, 0x49, 0xFF,
    0x32, 0x35, 0x44, 0xFF, 0x31, 0x34, 0x43, 0xFF, 0x2D, 0x30, 0x3F, 0xFF, 0x2A, 0x2F, 0x3E, 0xFF,
    0x27, 0x2E, 0x3D, 0xFF, 0x25, 0x2C, 0x3B, 0xFF, 0x23, 0x2A, 0x39, 0xFF, 0x24, 0x28, 0x3A, 0xFF,
    0x23, 0x27, 0x39, 0xFF, 0x23, 0x27, 0x39, 0xFF, 0x24, 0x2B, 0x3A, 0xFF, 0x24, 0x2B, 0x3A, 0xFF,
    0x24, 0x2B, 0x3A, 0xFF, 0x25, 0x2C, 0x3D, 0xFF, 0x28, 0x2C, 0x3E, 0xFF, 0x28, 0x2C, 0x3E, 0xFF,
    0x2B, 0x2D, 0x3F, 0xFF, 0x2C, 0x2E, 0x40, 0xFF, 0x2E, 0x30, 0x42, 0xFF, 0x2E, 0x30, 0x42, 0xFF,
    0x30, 0x30, 0x40, 0xFF, 0x30, 0x30, 0x40, 0xFF, 0x31, 0x31, 0x3F, 0xFF, 0x31, 0x31, 0x3D, 0xFF,
    0x31, 0x31, 0x3D, 0xFF, 0x31, 0x32, 0x3C, 0xFF, 0x30, 0x32, 0x3D, 0xFF, 0x30, 0x32, 0x3D, 0xFF,
    0x2D, 0x31, 0x3C, 0xFF, 0x2D, 0x31, 0x3C, 0xFF, 0x2C, 0x30, 0x3B, 0xFF, 0x2C, 0x30, 0x3B, 0xFF,
    0x2C, 0x30, 0x3B, 0xFF, 0x2B, 0x2F, 0x3A, 0xFF, 0x27, 0x2D, 0x3A, 0xFF, 0x27, 0x2D, 0x3A, 0xFF,
    0x28, 0x2E, 0x3B, 0xFF, 0x29, 0x2F, 0x3C, 0xFF, 0x29, 0x2E, 0x3D, 0xFF, 0x29, 0x2E, 0x3D, 0xFF,
    0x29, 0x2E, 0x3D, 0xFF, 0x29, 0x2F, 0x3C, 0xFF, 0x2E, 0x31, 0x3F, 0xFF, 0x30, 0x32, 0x3D, 0xFF,
    0x30, 0x32, 0x3D, 0xFF, 0x30, 0x32, 0x3D, 0xFF, 0x30, 0x32, 0x3D, 0xFF, 0x2F, 0x31, 0x3C, 0xFF,
    0x2F, 0x31, 0x3C, 0xFF, 0x2F, 0x31, 0x3C, 0xFF, 0x2F, 0x31, 0x3C, 0xFF, 0x2F, 0x31, 0x3C, 0xFF,
    0x2F, 0x31, 0x3C, 0xFF, 0x2F, 0x31, 0x3C, 0xFF, 0x2F, 0x31, 0x3C, 0xFF, 0x30, 0x32, 0x3D, 0xFF,
    0x31, 0x33, 0x3E, 0xFF, 0x31, 0x33, 0x3E, 0xFF, 0x30, 0x32, 0x3C, 0xFF, 0x31, 0x33, 0x3D, 0xFF,
    0x31, 0x33, 0x3D, 0xFF, 0x32, 0x34, 0x3E, 0xFF, 0x2F, 0x34, 0x3D, 0xFF, 0x2D, 0x32, 0x3B, 0xFF,
    0x2B, 0x2F, 0x3A, 0xFF, 0x2A, 0x2E, 0x39, 0xFF, 0x28, 0x2C, 0x37, 0xFF, 0x27, 0x2B, 0x36, 0xFF,
    0x26, 0x2A, 0x35, 0xFF, 0x24, 0x28, 0x33, 0xFF, 0x1F, 0x25, 0x32, 0xFF, 0x1D, 0x23, 0x30, 0xFF,
    0x1B, 0x21, 0x2E, 0xFF, 0x19, 0x1F, 0x2A, 0xFF, 0x15, 0x1E, 0x28, 0xFF, 0x14, 0x1D, 0x26, 0xFF,
    0x15, 0x1E, 0x28, 0xFF, 0x16, 0x1F, 0x29, 0xFF, 0x17, 0x20, 0x2A, 0xFF, 0x18, 0x21, 0x2B, 0xFF,
    0x17, 0x20, 0x2D, 0xFF, 0x14, 0x1F, 0x2D, 0xFF, 0x14, 0x1E, 0x2F, 0xFF, 0x20, 0x2F, 0x3F, 0xFF,
    0x3D, 0x4B, 0x5D, 0xFF, 0x4D, 0x5F, 0x70, 0xFF, 0x4D, 0x5E, 0x71, 0xFF, 0x48, 0x5C, 0x6E, 0xFF,
    0x42, 0x57, 0x6C, 0xFF, 0x39, 0x51, 0x65, 0xFF, 0x38, 0x51, 0x65, 0xFF, 0x35, 0x50, 0x64, 0xFF,
    0x36, 0x51, 0x65, 0xFF, 0x38, 0x53, 0x67, 0xFF, 0x39, 0x54, 0x68, 0xFF, 0x38, 0x53, 0x67, 0xFF,
    0x39, 0x54, 0x68, 0xFF, 0x3B, 0x56, 0x6A, 0xFF, 0x3B, 0x56, 0x6A, 0xFF, 0x3D, 0x58, 0x6C, 0xFF,
    0x40, 0x5B, 0x6F, 0xFF, 0x41, 0x5C, 0x70, 0xFF, 0x41, 0x5C, 0x70, 0xFF, 0x40, 0x5B, 0x6F, 0xFF,
    0x3F, 0x5A, 0x6E, 0xFF, 0x3F, 0x5A, 0x6E, 0xFF, 0x3D, 0x58, 0x6C, 0xFF, 0x3D, 0x58, 0x6C, 0xFF,
    0x3E, 0x59, 0x6D, 0xFF, 0x40, 0x5B, 0x6F, 0xFF, 0x42, 0x5D, 0x71, 0xFF, 0x43, 0x5E, 0x72, 0xFF,
    0x40, 0x5E, 0x71, 0xFF, 0x40, 0x5E, 0x71, 0xFF, 0x46, 0x64, 0x75, 0xFF, 0x46, 0x64, 0x75, 0xFF,
    0x2B, 0x37, 0x49, 0xFF, 0x2B, 0x38, 0x48, 0xFF, 0x2E, 0x36, 0x47, 0xFF, 0x2F, 0x36, 0x45, 0xFF,
    0x32, 0x35, 0x44, 0xFF, 0x33, 0x33, 0x43, 0xFF, 0x33, 0x33, 0x43, 0xFF, 0x33, 0x33, 0x43, 0xFF,
    0x29, 0x2C, 0x3B, 0xFF, 0x27, 0x2C, 0x3B, 0xFF, 0x26, 0x2A, 0x3C, 0xFF, 0x26, 0x2A, 0x3C, 0xFF,
    0x26, 0x2A, 0x3C, 0xFF, 0x28, 0x29, 0x3D, 0xFF, 0x2A, 0x29, 0x3D, 0xFF, 0x28, 0x2A, 0x3C, 0xFF,
    0x28, 0x2D, 0x3C, 0xFF, 0x26, 0x2E, 0x3B, 0xFF, 0x27, 0x2F, 0x3C, 0xFF, 0x28, 0x2F, 0x3E, 0xFF,
    0x2B, 0x2F, 0x41, 0xFF, 0x2C, 0x30, 0x42, 0xFF, 0x2C, 0x30, 0x43, 0xFF, 0x2C, 0x30, 0x43, 0xFF,
    0x30, 0x31, 0x45, 0xFF, 0x30, 0x32, 0x44, 0xFF, 0x31, 0x31, 0x41, 0xFF, 0x31, 0x32, 0x40, 0xFF,
    0x31, 0x31, 0x3D, 0xFF, 0x30, 0x31, 0x3B, 0xFF, 0x30, 0x32, 0x3A, 0xFF, 0x2F, 0x31, 0x39, 0xFF,
    0x30, 0x32, 0x3C, 0xFF, 0x2E, 0x33, 0x3C, 0xFF, 0x2E, 0x32, 0x3D, 0xFF, 0x2D, 0x31, 0x3C, 0xFF,
    0x2C, 0x30, 0x3B, 0xFF, 0x2C, 0x30, 0x3B, 0xFF, 0x29, 0x2F, 0x3C, 0xFF, 0x29, 0x2F, 0x3C, 0xFF,
    0x27, 0x2D, 0x3A, 0xFF, 0x2A, 0x30, 0x3D, 0xFF, 0x2C, 0x33, 0x42, 0xFF, 0x2F, 0x36, 0x45, 0xFF,
    0x30, 0x37, 0x46, 0xFF, 0x2D, 0x34, 0x43, 0xFF, 0x2A, 0x31, 0x40, 0xFF, 0x29, 0x2F, 0x3C, 0xFF,
    0x2F, 0x32, 0x40, 0xFF, 0x31, 0x33, 0x3E, 0xFF, 0x31, 0x33, 0x3E, 0xFF, 0x30, 0x32, 0x3D, 0xFF,
    0x30, 0x32, 0x3D, 0xFF, 0x30, 0x32, 0x3D, 0xFF, 0x30, 0x32, 0x3D, 0xFF, 0x30, 0x32, 0x3D, 0xFF,
    0x2F, 0x31, 0x3C, 0xFF, 0x2F, 0x31, 0x3C, 0xFF, 0x2F, 0x30, 0x3E, 0xFF, 0x2F, 0x30, 0x3E, 0xFF,
    0x2F, 0x30, 0x3E, 0xFF, 0x30, 0x31, 0x3F, 0xFF, 0x31, 0x32, 0x40, 0xFF, 0x31, 0x33, 0x3E, 0xFF,
    0x30, 0x32, 0x3C, 0xFF, 0x31, 0x33, 0x3D, 0xFF, 0x31, 0x33, 0x3D, 0xFF, 0x31, 0x33, 0x3D, 0xFF,
    0x2F, 0x34, 0x3D, 0xFF, 0x2D, 0x32, 0x3B, 0xFF, 0x2B, 0x2F, 0x3A, 0xFF, 0x2A, 0x2E, 0x39, 0xFF,
    0x28, 0x2C, 0x37, 0xFF, 0x28, 0x2C, 0x37, 0xFF, 0x27, 0x2A, 0x38, 0xFF, 0x25, 0x28, 0x36, 0xFF,
    0x20, 0x26, 0x33, 0xFF, 0x1E, 0x24, 0x31, 0xFF, 0x1B, 0x21, 0x2E, 0xFF, 0x1A, 0x20, 0x2B, 0xFF,
    0x15, 0x1E, 0x28, 0xFF, 0x16, 0x1F, 0x28, 0xFF, 0x16, 0x1F, 0x28, 0xFF, 0x15, 0x1E, 0x27, 0xFF,
    0x15, 0x1E, 0x28, 0xFF, 0x16, 0x1F, 0x29, 0xFF, 0x16, 0x1F, 0x2C, 0xFF, 0x14, 0x20, 0x2C, 0xFF,
    0x15, 0x20, 0x2E, 0xFF, 0x14, 0x24, 0x31, 0xFF, 0x2B, 0x3A, 0x4A, 0xFF, 0x41, 0x54, 0x63, 0xFF,
    0x49, 0x5B, 0x6C, 0xFF, 0x49, 0x5D, 0x6E, 0xFF, 0x46, 0x5C, 0x6E, 0xFF, 0x3D, 0x55, 0x67, 0xFF,
    0x3E, 0x57, 0x6B, 0xFF, 0x3A, 0x55, 0x69, 0xFF, 0x3A, 0x55, 0x69, 0xFF, 0x3C, 0x57, 0x6B, 0xFF,
    0x3C, 0x57, 0x6B, 0xFF, 0x3B, 0x56, 0x6A, 0xFF, 0x3B, 0x56, 0x6A, 0xFF, 0x3C, 0x57, 0x6B, 0xFF,
    0x3C, 0x57, 0x6B, 0xFF, 0x3E, 0x59, 0x6D, 0xFF, 0x41, 0x5C, 0x70, 0xFF, 0x42, 0x5D, 0x71, 0xFF,
    0x41, 0x5C, 0x70, 0xFF, 0x40, 0x5B, 0x6F, 0xFF, 0x3F, 0x5A, 0x6E, 0xFF, 0x40, 0x5B, 0x6F, 0xFF,
    0x3E, 0x59, 0x6D, 0xFF, 0x3E, 0x59, 0x6D, 0xFF, 0x3E, 0x59, 0x6D, 0xFF, 0x40, 0x5B, 0x6F, 0xFF,
    0x41, 0x5F, 0x72, 0xFF, 0x43, 0x61, 0x74, 0xFF, 0x44, 0x62, 0x75, 0xFF, 0x43, 0x61, 0x74, 0xFF,
    0x4A, 0x68, 0x79, 0xFF, 0x4A, 0x68, 0x79, 0xFF, 0x2D, 0x37, 0x48, 0xFF, 0x2C, 0x37, 0x45, 0xFF,
    0x2D, 0x36, 0x44, 0xFF, 0x2E, 0x33, 0x42, 0xFF, 0x2E, 0x31, 0x40, 0xFF, 0x2F, 0x2F, 0x3F, 0xFF,
    0x2E, 0x2E, 0x3E, 0xFF, 0x2D, 0x2D, 0x3D, 0xFF, 0x28, 0x2B, 0x3A, 0xFF, 0x29, 0x2C, 0x3B, 0xFF,
    0x27, 0x2B, 0x3D, 0xFF, 0x28, 0x2C, 0x3E, 0xFF, 0x29, 0x2D, 0x3F, 0xFF, 0x2D, 0x2E, 0x42, 0xFF,
    0x30, 0x2F, 0x43, 0xFF, 0x2F, 0x31, 0x43, 0xFF, 0x29, 0x2F, 0x3C, 0xFF, 0x28, 0x30, 0x3D, 0xFF,
    0x29, 0x31, 0x3E, 0xFF, 0x2C, 0x31, 0x40, 0xFF, 0x2D, 0x32, 0x41, 0xFF, 0x2F, 0x31, 0x43, 0xFF,
    0x2F, 0x31, 0x43, 0xFF, 0x2F, 0x31, 0x43, 0xFF, 0x31, 0x33, 0x45, 0xFF, 0x33, 0x33, 0x45, 0xFF,
    0x32, 0x32, 0x42, 0xFF, 0x31, 0x32, 0x40, 0xFF, 0x30, 0x32, 0x3D, 0xFF, 0x2F, 0x31, 0x3B, 0xFF,
    0x2F, 0x31, 0x39, 0xFF, 0x2D, 0x30, 0x38, 0xFF, 0x2F, 0x34, 0x3D, 0xFF, 0x2C, 0x32, 0x3D, 0xFF,
    0x2C, 0x32, 0x3F, 0xFF, 0x2B, 0x31, 0x3E, 0xFF, 0x2A, 0x30, 0x3D, 0xFF, 0x29, 0x2F, 0x3C, 0xFF,
    0x27, 0x2E, 0x3D, 0xFF, 0x26, 0x2D, 0x3C, 0xFF, 0x27, 0x2E, 0x3D, 0xFF, 0x2B, 0x34, 0x42, 0xFF,
    0x32, 0x3A, 0x4B, 0xFF, 0x37, 0x3F, 0x50, 0xFF, 0x38, 0x40, 0x51, 0xFF, 0x34, 0x3C, 0x4D, 0xFF,
    0x2D, 0x35, 0x46, 0xFF, 0x29, 0x32, 0x40, 0xFF, 0x2D, 0x33, 0x40, 0xFF, 0x2F, 0x33, 0x3E, 0xFF,
    0x2F, 0x33, 0x3E, 0xFF, 0x2F, 0x33, 0x3E, 0xFF, 0x2E, 0x32, 0x3D, 0xFF, 0x2E, 0x32, 0x3D, 0xFF,
    0x2E, 0x32, 0x3D, 0xFF, 0x30, 0x32, 0x3D, 0xFF, 0x2F, 0x31, 0x3C, 0xFF, 0x2F, 0x31, 0x3C, 0xFF,
    0x2F, 0x30, 0x3E, 0xFF, 0x2F, 0x30, 0x3E, 0xFF, 0x2F, 0x30, 0x3E, 0xFF, 0x30, 0x31, 0x3F, 0xFF,
    0x30, 0x31, 0x3F, 0xFF, 0x31, 0x32, 0x40, 0xFF, 0x30, 0x32, 0x3D, 0xFF, 0x2F, 0x34, 0x3D, 0xFF,
    0x31, 0x33, 0x3D, 0xFF, 0x2F, 0x34, 0x3D, 0xFF, 0x2F, 0x34, 0x3D, 0xFF, 0x2D, 0x32, 0x3B, 0xFF,
    0x2B, 0x2F, 0x3A, 0xFF, 0x2A, 0x2E, 0x39, 0xFF, 0x28, 0x2C, 0x37, 0xFF, 0x28, 0x2C, 0x37, 0xFF,
    0x27, 0x2A, 0x38, 0xFF, 0x25, 0x28, 0x36, 0xFF, 0x21, 0x27, 0x34, 0xFF, 0x1E, 0x24, 0x31, 0xFF,
    0x1C, 0x22, 0x2F, 0xFF, 0x1A, 0x20, 0x2B, 0xFF, 0x16, 0x1F, 0x29, 0xFF, 0x17, 0x20, 0x29, 0xFF,
    0x17, 0x20, 0x29, 0xFF, 0x15, 0x1E, 0x28, 0xFF, 0x13, 0x1C, 0x26, 0xFF, 0x14, 0x1D, 0x27, 0xFF,
    0x14, 0x1D, 0x2A, 0xFF, 0x15, 0x1E, 0x2B, 0xFF, 0x16, 0x21, 0x2F, 0xFF, 0x0D, 0x1A, 0x28, 0xFF,
    0x1B, 0x2A, 0x3A, 0xFF, 0x38, 0x48, 0x58, 0xFF, 0x45, 0x57, 0x68, 0xFF, 0x4A, 0x5E, 0x6F, 0xFF,
    0x4C, 0x60, 0x72, 0xFF, 0x44, 0x5A, 0x6C, 0xFF, 0x43, 0x5C, 0x70, 0xFF, 0x40, 0x5B, 0x6F, 0xFF,
    0x3F, 0x5A, 0x6E, 0xFF, 0x40, 0x5B, 0x6F, 0xFF, 0x3F, 0x5A, 0x6E, 0xFF, 0x3A, 0x58, 0x6B, 0xFF,
    0x3C, 0x57, 0x6B, 0xFF, 0x3B, 0x59, 0x6C, 0xFF, 0x3C, 0x57, 0x6B, 0xFF, 0x3F, 0x5A, 0x6E, 0xFF,
    0x42, 0x5D, 0x71, 0xFF, 0x43, 0x5E, 0x72, 0xFF, 0x42, 0x5D, 0x71, 0xFF, 0x40, 0x5B, 0x6F, 0xFF,
    0x40, 0x5B, 0x6F, 0xFF, 0x40, 0x5B, 0x6F, 0xFF, 0x40, 0x5B, 0x6F, 0xFF, 0x3E, 0x59, 0x6D, 0xFF,
    0x3E, 0x59, 0x6D, 0xFF, 0x3F, 0x5A, 0x6E, 0xFF, 0x41, 0x5F, 0x72, 0xFF, 0x44, 0x62, 0x75, 0xFF,
    0x46, 0x64, 0x77, 0xFF, 0x47, 0x65, 0x78, 0xFF, 0x4B, 0x69, 0x7C, 0xFF, 0x4B, 0x69, 0x7A, 0xFF,
    0x2C, 0x35, 0x43, 0xFF, 0x2A, 0x33, 0x40, 0xFF, 0x28, 0x31, 0x3E, 0xFF, 0x27, 0x2F, 0x3C, 0xFF,
    0x28, 0x2D, 0x3C, 0xFF, 0x28, 0x2D, 0x3C, 0xFF, 0x2A, 0x2C, 0x3E, 0xFF, 0x2B, 0x2D, 0x3F, 0xFF,
    0x2A, 0x2E, 0x40, 0xFF, 0x2A, 0x2E, 0x40, 0xFF, 0x2B, 0x2F, 0x41, 0xFF, 0x2B, 0x2F, 0x41, 0xFF,
    0x2C, 0x30, 0x42, 0xFF, 0x2D, 0x31, 0x43, 0xFF, 0x2E, 0x32, 0x44, 0xFF, 0x2E, 0x33, 0x42, 0xFF,
    0x2B, 0x32, 0x41, 0xFF, 0x2A, 0x31, 0x40, 0xFF, 0x2C, 0x31, 0x40, 0xFF, 0x2D, 0x32, 0x41, 0xFF,
    0x30, 0x33, 0x42, 0xFF, 0x33, 0x33, 0x43, 0xFF, 0x32, 0x32, 0x42, 0xFF, 0x31, 0x31, 0x41, 0xFF,
    0x34, 0x35, 0x43, 0xFF, 0x35, 0x35, 0x43, 0xFF, 0x35, 0x35, 0x43, 0xFF, 0x33, 0x35, 0x40, 0xFF,
    0x33, 0x35, 0x3F, 0xFF, 0x2E, 0x33, 0x3C, 0xFF, 0x2D, 0x2F, 0x39, 0xFF, 0x29, 0x2E, 0x37, 0xFF,
    0x28, 0x30, 0x3D, 0xFF, 0x28, 0x2F, 0x3E, 0xFF, 0x28, 0x2F, 0x3E, 0xFF, 0x27, 0x2E, 0x3D, 0xFF,
    0x25, 0x2E, 0x3C, 0xFF, 0x25, 0x2E, 0x3C, 0xFF, 0x24, 0x2E, 0x3F, 0xFF, 0x24, 0x2E, 0x3F, 0xFF,
    0x34, 0x41, 0x51, 0xFF, 0x40, 0x4D, 0x5D, 0xFF, 0x4C, 0x58, 0x6A, 0xFF, 0x4F, 0x5D, 0x6F, 0xFF,
    0x4D, 0x5B, 0x6D, 0xFF, 0x43, 0x51, 0x63, 0xFF, 0x31, 0x3F, 0x51, 0xFF, 0x21, 0x2F, 0x41, 0xFF,
    0x2B, 0x36, 0x44, 0xFF, 0x29, 0x32, 0x3F, 0xFF, 0x28, 0x31, 0x3E, 0xFF, 0x2C, 0x34, 0x41, 0xFF,
    0x2E, 0x37, 0x41, 0xFF, 0x2F, 0x35, 0x40, 0xFF, 0x2C, 0x32, 0x3D, 0xFF, 0x2D, 0x31, 0x3C, 0xFF,
    0x2C, 0x30, 0x3B, 0xFF, 0x2C, 0x30, 0x3B, 0xFF, 0x2F, 0x30, 0x3E, 0xFF, 0x2F, 0x30, 0x3E, 0xFF,
    0x30, 0x31, 0x3F, 0xFF, 0x30, 0x31, 0x3F, 0xFF, 0x2F, 0x32, 0x41, 0xFF, 0x2F, 0x32, 0x40, 0xFF,
    0x2E, 0x32, 0x3D, 0xFF, 0x2B, 0x31, 0x3C, 0xFF, 0x2D, 0x31, 0x3C, 0xFF, 0x2A, 0x30, 0x3B, 0xFF,
    0x29, 0x2F, 0x3A, 0xFF, 0x28, 0x2E, 0x39, 0xFF, 0x27, 0x2D, 0x38, 0xFF, 0x27, 0x2D, 0x38, 0xFF,
    0x25, 0x2B, 0x36, 0xFF, 0x24, 0x2A, 0x35, 0xFF, 0x24, 0x2A, 0x35, 0xFF, 0x23, 0x29, 0x34, 0xFF,
    0x21, 0x27, 0x32, 0xFF, 0x20, 0x26, 0x31, 0xFF, 0x1E, 0x24, 0x2F, 0xFF, 0x1D, 0x23, 0x2E, 0xFF,
    0x19, 0x22, 0x2C, 0xFF, 0x18, 0x21, 0x2B, 0xFF, 0x16, 0x1F, 0x29, 0xFF, 0x15, 0x1D, 0x2A, 0xFF,
    0x14, 0x1C, 0x29, 0xFF, 0x15, 0x1D, 0x2A, 0xFF, 0x15, 0x1C, 0x2B, 0xFF, 0x15, 0x1E, 0x2C, 0xFF,
    0x18, 0x20, 0x31, 0xFF, 0x14, 0x1E, 0x2F, 0xFF, 0x16, 0x22, 0x34, 0xFF, 0x23, 0x31, 0x43, 0xFF,
    0x3B, 0x4B, 0x5C, 0xFF, 0x4C, 0x5E, 0x6F, 0xFF, 0x4F, 0x61, 0x72, 0xFF, 0x44, 0x5A, 0x6C, 0xFF,
    0x44, 0x5D, 0x71, 0xFF, 0x3E, 0x5C, 0x6F, 0xFF, 0x3D, 0x5B, 0x6E, 0xFF, 0x3C, 0x5A, 0x6D, 0xFF,
    0x3C, 0x5A, 0x6D, 0xFF, 0x3B, 0x5B, 0x6E, 0xFF, 0x41, 0x5F, 0x70, 0xFF, 0x45, 0x66, 0x76, 0xFF,
    0x3D, 0x5B, 0x6E, 0xFF, 0x41, 0x5F, 0x72, 0xFF, 0x43, 0x61, 0x74, 0xFF, 0x40, 0x5E, 0x71, 0xFF,
    0x40, 0x5B, 0x70, 0xFF, 0x42, 0x5D, 0x72, 0xFF, 0x45, 0x5D, 0x73, 0xFF, 0x42, 0x5D, 0x72, 0xFF,
    0x3F, 0x5A, 0x6F, 0xFF, 0x3E, 0x5B, 0x70, 0xFF, 0x3C, 0x59, 0x6E, 0xFF, 0x3A, 0x57, 0x6C, 0xFF,
    0x3E, 0x5B, 0x70, 0xFF, 0x45, 0x62, 0x77, 0xFF, 0x4A, 0x67, 0x7C, 0xFF, 0x4B, 0x68, 0x7D, 0xFF,
    0x49, 0x66, 0x7B, 0xFF, 0x49, 0x67, 0x7A, 0xFF, 0x28, 0x31, 0x3E, 0xFF, 0x27, 0x30, 0x3D, 0xFF,
    0x27, 0x30, 0x3D, 0xFF, 0x26, 0x2F, 0x3C, 0xFF, 0x27, 0x2E, 0x3D, 0xFF, 0x27, 0x2E, 0x3D, 0xFF,
    0x2A, 0x2E, 0x40, 0xFF, 0x2A, 0x2E, 0x40, 0xFF, 0x2B, 0x2F, 0x41, 0xFF, 0x2B, 0x2F, 0x41, 0xFF,
    0x2B, 0x2F, 0x41, 0xFF, 0x2C, 0x31, 0x40, 0xFF, 0x2B, 0x32, 0x41, 0xFF, 0x2C, 0x33, 0x42, 0xFF,
    0x2C, 0x33, 0x42, 0xFF, 0x2C, 0x33, 0x42, 0xFF, 0x2C, 0x33, 0x42, 0xFF, 0x2B, 0x32, 0x41, 0xFF,
    0x2B, 0x30, 0x3F, 0xFF, 0x2C, 0x31, 0x40, 0xFF, 0x30, 0x33, 0x42, 0xFF, 0x33, 0x34, 0x42, 0xFF,
    0x34, 0x35, 0x43, 0xFF, 0x33, 0x34, 0x42, 0xFF, 0x38, 0x38, 0x46, 0xFF, 0x34, 0x36, 0x41, 0xFF,
    0x30, 0x31, 0x3F, 0xFF, 0x2D, 0x2F, 0x3A, 0xFF, 0x2B, 0x2F, 0x3A, 0xFF, 0x2A, 0x31, 0x3A, 0xFF,
    0x2D, 0x33, 0x3E, 0xFF, 0x2E, 0x34, 0x3F, 0xFF, 0x24, 0x2D, 0x3B, 0xFF, 0x23, 0x2B, 0x3C, 0xFF,
    0x23, 0x2B, 0x3C, 0xFF, 0x23, 0x2D, 0x3E, 0xFF, 0x28, 0x32, 0x43, 0xFF, 0x2F, 0x3C, 0x4C, 0xFF,
    0x39, 0x45, 0x57, 0xFF, 0x3E, 0x4C, 0x5E, 0xFF, 0x4C, 0x5A, 0x6C, 0xFF, 0x51, 0x61, 0x72, 0xFF,
    0x57, 0x66, 0x79, 0xFF, 0x5A, 0x69, 0x7C, 0xFF, 0x5A, 0x69, 0x7C, 0xFF, 0x53, 0x62, 0x75, 0xFF,
    0x3F, 0x50, 0x63, 0xFF, 0x31, 0x40, 0x53, 0xFF, 0x2A, 0x39, 0x49, 0xFF, 0x28, 0x35, 0x43, 0xFF,
    0x27, 0x32, 0x40, 0xFF, 0x28, 0x34, 0x40, 0xFF, 0x2C, 0x35, 0x42, 0xFF, 0x2C, 0x35, 0x3F, 0xFF,
    0x2C, 0x32, 0x3D, 0xFF, 0x2B, 0x31, 0x3C, 0xFF, 0x2C, 0x30, 0x3B, 0xFF, 0x2C, 0x30, 0x3B, 0xFF,
    0x2E, 0x2F, 0x3D, 0xFF, 0x2E, 0x2F, 0x3D, 0xFF, 0x2F, 0x30, 0x3E, 0xFF, 0x2F, 0x30, 0x3E, 0xFF,
    0x2D, 0x30, 0x3F, 0xFF, 0x2D, 0x30, 0x3E, 0xFF, 0x2A, 0x30, 0x3D, 0xFF, 0x2A, 0x30, 0x3B, 0xFF,
    0x29, 0x2F, 0x3A, 0xFF, 0x28, 0x2E, 0x39, 0xFF, 0x27, 0x2D, 0x38, 0xFF, 0x27, 0x2D, 0x38, 0xFF,
    0x26, 0x2C, 0x37, 0xFF, 0x26, 0x2C, 0x37, 0xFF, 0x24, 0x2A, 0x35, 0xFF, 0x24, 0x2A, 0x35, 0xFF,
    0x24, 0x2A, 0x35, 0xFF, 0x23, 0x29, 0x34, 0xFF, 0x21, 0x27, 0x32, 0xFF, 0x20, 0x26, 0x31, 0xFF,
    0x1E, 0x24, 0x2F, 0xFF, 0x1E, 0x24, 0x2F, 0xFF, 0x19, 0x22, 0x2C, 0xFF, 0x18, 0x21, 0x2B, 0xFF,
    0x16, 0x1E, 0x2B, 0xFF, 0x15, 0x1D, 0x2A, 0xFF, 0x14, 0x1C, 0x29, 0xFF, 0x15, 0x1D, 0x2A, 0xFF,
    0x15, 0x1C, 0x2B, 0xFF, 0x16, 0x1D, 0x2C, 0xFF, 0x17, 0x1F, 0x30, 0xFF, 0x13, 0x1D, 0x2E, 0xFF,
    0x15, 0x1F, 0x31, 0xFF, 0x1F, 0x2B, 0x3D, 0xFF, 0x33, 0x41, 0x53, 0xFF, 0x46, 0x56, 0x67, 0xFF,
    0x4D, 0x5D, 0x6E, 0xFF, 0x47, 0x5B, 0x6D, 0xFF, 0x45, 0x5E, 0x72, 0xFF, 0x3F, 0x5D, 0x70, 0xFF,
    0x3F, 0x5D, 0x70, 0xFF, 0x40, 0x5E, 0x71, 0xFF, 0x3E, 0x5E, 0x71, 0xFF, 0x3E, 0x5E, 0x71, 0xFF,
    0x41, 0x61, 0x74, 0xFF, 0x44, 0x65, 0x75, 0xFF, 0x3E, 0x5E, 0x71, 0xFF, 0x44, 0x64, 0x77, 0xFF,
    0x4A, 0x68, 0x7B, 0xFF, 0x47, 0x65, 0x78, 0xFF, 0x44, 0x5F, 0x74, 0xFF, 0x42, 0x5D, 0x72, 0xFF,
    0x44, 0x5C, 0x72, 0xFF, 0x41, 0x5C, 0x71, 0xFF, 0x41, 0x5C, 0x71, 0xFF, 0x40, 0x5D, 0x72, 0xFF,
    0x3D, 0x5A, 0x6F, 0xFF, 0x3A, 0x57, 0x6C, 0xFF, 0x3C, 0x59, 0x6E, 0xFF, 0x42, 0x5F, 0x74, 0xFF,
    0x48, 0x65, 0x7A, 0xFF, 0x4A, 0x67, 0x7C, 0xFF, 0x4A, 0x67, 0x7C, 0xFF, 0x4A, 0x67, 0x7C, 0xFF,
    0x25, 0x2C, 0x3B, 0xFF, 0x26, 0x2D, 0x3C, 0xFF, 0x27, 0x2E, 0x3D, 0xFF, 0x29, 0x30, 0x3F, 0xFF,
    0x2C, 0x31, 0x40, 0xFF, 0x2C, 0x31, 0x40, 0xFF, 0x2E, 0x31, 0x40, 0xFF, 0x2E, 0x31, 0x40, 0xFF,
    0x2E, 0x31, 0x40, 0xFF, 0x2F, 0x32, 0x41, 0xFF, 0x2D, 0x32, 0x41, 0xFF, 0x2D, 0x32, 0x41, 0xFF,
    0x2E, 0x33, 0x42, 0xFF, 0x2E, 0x34, 0x41, 0xFF, 0x2D, 0x35, 0x42, 0xFF, 0x2D, 0x34, 0x43, 0xFF,
    0x2F, 0x36, 0x45, 0xFF, 0x2D, 0x34, 0x45, 0xFF, 0x2B, 0x32, 0x43, 0xFF, 0x2D, 0x32, 0x41, 0xFF,
    0x2D, 0x32, 0x41, 0xFF, 0x30, 0x33, 0x42, 0xFF, 0x31, 0x34, 0x43, 0xFF, 0x31, 0x34, 0x43, 0xFF,
    0x33, 0x33, 0x43, 0xFF, 0x30, 0x33, 0x41, 0xFF, 0x2E, 0x31, 0x40, 0xFF, 0x2A, 0x30, 0x3D, 0xFF,
    0x29, 0x2F, 0x3C, 0xFF, 0x27, 0x30, 0x3A, 0xFF, 0x27, 0x2F, 0x3C, 0xFF, 0x27, 0x30, 0x3D, 0xFF,
    0x21, 0x29, 0x3A, 0xFF, 0x22, 0x2C, 0x3E, 0xFF, 0x27, 0x31, 0x43, 0xFF, 0x2E, 0x3A, 0x4C, 0xFF,
    0x39, 0x45, 0x57, 0xFF, 0x47, 0x53, 0x65, 0xFF, 0x54, 0x5F, 0x73, 0xFF, 0x5A, 0x68, 0x7B, 0xFF,
    0x56, 0x64, 0x77, 0xFF, 0x56, 0x65, 0x78, 0xFF, 0x58, 0x67, 0x7A, 0xFF, 0x59, 0x6A, 0x7D, 0xFF,
    0x5E, 0x6F, 0x84, 0xFF, 0x5D, 0x6E, 0x83, 0xFF, 0x4F, 0x60, 0x75, 0xFF, 0x42, 0x51, 0x64, 0xFF,
    0x2F, 0x3D, 0x4F, 0xFF, 0x2B, 0x38, 0x48, 0xFF, 0x28, 0x32, 0x43, 0xFF, 0x27, 0x32, 0x40, 0xFF,
    0x29, 0x32, 0x40, 0xFF, 0x2A, 0x32, 0x3F, 0xFF, 0x2B, 0x31, 0x3E, 0xFF, 0x2B, 0x31, 0x3E, 0xFF,
    0x2C, 0x30, 0x3B, 0xFF, 0x2C, 0x30, 0x3B, 0xFF, 0x2C, 0x2F, 0x3D, 0xFF, 0x2C, 0x2F, 0x3D, 0xFF,
    0x2B, 0x2E, 0x3C, 0xFF, 0x2B, 0x2E, 0x3C, 0xFF, 0x2B, 0x2E, 0x3D, 0xFF, 0x2B, 0x2E, 0x3C, 0xFF,
    0x28, 0x2E, 0x3B, 0xFF, 0x28, 0x2E, 0x39, 0xFF, 0x27, 0x2D, 0x38, 0xFF, 0x27, 0x2D, 0x38, 0xFF,
    0x26, 0x2C, 0x37, 0xFF, 0x25, 0x2B, 0x36, 0xFF, 0x24, 0x2A, 0x35, 0xFF, 0x24, 0x2A, 0x35, 0xFF,
    0x24, 0x2A, 0x35, 0xFF, 0x24, 0x2A, 0x35, 0xFF, 0x23, 0x29, 0x34, 0xFF, 0x23, 0x29, 0x34, 0xFF,
    0x22, 0x28, 0x33, 0xFF, 0x20, 0x26, 0x31, 0xFF, 0x1F, 0x25, 0x30, 0xFF, 0x1E, 0x24, 0x2F, 0xFF,
    0x1A, 0x23, 0x2D, 0xFF, 0x18, 0x21, 0x2B, 0xFF, 0x17, 0x1F, 0x2C, 0xFF, 0x15, 0x1D, 0x2A, 0xFF,
    0x15, 0x1D, 0x2A, 0xFF, 0x15, 0x1D, 0x2A, 0xFF, 0x16, 0x1D, 0x2C, 0xFF, 0x16, 0x1D, 0x2C, 0xFF,
    0x16, 0x1E, 0x2F, 0xFF, 0x12, 0x1C, 0x2D, 0xFF, 0x12, 0x1C, 0x2D, 0xFF, 0x18, 0x25, 0x35, 0xFF,
    0x27, 0x35, 0x47, 0xFF, 0x3A, 0x4A, 0x5B, 0xFF, 0x48, 0x58, 0x69, 0xFF, 0x49, 0x5D, 0x6F, 0xFF,
    0x46, 0x5F, 0x73, 0xFF, 0x43, 0x5E, 0x73, 0xFF, 0x43, 0x60, 0x75, 0xFF, 0x48, 0x65, 0x7A, 0xFF,
    0x4A, 0x67, 0x7C, 0xFF, 0x49, 0x67, 0x7A, 0xFF, 0x46, 0x66, 0x79, 0xFF, 0x47, 0x67, 0x7A, 0xFF,
    0x47, 0x67, 0x7A, 0xFF, 0x4B, 0x6B, 0x7E, 0xFF, 0x4E, 0x6C, 0x7F, 0xFF, 0x49, 0x67, 0x7A, 0xFF,
    0x45, 0x60, 0x74, 0xFF, 0x42, 0x5D, 0x71, 0xFF, 0x44, 0x5C, 0x72, 0xFF, 0x43, 0x5E, 0x73, 0xFF,
    0x44, 0x5F, 0x74, 0xFF, 0x43, 0x60, 0x75, 0xFF, 0x41, 0x5E, 0x73, 0xFF, 0x3D, 0x5A, 0x6F, 0xFF,
    0x3B, 0x58, 0x6D, 0xFF, 0x3F, 0x5C, 0x71, 0xFF, 0x45, 0x62, 0x77, 0xFF, 0x49, 0x66, 0x7B, 0xFF,
    0x4C, 0x69, 0x7E, 0xFF, 0x4C, 0x69, 0x7E, 0xFF, 0x26, 0x2D, 0x3E, 0xFF, 0x27, 0x2E, 0x3D, 0xFF,
    0x2A, 0x31, 0x40, 0xFF, 0x2D, 0x32, 0x41, 0xFF, 0x2E, 0x33, 0x42, 0xFF, 0x2E, 0x33, 0x42, 0xFF,
    0x30, 0x33, 0x42, 0xFF, 0x2F, 0x32, 0x41, 0xFF, 0x30, 0x33, 0x42, 0xFF, 0x30, 0x33, 0x42, 0xFF,
    0x30, 0x33, 0x42, 0xFF, 0x2F, 0x34, 0x43, 0xFF, 0x2F, 0x35, 0x42, 0xFF, 0x2F, 0x35, 0x42, 0xFF,
    0x2D, 0x35, 0x42, 0xFF, 0x2D, 0x34, 0x43, 0xFF, 0x2D, 0x34, 0x45, 0xFF, 0x2C, 0x33, 0x44, 0xFF,
    0x2C, 0x33, 0x44, 0xFF, 0x2C, 0x33, 0x44, 0xFF, 0x2C, 0x33, 0x44, 0xFF, 0x2F, 0x34, 0x43, 0xFF,
    0x2F, 0x33, 0x45, 0xFF, 0x30, 0x34, 0x46, 0xFF, 0x2F, 0x33, 0x45, 0xFF, 0x2E, 0x32, 0x44, 0xFF,
    0x2C, 0x30, 0x42, 0xFF, 0x28, 0x2F, 0x40, 0xFF, 0x25, 0x2E, 0x3C, 0xFF, 0x24, 0x2D, 0x3B, 0xFF,
    0x22, 0x2D, 0x3B, 0xFF, 0x22, 0x2C, 0x3D, 0xFF, 0x2E, 0x38, 0x4A, 0xFF, 0x33, 0x3F, 0x51, 0xFF,
    0x3E, 0x49, 0x5D, 0xFF, 0x47, 0x55, 0x67, 0xFF, 0x51, 0x5C, 0x70, 0xFF, 0x53, 0x61, 0x74, 0xFF,
    0x56, 0x64, 0x77, 0xFF, 0x56, 0x65, 0x78, 0xFF, 0x4F, 0x5E, 0x71, 0xFF, 0x4E, 0x5F, 0x72, 0xFF,
    0x4F, 0x60, 0x75, 0xFF, 0x53, 0x64, 0x79, 0xFF, 0x5A, 0x6B, 0x80, 0xFF, 0x5D, 0x6E, 0x83, 0xFF,
    0x54, 0x65, 0x7A, 0xFF, 0x48, 0x59, 0x6E, 0xFF, 0x36, 0x44, 0x57, 0xFF, 0x30, 0x3C, 0x4E, 0xFF,
    0x28, 0x34, 0x46, 0xFF, 0x27, 0x31, 0x42, 0xFF, 0x26, 0x30, 0x41, 0xFF, 0x28, 0x31, 0x3F, 0xFF,
    0x28, 0x2F, 0x3E, 0xFF, 0x2B, 0x31, 0x3E, 0xFF, 0x2C, 0x2F, 0x3D, 0xFF, 0x2C, 0x30, 0x3B, 0xFF,
    0x2B, 0x2E, 0x3C, 0xFF, 0x2A, 0x2D, 0x3B, 0xFF, 0x2A, 0x2D, 0x3B, 0xFF, 0x29, 0x2C, 0x3A, 0xFF,
    0x29, 0x2C, 0x3B, 0xFF, 0x28, 0x2B, 0x39, 0xFF, 0x27, 0x2D, 0x3A, 0xFF, 0x26, 0x2C, 0x37, 0xFF,
    0x26, 0x2C, 0x37, 0xFF, 0x25, 0x2B, 0x36, 0xFF, 0x25, 0x2B, 0x36, 0xFF, 0x24, 0x2A, 0x35, 0xFF,
    0x23, 0x29, 0x34, 0xFF, 0x23, 0x29, 0x34, 0xFF, 0x23, 0x29, 0x34, 0xFF, 0x23, 0x29, 0x34, 0xFF,
    0x23, 0x29, 0x34, 0xFF, 0x22, 0x28, 0x33, 0xFF, 0x22, 0x28, 0x33, 0xFF, 0x21, 0x27, 0x32, 0xFF,
    0x20, 0x26, 0x31, 0xFF, 0x1F, 0x25, 0x30, 0xFF, 0x1A, 0x23, 0x2D, 0xFF, 0x19, 0x22, 0x2C, 0xFF,
    0x17, 0x1F, 0x2C, 0xFF, 0x16, 0x1E, 0x2B, 0xFF, 0x15, 0x1D, 0x2A, 0xFF, 0x15, 0x1D, 0x2A, 0xFF,
    0x16, 0x1D, 0x2C, 0xFF, 0x16, 0x1D, 0x2C, 0xFF, 0x16, 0x1E, 0x2F, 0xFF, 0x14, 0x1C, 0x2D, 0xFF,
    0x11, 0x1B, 0x2C, 0xFF, 0x12, 0x1F, 0x2F, 0xFF, 0x1B, 0x29, 0x3B, 0xFF, 0x2E, 0x3C, 0x4E, 0xFF,
    0x40, 0x50, 0x61, 0xFF, 0x4A, 0x5B, 0x6E, 0xFF, 0x46, 0x5D, 0x73, 0xFF, 0x44, 0x5F, 0x74, 0xFF,
    0x4A, 0x64, 0x7C, 0xFF, 0x50, 0x6D, 0x82, 0xFF, 0x54, 0x71, 0x86, 0xFF, 0x54, 0x71, 0x86, 0xFF,
    0x4E, 0x6D, 0x82, 0xFF, 0x4D, 0x6D, 0x80, 0xFF, 0x4F, 0x6F, 0x82, 0xFF, 0x4E, 0x6E, 0x81, 0xFF,
    0x4C, 0x6A, 0x7D, 0xFF, 0x46, 0x64, 0x77, 0xFF, 0x43, 0x5E, 0x72, 0xFF, 0x42, 0x5D, 0x71, 0xFF,
    0x47, 0x5F, 0x75, 0xFF, 0x47, 0x62, 0x77, 0xFF, 0x45, 0x62, 0x77, 0xFF, 0x47, 0x64, 0x79, 0xFF,
    0x46, 0x63, 0x78, 0xFF, 0x42, 0x5F, 0x74, 0xFF, 0x3E, 0x5B, 0x70, 0xFF, 0x3E, 0x5B, 0x70, 0xFF,
    0x43, 0x60, 0x75, 0xFF, 0x47, 0x64, 0x79, 0xFF, 0x4C, 0x69, 0x7E, 0xFF, 0x4C, 0x69, 0x7E, 0xFF,
    0x2D, 0x31, 0x44, 0xFF, 0x2E, 0x32, 0x44, 0xFF, 0x2F, 0x33, 0x45, 0xFF, 0x32, 0x34, 0x46, 0xFF,
    0x32, 0x34, 0x46, 0xFF, 0x32, 0x34, 0x46, 0xFF, 0x32, 0x32, 0x42, 0xFF, 0x31, 0x31, 0x41, 0xFF,
    0x34, 0x34, 0x44, 0xFF, 0x32, 0x35, 0x44, 0xFF, 0x32, 0x35, 0x43, 0xFF, 0x32, 0x35, 0x43, 0xFF,
    0x2F, 0x35, 0x42, 0xFF, 0x2F, 0x35, 0x42, 0xFF, 0x2F, 0x35, 0x42, 0xFF, 0x2D, 0x34, 0x43, 0xFF,
    0x2A, 0x31, 0x42, 0xFF, 0x2A, 0x31, 0x44, 0xFF, 0x2B, 0x32, 0x45, 0xFF, 0x2C, 0x33, 0x46, 0xFF,
    0x2C, 0x33, 0x46, 0xFF, 0x2E, 0x35, 0x46, 0xFF, 0x2E, 0x34, 0x47, 0xFF, 0x2E, 0x34, 0x47, 0xFF,
    0x2B, 0x31, 0x44, 0xFF, 0x28, 0x2F, 0x42, 0xFF, 0x26, 0x2D, 0x40, 0xFF, 0x22, 0x2C, 0x3E, 0xFF,
    0x22, 0x2E, 0x40, 0xFF, 0x29, 0x35, 0x47, 0xFF, 0x31, 0x3D, 0x4F, 0xFF, 0x35, 0x43, 0x55, 0xFF,
    0x48, 0x56, 0x69, 0xFF, 0x4D, 0x5B, 0x6E, 0xFF, 0x53, 0x60, 0x76, 0xFF, 0x56, 0x65, 0x78, 0xFF,
    0x56, 0x63, 0x79, 0xFF, 0x51, 0x5F, 0x75, 0xFF, 0x4C, 0x5A, 0x70, 0xFF, 0x46, 0x57, 0x6C, 0xFF,
    0x4C, 0x5D, 0x72, 0xFF, 0x50, 0x61, 0x76, 0xFF, 0x52, 0x62, 0x79, 0xFF, 0x52, 0x64, 0x7B, 0xFF,
    0x56, 0x68, 0x7F, 0xFF, 0x58, 0x6A, 0x81, 0xFF, 0x52, 0x64, 0x7B, 0xFF, 0x4C, 0x5D, 0x72, 0xFF,
    0x3A, 0x48, 0x5E, 0xFF, 0x33, 0x41, 0x54, 0xFF, 0x2A, 0x38, 0x4B, 0xFF, 0x27, 0x32, 0x46, 0xFF,
    0x27, 0x31, 0x43, 0xFF, 0x28, 0x30, 0x41, 0xFF, 0x29, 0x30, 0x3F, 0xFF, 0x2A, 0x32, 0x3F, 0xFF,
    0x28, 0x2E, 0x3B, 0xFF, 0x28, 0x2E, 0x3B, 0xFF, 0x28, 0x2E, 0x3B, 0xFF, 0x27, 0x2D, 0x3A, 0xFF,
    0x26, 0x2C, 0x39, 0xFF, 0x25, 0x2B, 0x38, 0xFF, 0x25, 0x2B, 0x38, 0xFF, 0x24, 0x2A, 0x37, 0xFF,
    0x25, 0x2B, 0x38, 0xFF, 0x25, 0x2B, 0x38, 0xFF, 0x25, 0x2B, 0x38, 0xFF, 0x24, 0x2A, 0x37, 0xFF,
    0x24, 0x2A, 0x37, 0xFF, 0x23, 0x29, 0x36, 0xFF, 0x23, 0x29, 0x36, 0xFF, 0x23, 0x29, 0x36, 0xFF,
    0x21, 0x27, 0x34, 0xFF, 0x22, 0x28, 0x35, 0xFF, 0x22, 0x28, 0x35, 0xFF, 0x22, 0x28, 0x35, 0xFF,
    0x21, 0x27, 0x34, 0xFF, 0x20, 0x26, 0x33, 0xFF, 0x20, 0x26, 0x33, 0xFF, 0x1F, 0x25, 0x32, 0xFF,
    0x1B, 0x24, 0x2E, 0xFF, 0x1A, 0x23, 0x2D, 0xFF, 0x18, 0x20, 0x2D, 0xFF, 0x16, 0x1E, 0x2B, 0xFF,
    0x15, 0x1D, 0x2A, 0xFF, 0x15, 0x1D, 0x2A, 0xFF, 0x16, 0x1D, 0x2C, 0xFF, 0x16, 0x1D, 0x2C, 0xFF,
    0x16, 0x1F, 0x2D, 0xFF, 0x15, 0x1E, 0x2C, 0xFF, 0x12, 0x1C, 0x2D, 0xFF, 0x0F, 0x1C, 0x2C, 0xFF,
    0x13, 0x22, 0x32, 0xFF, 0x22, 0x31, 0x41, 0xFF, 0x37, 0x47, 0x58, 0xFF, 0x46, 0x57, 0x6A, 0xFF,
    0x42, 0x59, 0x6F, 0xFF, 0x42, 0x5C, 0x74, 0xFF, 0x4A, 0x63, 0x7D, 0xFF, 0x55, 0x6F, 0x87, 0xFF,
    0x5A, 0x76, 0x8E, 0xFF, 0x59, 0x75, 0x8D, 0xFF, 0x56, 0x72, 0x8A, 0xFF, 0x54, 0x71, 0x86, 0xFF,
    0x53, 0x72, 0x87, 0xFF, 0x4F, 0x6E, 0x83, 0xFF, 0x4C, 0x69, 0x7E, 0xFF, 0x48, 0x65, 0x7A, 0xFF,
    0x48, 0x63, 0x77, 0xFF, 0x47, 0x62, 0x76, 0xFF, 0x48, 0x63, 0x77, 0xFF, 0x49, 0x64, 0x78, 0xFF,
    0x47, 0x64, 0x79, 0xFF, 0x49, 0x66, 0x7B, 0xFF, 0x4B, 0x68, 0x7D, 0xFF, 0x49, 0x66, 0x7B, 0xFF,
    0x43, 0x60, 0x75, 0xFF, 0x40, 0x5D, 0x72, 0xFF, 0x42, 0x5F, 0x74, 0xFF, 0x45, 0x62, 0x77, 0xFF,
    0x4B, 0x68, 0x7D, 0xFF, 0x4B, 0x68, 0x7D, 0xFF, 0x31, 0x35, 0x48, 0xFF, 0x31, 0x35, 0x48, 0xFF,
    0x34, 0x35, 0x49, 0xFF, 0x34, 0x36, 0x48, 0xFF, 0x33, 0x35, 0x47, 0xFF, 0x32, 0x34, 0x46, 0xFF,
    0x33, 0x33, 0x45, 0xFF, 0x32, 0x32, 0x42, 0xFF, 0x35, 0x35, 0x45, 0xFF, 0x35, 0x35, 0x45, 0xFF,
    0x33, 0x36, 0x44, 0xFF, 0x32, 0x35, 0x43, 0xFF, 0x30, 0x36, 0x43, 0xFF, 0x2F, 0x35, 0x42, 0xFF,
    0x2F, 0x35, 0x42, 0xFF, 0x2D, 0x34, 0x43, 0xFF, 0x2E, 0x35, 0x48, 0xFF, 0x2C, 0x36, 0x48, 0xFF,
    0x2E, 0x35, 0x49, 0xFF, 0x2B, 0x35, 0x47, 0xFF, 0x28, 0x31, 0x45, 0xFF, 0x27, 0x30, 0x44, 0xFF,
    0x26, 0x2F, 0x43, 0xFF, 0x26, 0x2F, 0x43, 0xFF, 0x1B, 0x23, 0x3A, 0xFF, 0x20, 0x28, 0x3F, 0xFF,
    0x26, 0x31, 0x47, 0xFF, 0x30, 0x3B, 0x51, 0xFF, 0x38, 0x45, 0x5B, 0xFF, 0x42, 0x50, 0x66, 0xFF,
    0x4D, 0x5B, 0x71, 0xFF, 0x53, 0x61, 0x77, 0xFF, 0x58, 0x66, 0x7C, 0xFF, 0x55, 0x66, 0x7B, 0xFF,
    0x56, 0x64, 0x7B, 0xFF, 0x51, 0x62, 0x77, 0xFF, 0x50, 0x5E, 0x75, 0xFF, 0x4C, 0x5D, 0x72, 0xFF,
    0x4B, 0x5B, 0x72, 0xFF, 0x4B, 0x5B, 0x72, 0xFF, 0x4A, 0x5A, 0x71, 0xFF, 0x4D, 0x5F, 0x76, 0xFF,
    0x50, 0x62, 0x79, 0xFF, 0x50, 0x62, 0x79, 0xFF, 0x51, 0x63, 0x7A, 0xFF, 0x52, 0x64, 0x7B, 0xFF,
    0x4E, 0x60, 0x77, 0xFF, 0x48, 0x5A, 0x71, 0xFF, 0x39, 0x49, 0x60, 0xFF, 0x32, 0x40, 0x57, 0xFF,
    0x2A, 0x36, 0x4E, 0xFF, 0x25, 0x32, 0x48, 0xFF, 0x24, 0x2F, 0x43, 0xFF, 0x25, 0x2F, 0x41, 0xFF,
    0x26, 0x2E, 0x3F, 0xFF, 0x28, 0x2F, 0x3E, 0xFF, 0x25, 0x2A, 0x39, 0xFF, 0x25, 0x2B, 0x38, 0xFF,
    0x25, 0x2B, 0x38, 0xFF, 0x24, 0x2A, 0x37, 0xFF, 0x23, 0x29, 0x36, 0xFF, 0x23, 0x29, 0x36, 0xFF,
    0x22, 0x28, 0x35, 0xFF, 0x22, 0x28, 0x35, 0xFF, 0x24, 0x2A, 0x37, 0xFF, 0x24, 0x2A, 0x37, 0xFF,
    0x23, 0x29, 0x36, 0xFF, 0x23, 0x29, 0x36, 0xFF, 0x23, 0x29, 0x36, 0xFF, 0x22, 0x28, 0x35, 0xFF,
    0x22, 0x28, 0x35, 0xFF, 0x22, 0x28, 0x35, 0xFF, 0x20, 0x26, 0x33, 0xFF, 0x20, 0x26, 0x33, 0xFF,
    0x20, 0x26, 0x33, 0xFF, 0x20, 0x26, 0x33, 0xFF, 0x20, 0x26, 0x33, 0xFF, 0x20, 0x26, 0x33, 0xFF,
    0x1F, 0x25, 0x32, 0xFF, 0x1F, 0x25, 0x32, 0xFF, 0x1C, 0x25, 0x2F, 0xFF, 0x1A, 0x23, 0x2D, 0xFF,
    0x18, 0x20, 0x2D, 0xFF, 0x17, 0x1F, 0x2C, 0xFF, 0x16, 0x1E, 0x2B, 0xFF, 0x16, 0x1E, 0x2B, 0xFF,
    0x16, 0x1D, 0x2C, 0xFF, 0x17, 0x1E, 0x2D, 0xFF, 0x16, 0x1F, 0x2D, 0xFF, 0x16, 0x1F, 0x2D, 0xFF,
    0x14, 0x1E, 0x2F, 0xFF, 0x12, 0x1C, 0x2D, 0xFF, 0x11, 0x1E, 0x2E, 0xFF, 0x19, 0x28, 0x38, 0xFF,
    0x2E, 0x3C, 0x4E, 0xFF, 0x3D, 0x4E, 0x61, 0xFF, 0x41, 0x55, 0x6E, 0xFF, 0x42, 0x59, 0x73, 0xFF,
    0x4B, 0x62, 0x7C, 0xFF, 0x54, 0x6D, 0x87, 0xFF, 0x5B, 0x75, 0x8D, 0xFF, 0x59, 0x75, 0x8D, 0xFF,
    0x56, 0x72, 0x8A, 0xFF, 0x55, 0x71, 0x89, 0xFF, 0x52, 0x71, 0x88, 0xFF, 0x50, 0x6F, 0x84, 0xFF,
    0x51, 0x6E, 0x83, 0xFF, 0x51, 0x6E, 0x83, 0xFF, 0x51, 0x6C, 0x80, 0xFF, 0x4D, 0x68, 0x7C, 0xFF,
    0x4A, 0x65, 0x79, 0xFF, 0x49, 0x64, 0x78, 0xFF, 0x48, 0x65, 0x7A, 0xFF, 0x4B, 0x68, 0x7D, 0xFF,
    0x4E, 0x6B, 0x80, 0xFF, 0x4D, 0x6A, 0x7F, 0xFF, 0x47, 0x64, 0x79, 0xFF, 0x42, 0x5F, 0x74, 0xFF,
    0x41, 0x5E, 0x73, 0xFF, 0x44, 0x61, 0x76, 0xFF, 0x49, 0x66, 0x7B, 0xFF, 0x49, 0x66, 0x7B, 0xFF,
    0x35, 0x36, 0x4B, 0xFF, 0x34, 0x35, 0x4A, 0xFF, 0x33, 0x34, 0x49, 0xFF, 0x33, 0x34, 0x48, 0xFF,
    0x34, 0x33, 0x47, 0xFF, 0x34, 0x34, 0x46, 0xFF, 0x35, 0x35, 0x47, 0xFF, 0x35, 0x35, 0x47, 0xFF,
    0x36, 0x36, 0x46, 0xFF, 0x36, 0x36, 0x46, 0xFF, 0x33, 0x36, 0x45, 0xFF, 0x32, 0x35, 0x44, 0xFF,
    0x30, 0x35, 0x44, 0xFF, 0x2F, 0x34, 0x43, 0xFF, 0x2C, 0x33, 0x42, 0xFF, 0x2C, 0x33, 0x44, 0xFF,
    0x2D, 0x36, 0x4A, 0xFF, 0x2B, 0x36, 0x4A, 0xFF, 0x2B, 0x33, 0x4A, 0xFF, 0x26, 0x31, 0x45, 0xFF,
    0x24, 0x2F, 0x45, 0xFF, 0x23, 0x2E, 0x44, 0xFF, 0x24, 0x2F, 0x45, 0xFF, 0x26, 0x31, 0x47, 0xFF,
    0x24, 0x30, 0x48, 0xFF, 0x2E, 0x3A, 0x52, 0xFF, 0x3D, 0x4B, 0x62, 0xFF, 0x4B, 0x59, 0x70, 0xFF,
    0x52, 0x61, 0x7B, 0xFF, 0x56, 0x65, 0x7F, 0xFF, 0x56, 0x67, 0x81, 0xFF, 0x57, 0x68, 0x82, 0xFF,
    0x50, 0x61, 0x7B, 0xFF, 0x4F, 0x61, 0x78, 0xFF, 0x4E, 0x5D, 0x77, 0xFF, 0x4A, 0x5C, 0x73, 0xFF,
    0x4C, 0x5B, 0x75, 0xFF, 0x4C, 0x5E, 0x75, 0xFF, 0x51, 0x62, 0x7C, 0xFF, 0x54, 0x65, 0x7F, 0xFF,
    0x47, 0x58, 0x72, 0xFF, 0x49, 0x5D, 0x76, 0xFF, 0x4A, 0x5E, 0x77, 0xFF, 0x48, 0x5C, 0x75, 0xFF,
    0x47, 0x5B, 0x74, 0xFF, 0x46, 0x5A, 0x73, 0xFF, 0x41, 0x55, 0x6E, 0xFF, 0x3C, 0x4D, 0x67, 0xFF,
    0x33, 0x42, 0x5C, 0xFF, 0x2C, 0x39, 0x53, 0xFF, 0x24, 0x2F, 0x4A, 0xFF, 0x1F, 0x2B, 0x43, 0xFF,
    0x1F, 0x2A, 0x40, 0xFF, 0x1F, 0x28, 0x3C, 0xFF, 0x20, 0x27, 0x3A, 0xFF, 0x20, 0x28, 0x39, 0xFF,
    0x1F, 0x26, 0x35, 0xFF, 0x1F, 0x26, 0x35, 0xFF, 0x1F, 0x27, 0x34, 0xFF, 0x1E, 0x26, 0x33, 0xFF,
    0x1E, 0x26, 0x33, 0xFF, 0x1E, 0x26, 0x33, 0xFF, 0x1E, 0x26, 0x33, 0xFF, 0x1E, 0x26, 0x33, 0xFF,
    0x20, 0x28, 0x35, 0xFF, 0x20, 0x28, 0x35, 0xFF, 0x20, 0x28, 0x35, 0xFF, 0x1F, 0x27, 0x34, 0xFF,
    0x1F, 0x27, 0x34, 0xFF, 0x1F, 0x27, 0x34, 0xFF, 0x1E, 0x26, 0x33, 0xFF, 0x1E, 0x26, 0x33, 0xFF,
    0x1C, 0x24, 0x31, 0xFF, 0x1C, 0x24, 0x31, 0xFF, 0x1D, 0x25, 0x32, 0xFF, 0x1D, 0x25, 0x32, 0xFF,
    0x1D, 0x25, 0x32, 0xFF, 0x1D, 0x25, 0x32, 0xFF, 0x1D, 0x25, 0x32, 0xFF, 0x1D, 0x25, 0x32, 0xFF,
    0x1C, 0x24, 0x31, 0xFF, 0x1B, 0x23, 0x30, 0xFF, 0x19, 0x21, 0x2E, 0xFF, 0x17, 0x1F, 0x2C, 0xFF,
    0x16, 0x1E, 0x2B, 0xFF, 0x16, 0x1E, 0x2B, 0xFF, 0x16, 0x1E, 0x2B, 0xFF, 0x17, 0x1F, 0x2C, 0xFF,
    0x14, 0x1D, 0x2B, 0xFF, 0x16, 0x1F, 0x2D, 0xFF, 0x16, 0x21, 0x2F, 0xFF, 0x15, 0x20, 0x2E, 0xFF,
    0x10, 0x1D, 0x2D, 0xFF, 0x13, 0x22, 0x32, 0xFF, 0x25, 0x34, 0x44, 0xFF, 0x33, 0x44, 0x57, 0xFF,
    0x41, 0x55, 0x6E, 0xFF, 0x42, 0x59, 0x73, 0xFF, 0x4C, 0x63, 0x7D, 0xFF, 0x53, 0x6C, 0x86, 0xFF,
    0x58, 0x71, 0x8B, 0xFF, 0x57, 0x70, 0x8A, 0xFF, 0x54, 0x6F, 0x89, 0xFF, 0x54, 0x70, 0x88, 0xFF,
    0x53, 0x6F, 0x87, 0xFF, 0x55, 0x71, 0x89, 0xFF, 0x58, 0x75, 0x8A, 0xFF, 0x59, 0x76, 0x8B, 0xFF,
    0x53, 0x71, 0x84, 0xFF, 0x4B, 0x69, 0x7C, 0xFF, 0x4A, 0x66, 0x77, 0xFF, 0x4B, 0x66, 0x7A, 0xFF,
    0x4A, 0x67, 0x7C, 0xFF, 0x4B, 0x68, 0x7D, 0xFF, 0x4D, 0x6A, 0x7F, 0xFF, 0x4D, 0x6A, 0x7F, 0xFF,
    0x49, 0x66, 0x7B, 0xFF, 0x43, 0x60, 0x75, 0xFF, 0x42, 0x5F, 0x74, 0xFF, 0x45, 0x62, 0x77, 0xFF,
    0x47, 0x64, 0x79, 0xFF, 0x47, 0x64, 0x79, 0xFF, 0x35, 0x35, 0x4D, 0xFF, 0x34, 0x35, 0x4A, 0xFF,
    0x32, 0x33, 0x48, 0xFF, 0x31, 0x32, 0x47, 0xFF, 0x33, 0x32, 0x46, 0xFF, 0x35, 0x34, 0x48, 0xFF,
    0x36, 0x36, 0x48, 0xFF, 0x37, 0x37, 0x49, 0xFF, 0x36, 0x36, 0x46, 0xFF, 0x34, 0x37, 0x46, 0xFF,
    0x33, 0x36, 0x45, 0xFF, 0x30, 0x35, 0x44, 0xFF, 0x30, 0x35, 0x44, 0xFF, 0x2D, 0x34, 0x43, 0xFF,
    0x2C, 0x33, 0x44, 0xFF, 0x2B, 0x33, 0x44, 0xFF, 0x22, 0x2D, 0x43, 0xFF, 0x20, 0x2D, 0x43, 0xFF,
    0x20, 0x2C, 0x44, 0xFF, 0x20, 0x2C, 0x44, 0xFF, 0x21, 0x2D, 0x45, 0xFF, 0x24, 0x32, 0x49, 0xFF,
    0x2B, 0x39, 0x50, 0xFF, 0x2F, 0x3C, 0x56, 0xFF, 0x48, 0x57, 0x71, 0xFF, 0x4F, 0x5D, 0x79, 0xFF,
    0x56, 0x67, 0x82, 0xFF, 0x5A, 0x6B, 0x86, 0xFF, 0x59, 0x6A, 0x85, 0xFF, 0x52, 0x65, 0x80, 0xFF,
    0x4E, 0x60, 0x7D, 0xFF, 0x4C, 0x5F, 0x7A, 0xFF, 0x49, 0x5C, 0x77, 0xFF, 0x49, 0x5D, 0x76, 0xFF,
    0x4C, 0x5D, 0x77, 0xFF, 0x4B, 0x5F, 0x78, 0xFF, 0x4E, 0x5F, 0x79, 0xFF, 0x4D, 0x61, 0x7A, 0xFF,
    0x52, 0x63, 0x7D, 0xFF, 0x51, 0x65, 0x7E, 0xFF, 0x4E, 0x62, 0x7B, 0xFF, 0x4E, 0x62, 0x7B, 0xFF,
    0x4B, 0x5F, 0x78, 0xFF, 0x45, 0x59, 0x72, 0xFF, 0x41, 0x55, 0x6E, 0xFF, 0x3E, 0x52, 0x6B, 0xFF,
    0x35, 0x49, 0x62, 0xFF, 0x2E, 0x3F, 0x59, 0xFF, 0x2C, 0x3A, 0x56, 0xFF, 0x26, 0x32, 0x4E, 0xFF,
    0x1E, 0x29, 0x45, 0xFF, 0x19, 0x24, 0x3F, 0xFF, 0x19, 0x23, 0x3B, 0xFF, 0x16, 0x21, 0x37, 0xFF,
    0x17, 0x20, 0x34, 0xFF, 0x19, 0x20, 0x33, 0xFF, 0x1C, 0x23, 0x34, 0xFF, 0x1C, 0x23, 0x32, 0xFF,
    0x1C, 0x23, 0x32, 0xFF, 0x1C, 0x24, 0x31, 0xFF, 0x1C, 0x24, 0x31, 0xFF, 0x1C, 0x24, 0x31, 0xFF,
    0x1C, 0x24, 0x31, 0xFF, 0x1C, 0x24, 0x31, 0xFF, 0x1F, 0x27, 0x34, 0xFF, 0x1E, 0x26, 0x33, 0xFF,
    0x1E, 0x26, 0x33, 0xFF, 0x1E, 0x26, 0x33, 0xFF, 0x1E, 0x26, 0x33, 0xFF, 0x1D, 0x25, 0x32, 0xFF,
    0x1D, 0x25, 0x32, 0xFF, 0x1D, 0x25, 0x32, 0xFF, 0x1B, 0x23, 0x30, 0xFF, 0x1C, 0x24, 0x31, 0xFF,
    0x1C, 0x24, 0x31, 0xFF, 0x1D, 0x25, 0x32, 0xFF, 0x1D, 0x25, 0x32, 0xFF, 0x1D, 0x25, 0x32, 0xFF,
    0x1D, 0x25, 0x32, 0xFF, 0x1C, 0x24, 0x31, 0xFF, 0x1C, 0x24, 0x31, 0xFF, 0x1B, 0x23, 0x30, 0xFF,
    0x19, 0x21, 0x2E, 0xFF, 0x17, 0x1F, 0x2C, 0xFF, 0x16, 0x1E, 0x2B, 0xFF, 0x16, 0x1E, 0x2B, 0xFF,
    0x16, 0x1E, 0x2B, 0xFF, 0x17, 0x1F, 0x2C, 0xFF, 0x13, 0x1C, 0x2A, 0xFF, 0x16, 0x1F, 0x2D, 0xFF,
    0x1A, 0x23, 0x31, 0xFF, 0x16, 0x21, 0x2F, 0xFF, 0x10, 0x1D, 0x2D, 0xFF, 0x12, 0x1F, 0x2F, 0xFF,
    0x1F, 0x2E, 0x3E, 0xFF, 0x2E, 0x3E, 0x4F, 0xFF, 0x45, 0x57, 0x6E, 0xFF, 0x46, 0x5B, 0x76, 0xFF,
    0x4E, 0x63, 0x7E, 0xFF, 0x55, 0x6C, 0x86, 0xFF, 0x58, 0x6F, 0x89, 0xFF, 0x54, 0x6D, 0x87, 0xFF,
    0x54, 0x6D, 0x87, 0xFF, 0x53, 0x6E, 0x88, 0xFF, 0x55, 0x70, 0x8A, 0xFF, 0x58, 0x74, 0x8C, 0xFF,
    0x5C, 0x78, 0x90, 0xFF, 0x5A, 0x77, 0x8C, 0xFF, 0x51, 0x6F, 0x82, 0xFF, 0x47, 0x65, 0x78, 0xFF,
    0x49, 0x65, 0x76, 0xFF, 0x4C, 0x6A, 0x7D, 0xFF, 0x4B, 0x68, 0x7D, 0xFF, 0x4A, 0x67, 0x7C, 0xFF,
    0x4C, 0x69, 0x7E, 0xFF, 0x4C, 0x69, 0x7E, 0xFF, 0x48, 0x65, 0x7A, 0xFF, 0x43, 0x60, 0x75, 0xFF,
    0x42, 0x5F, 0x74, 0xFF, 0x46, 0x63, 0x78, 0xFF, 0x47, 0x64, 0x79, 0xFF, 0x47, 0x64, 0x79, 0xFF,
    0x34, 0x35, 0x4F, 0xFF, 0x34, 0x36, 0x4E, 0xFF, 0x32, 0x34, 0x4C, 0xFF, 0x30, 0x33, 0x48, 0xFF,
    0x31, 0x32, 0x46, 0xFF, 0x33, 0x34, 0x48, 0xFF, 0x35, 0x37, 0x49, 0xFF, 0x35, 0x37, 0x49, 0xFF,
    0x30, 0x32, 0x44, 0xFF, 0x2F, 0x31, 0x43, 0xFF, 0x33, 0x35, 0x47, 0xFF, 0x32, 0x36, 0x48, 0xFF,
    0x2F, 0x33, 0x45, 0xFF, 0x2E, 0x35, 0x46, 0xFF, 0x2F, 0x35, 0x48, 0xFF, 0x28, 0x32, 0x44, 0xFF,
    0x20, 0x2C, 0x44, 0xFF, 0x21, 0x2F, 0x46, 0xFF, 0x24, 0x31, 0x4B, 0xFF, 0x29, 0x38, 0x52, 0xFF,
    0x36, 0x45, 0x5F, 0xFF, 0x47, 0x56, 0x70, 0xFF, 0x53, 0x64, 0x7E, 0xFF, 0x59, 0x6A, 0x85, 0xFF,
    0x5E, 0x71, 0x8C, 0xFF, 0x5A, 0x6C, 0x89, 0xFF, 0x56, 0x68, 0x85, 0xFF, 0x53, 0x68, 0x84, 0xFF,
    0x51, 0x66, 0x82, 0xFF, 0x4F, 0x64, 0x80, 0xFF, 0x4E, 0x62, 0x81, 0xFF, 0x4F, 0x64, 0x80, 0xFF,
    0x46, 0x5B, 0x76, 0xFF, 0x46, 0x5B, 0x76, 0xFF, 0x48, 0x5B, 0x76, 0xFF, 0x49, 0x5E, 0x79, 0xFF,
    0x4E, 0x61, 0x7C, 0xFF, 0x4E, 0x63, 0x7E, 0xFF, 0x50, 0x63, 0x7E, 0xFF, 0x4F, 0x62, 0x7D, 0xFF,
    0x46, 0x59, 0x74, 0xFF, 0x41, 0x54, 0x6F, 0xFF, 0x3B, 0x4E, 0x69, 0xFF, 0x37, 0x4A, 0x65, 0xFF,
    0x32, 0x45, 0x60, 0xFF, 0x2A, 0x3D, 0x58, 0xFF, 0x23, 0x36, 0x51, 0xFF, 0x21, 0x32, 0x4D, 0xFF,
    0x19, 0x27, 0x44, 0xFF, 0x17, 0x25, 0x41, 0xFF, 0x16, 0x22, 0x3E, 0xFF, 0x12, 0x1D, 0x38, 0xFF,
    0x11, 0x1B, 0x33, 0xFF, 0x0E, 0x19, 0x2F, 0xFF, 0x0E, 0x17, 0x2B, 0xFF, 0x0D, 0x17, 0x29, 0xFF,
    0x13, 0x1B, 0x2C, 0xFF, 0x14, 0x1D, 0x2B, 0xFF, 0x16, 0x1D, 0x2C, 0xFF, 0x17, 0x1E, 0x2D, 0xFF,
    0x18, 0x20, 0x2D, 0xFF, 0x18, 0x20, 0x2D, 0xFF, 0x16, 0x1F, 0x2C, 0xFF, 0x16, 0x1F, 0x2C, 0xFF,
    0x16, 0x1E, 0x2B, 0xFF, 0x16, 0x1E, 0x2B, 0xFF, 0x17, 0x1F, 0x2C, 0xFF, 0x18, 0x20, 0x2D, 0xFF,
    0x19, 0x21, 0x2E, 0xFF, 0x19, 0x21, 0x2E, 0xFF, 0x1A, 0x22, 0x2F, 0xFF, 0x1A, 0x22, 0x2F, 0xFF,
    0x1B, 0x23, 0x30, 0xFF, 0x1B, 0x23, 0x30, 0xFF, 0x1B, 0x23, 0x30, 0xFF, 0x1B, 0x23, 0x30, 0xFF,
    0x1B, 0x23, 0x30, 0xFF, 0x1B, 0x23, 0x30, 0xFF, 0x1A, 0x22, 0x2F, 0xFF, 0x1A, 0x22, 0x2F, 0xFF,
    0x1A, 0x22, 0x2F, 0xFF, 0x1A, 0x22, 0x2F, 0xFF, 0x19, 0x21, 0x2E, 0xFF, 0x18, 0x20, 0x2D, 0xFF,
    0x17, 0x1F, 0x2C, 0xFF, 0x15, 0x1D, 0x2A, 0xFF, 0x15, 0x1D, 0x2A, 0xFF, 0x14, 0x1C, 0x29, 0xFF,
    0x14, 0x1C, 0x29, 0xFF, 0x14, 0x1D, 0x2A, 0xFF, 0x15, 0x1E, 0x2C, 0xFF, 0x13, 0x1E, 0x2C, 0xFF,
    0x12, 0x1F, 0x2D, 0xFF, 0x15, 0x22, 0x30, 0xFF, 0x18, 0x25, 0x33, 0xFF, 0x17, 0x27, 0x38, 0xFF,
    0x36, 0x48, 0x5F, 0xFF, 0x47, 0x5D, 0x76, 0xFF, 0x4D, 0x62, 0x7D, 0xFF, 0x4C, 0x63, 0x7D, 0xFF,
    0x57, 0x6E, 0x88, 0xFF, 0x56, 0x6F, 0x89, 0xFF, 0x51, 0x69, 0x85, 0xFF, 0x57, 0x70, 0x8A, 0xFF,
    0x59, 0x74, 0x8E, 0xFF, 0x59, 0x75, 0x8D, 0xFF, 0x57, 0x73, 0x8B, 0xFF, 0x54, 0x71, 0x86, 0xFF,
    0x4F, 0x6D, 0x80, 0xFF, 0x4A, 0x68, 0x7B, 0xFF, 0x48, 0x66, 0x77, 0xFF, 0x48, 0x66, 0x79, 0xFF,
    0x4A, 0x67, 0x7C, 0xFF, 0x47, 0x66, 0x7D, 0xFF, 0x47, 0x66, 0x7D, 0xFF, 0x47, 0x66, 0x7D, 0xFF,
    0x46, 0x65, 0x7C, 0xFF, 0x45, 0x64, 0x7B, 0xFF, 0x44, 0x63, 0x7A, 0xFF, 0x43, 0x62, 0x79, 0xFF,
    0x44, 0x63, 0x7A, 0xFF, 0x44, 0x63, 0x7A, 0xFF, 0x36, 0x37, 0x51, 0xFF, 0x36, 0x37, 0x51, 0xFF,
    0x34, 0x35, 0x4F, 0xFF, 0x32, 0x34, 0x4C, 0xFF, 0x31, 0x34, 0x49, 0xFF, 0x32, 0x36, 0x49, 0xFF,
    0x34, 0x35, 0x49, 0xFF, 0x32, 0x36, 0x48, 0xFF, 0x38, 0x3A, 0x4C, 0xFF, 0x33, 0x37, 0x49, 0xFF,
    0x31, 0x35, 0x47, 0xFF, 0x2B, 0x31, 0x44, 0xFF, 0x25, 0x2B, 0x3E, 0xFF, 0x25, 0x2C, 0x40, 0xFF,
    0x28, 0x2F, 0x43, 0xFF, 0x23, 0x2E, 0x44, 0xFF, 0x26, 0x33, 0x4D, 0xFF, 0x2F, 0x3D, 0x59, 0xFF,
    0x3E, 0x4C, 0x68, 0xFF, 0x4B, 0x5C, 0x77, 0xFF, 0x58, 0x69, 0x84, 0xFF, 0x5F, 0x72, 0x8D, 0xFF,
    0x62, 0x74, 0x91, 0xFF, 0x5E, 0x73, 0x8F, 0xFF, 0x56, 0x6B, 0x87, 0xFF, 0x54, 0x6A, 0x86, 0xFF,
    0x55, 0x69, 0x88, 0xFF, 0x54, 0x69, 0x88, 0xFF, 0x52, 0x67, 0x86, 0xFF, 0x4D, 0x62, 0x81, 0xFF,
    0x49, 0x5E, 0x7D, 0xFF, 0x49, 0x5E, 0x7D, 0xFF, 0x45, 0x5A, 0x76, 0xFF, 0x44, 0x59, 0x74, 0xFF,
    0x44, 0x59, 0x74, 0xFF, 0x47, 0x5C, 0x77, 0xFF, 0x4B, 0x60, 0x7B, 0xFF, 0x4E, 0x63, 0x7E, 0xFF,
    0x4F, 0x64, 0x7F, 0xFF, 0x4F, 0x64, 0x7F, 0xFF, 0x42, 0x55, 0x70, 0xFF, 0x3B, 0x4E, 0x69, 0xFF,
    0x33, 0x46, 0x61, 0xFF, 0x2E, 0x41, 0x5C, 0xFF, 0x28, 0x3B, 0x56, 0xFF, 0x21, 0x34, 0x4F, 0xFF,
    0x1A, 0x2D, 0x48, 0xFF, 0x18, 0x29, 0x44, 0xFF, 0x14, 0x22, 0x3F, 0xFF, 0x12, 0x20, 0x3D, 0xFF,
    0x10, 0x1C, 0x38, 0xFF, 0x0C, 0x19, 0x33, 0xFF, 0x0C, 0x15, 0x30, 0xFF, 0x0A, 0x15, 0x2B, 0xFF,
    0x0B, 0x13, 0x2A, 0xFF, 0x0B, 0x15, 0x27, 0xFF, 0x0F, 0x16, 0x29, 0xFF, 0x0F, 0x17, 0x28, 0xFF,
    0x11, 0x18, 0x27, 0xFF, 0x12, 0x19, 0x28, 0xFF, 0x13, 0x1B, 0x28, 0xFF, 0x13, 0x1B, 0x28, 0xFF,
    0x11, 0x1A, 0x27, 0xFF, 0x11, 0x1A, 0x27, 0xFF, 0x11, 0x19, 0x26, 0xFF, 0x12, 0x1A, 0x27, 0xFF,
    0x13, 0x1B, 0x28, 0xFF, 0x14, 0x1C, 0x29, 0xFF, 0x15, 0x1D, 0x2A, 0xFF, 0x17, 0x1F, 0x2C, 0xFF,
    0x18, 0x20, 0x2D, 0xFF, 0x18, 0x20, 0x2D, 0xFF, 0x19, 0x21, 0x2E, 0xFF, 0x19, 0x21, 0x2E, 0xFF,
    0x19, 0x21, 0x2E, 0xFF, 0x19, 0x21, 0x2E, 0xFF, 0x19, 0x21, 0x2E, 0xFF, 0x19, 0x21, 0x2E, 0xFF,
    0x19, 0x21, 0x2E, 0xFF, 0x1A, 0x22, 0x2F, 0xFF, 0x1A, 0x22, 0x2F, 0xFF, 0x1A, 0x22, 0x2F, 0xFF,
    0x19, 0x21, 0x2E, 0xFF, 0x18, 0x20, 0x2D, 0xFF, 0x16, 0x1E, 0x2B, 0xFF, 0x15, 0x1D, 0x2A, 0xFF,
    0x14, 0x1C, 0x29, 0xFF, 0x13, 0x1B, 0x28, 0xFF, 0x13, 0x1B, 0x28, 0xFF, 0x14, 0x1C, 0x29, 0xFF,
    0x13, 0x1C, 0x2A, 0xFF, 0x14, 0x1D, 0x2B, 0xFF, 0x13, 0x1E, 0x2C, 0xFF, 0x13, 0x20, 0x2E, 0xFF,
    0x16, 0x23, 0x31, 0xFF, 0x17, 0x26, 0x36, 0xFF, 0x2D, 0x3E, 0x53, 0xFF, 0x42, 0x56, 0x6F, 0xFF,
    0x4D, 0x61, 0x7A, 0xFF, 0x4A, 0x5F, 0x7A, 0xFF, 0x4E, 0x63, 0x7E, 0xFF, 0x51, 0x68, 0x82, 0xFF,
    0x4E, 0x66, 0x82, 0xFF, 0x50, 0x68, 0x84, 0xFF, 0x52, 0x6D, 0x87, 0xFF, 0x53, 0x6E, 0x88, 0xFF,
    0x53, 0x6F, 0x87, 0xFF, 0x51, 0x6D, 0x85, 0xFF, 0x4E, 0x6B, 0x80, 0xFF, 0x4B, 0x69, 0x7C, 0xFF,
    0x4B, 0x69, 0x7C, 0xFF, 0x4B, 0x69, 0x7C, 0xFF, 0x48, 0x67, 0x7C, 0xFF, 0x48, 0x67, 0x7E, 0xFF,
    0x48, 0x67, 0x7E, 0xFF, 0x48, 0x67, 0x7E, 0xFF, 0x46, 0x65, 0x7C, 0xFF, 0x44, 0x63, 0x7A, 0xFF,
    0x42, 0x61, 0x78, 0xFF, 0x41, 0x60, 0x77, 0xFF, 0x44, 0x63, 0x7A, 0xFF, 0x44, 0x63, 0x7A, 0xFF,
    0x36, 0x39, 0x55, 0xFF, 0x36, 0x3A, 0x53, 0xFF, 0x36, 0x3A, 0x53, 0xFF, 0x35, 0x39, 0x51, 0xFF,
    0x35, 0x3A, 0x4F, 0xFF, 0x33, 0x39, 0x4C, 0xFF, 0x33, 0x37, 0x4A, 0xFF, 0x31, 0x37, 0x4A, 0xFF,
    0x34, 0x38, 0x4B, 0xFF, 0x2E, 0x34, 0x47, 0xFF, 0x28, 0x2F, 0x42, 0xFF, 0x25, 0x2E, 0x42, 0xFF,
    0x29, 0x31, 0x48, 0xFF, 0x30, 0x3B, 0x51, 0xFF, 0x3B, 0x45, 0x5D, 0xFF, 0x40, 0x4B, 0x66, 0xFF,
    0x56, 0x64, 0x80, 0xFF, 0x58, 0x68, 0x85, 0xFF, 0x5B, 0x6B, 0x88, 0xFF, 0x5A, 0x6C, 0x89, 0xFF,
    0x59, 0x6B, 0x88, 0xFF, 0x56, 0x6B, 0x87, 0xFF, 0x53, 0x67, 0x86, 0xFF, 0x4E, 0x63, 0x82, 0xFF,
    0x50, 0x65, 0x84, 0xFF, 0x50, 0x68, 0x86, 0xFF, 0x55, 0x6A, 0x8A, 0xFF, 0x55, 0x6C, 0x8C, 0xFF,
    0x51, 0x68, 0x88, 0xFF, 0x49, 0x60, 0x80, 0xFF, 0x47, 0x5C, 0x7C, 0xFF, 0x46, 0x5B, 0x7A, 0xFF,
    0x42, 0x58, 0x74, 0xFF, 0x41, 0x57, 0x73, 0xFF, 0x41, 0x57, 0x73, 0xFF, 0x44, 0x5A, 0x76, 0xFF,
    0x48, 0x5E, 0x7A, 0xFF, 0x4B, 0x61, 0x7D, 0xFF, 0x4E, 0x63, 0x7F, 0xFF, 0x4E, 0x63, 0x7F, 0xFF,
    0x3C, 0x51, 0x6C, 0xFF, 0x33, 0x48, 0x63, 0xFF, 0x2A, 0x3D, 0x58, 0xFF, 0x23, 0x36, 0x51, 0xFF,
    0x1C, 0x2F, 0x4A, 0xFF, 0x15, 0x28, 0x43, 0xFF, 0x10, 0x23, 0x3E, 0xFF, 0x0F, 0x20, 0x3B, 0xFF,
    0x0E, 0x1C, 0x39, 0xFF, 0x0E, 0x19, 0x37, 0xFF, 0x0B, 0x17, 0x33, 0xFF, 0x07, 0x14, 0x2E, 0xFF,
    0x08, 0x11, 0x2C, 0xFF, 0x08, 0x13, 0x29, 0xFF, 0x0A, 0x12, 0x29, 0xFF, 0x0D, 0x14, 0x27, 0xFF,
    0x0E, 0x14, 0x27, 0xFF, 0x0E, 0x15, 0x26, 0xFF, 0x0F, 0x16, 0x25, 0xFF, 0x0F, 0x16, 0x25, 0xFF,
    0x10, 0x17, 0x26, 0xFF, 0x10, 0x17, 0x26, 0xFF, 0x0F, 0x16, 0x25, 0xFF, 0x0F, 0x16, 0x25, 0xFF,
    0x0F, 0x14, 0x23, 0xFF, 0x10, 0x15, 0x24, 0xFF, 0x11, 0x16, 0x25, 0xFF, 0x13, 0x18, 0x27, 0xFF,
    0x15, 0x1A, 0x29, 0xFF, 0x16, 0x1B, 0x2A, 0xFF, 0x18, 0x1D, 0x2C, 0xFF, 0x19, 0x1E, 0x2D, 0xFF,
    0x17, 0x1C, 0x2B, 0xFF, 0x17, 0x1C, 0x2B, 0xFF, 0x18, 0x1D, 0x2C, 0xFF, 0x19, 0x1E, 0x2D, 0xFF,
    0x19, 0x1E, 0x2D, 0xFF, 0x1A, 0x1F, 0x2E, 0xFF, 0x1A, 0x1F, 0x2E, 0xFF, 0x1B, 0x20, 0x2F, 0xFF,
    0x19, 0x21, 0x2E, 0xFF, 0x19, 0x21, 0x2E, 0xFF, 0x18, 0x20, 0x2D, 0xFF, 0x17, 0x1F, 0x2C, 0xFF,
    0x16, 0x1E, 0x2B, 0xFF, 0x14, 0x1C, 0x29, 0xFF, 0x15, 0x1B, 0x28, 0xFF, 0x14, 0x1A, 0x27, 0xFF,
    0x12, 0x1A, 0x27, 0xFF, 0x12, 0x1A, 0x27, 0xFF, 0x12, 0x1B, 0x28, 0xFF, 0x12, 0x1B, 0x28, 0xFF,
    0x11, 0x1D, 0x29, 0xFF, 0x13, 0x1F, 0x2B, 0xFF, 0x14, 0x22, 0x2E, 0xFF, 0x15, 0x24, 0x34, 0xFF,
    0x1C, 0x2D, 0x40, 0xFF, 0x36, 0x48, 0x5F, 0xFF, 0x4B, 0x5D, 0x74, 0xFF, 0x49, 0x5D, 0x76, 0xFF,
    0x45, 0x5B, 0x74, 0xFF, 0x4A, 0x62, 0x7A, 0xFF, 0x4E, 0x67, 0x81, 0xFF, 0x4D, 0x66, 0x80, 0xFF,
    0x51, 0x6C, 0x86, 0xFF, 0x51, 0x6C, 0x86, 0xFF, 0x4E, 0x6D, 0x84, 0xFF, 0x4D, 0x6C, 0x83, 0xFF,
    0x4B, 0x6A, 0x7F, 0xFF, 0x49, 0x69, 0x7C, 0xFF, 0x48, 0x68, 0x7B, 0xFF, 0x49, 0x69, 0x7C, 0xFF,
    0x48, 0x67, 0x7C, 0xFF, 0x49, 0x68, 0x7F, 0xFF, 0x4A, 0x69, 0x80, 0xFF, 0x4A, 0x69, 0x80, 0xFF,
    0x48, 0x67, 0x7E, 0xFF, 0x45, 0x64, 0x7B, 0xFF, 0x41, 0x60, 0x77, 0xFF, 0x3F, 0x5E, 0x75, 0xFF,
    0x44, 0x63, 0x7A, 0xFF, 0x44, 0x63, 0x7A, 0xFF, 0x30, 0x34, 0x50, 0xFF, 0x30, 0x34, 0x50, 0xFF,
    0x31, 0x36, 0x4F, 0xFF, 0x33, 0x38, 0x51, 0xFF, 0x33, 0x37, 0x4F, 0xFF, 0x30, 0x37, 0x4B, 0xFF,
    0x2F, 0x34, 0x49, 0xFF, 0x2D, 0x34, 0x47, 0xFF, 0x2C, 0x33, 0x46, 0xFF, 0x28, 0x2F, 0x43, 0xFF,
    0x24, 0x2D, 0x41, 0xFF, 0x2C, 0x37, 0x4D, 0xFF, 0x40, 0x4A, 0x62, 0xFF, 0x52, 0x5D, 0x78, 0xFF,
    0x60, 0x6B, 0x87, 0xFF, 0x6A, 0x75, 0x93, 0xFF, 0x70, 0x7F, 0x9F, 0xFF, 0x68, 0x7A, 0x99, 0xFF,
    0x5D, 0x6E, 0x8F, 0xFF, 0x4F, 0x63, 0x82, 0xFF, 0x49, 0x5C, 0x7D, 0xFF, 0x49, 0x5E, 0x7D, 0xFF,
    0x4C, 0x61, 0x80, 0xFF, 0x4C, 0x64, 0x82, 0xFF, 0x4F, 0x67, 0x85, 0xFF, 0x51, 0x69, 0x87, 0xFF,
    0x54, 0x6B, 0x8B, 0xFF, 0x54, 0x6B, 0x8B, 0xFF, 0x4F, 0x66, 0x86, 0xFF, 0x48, 0x5F, 0x7F, 0xFF,
    0x47, 0x5C, 0x7C, 0xFF, 0x48, 0x5D, 0x7C, 0xFF, 0x43, 0x58, 0x77, 0xFF, 0x42, 0x58, 0x74, 0xFF,
    0x43, 0x59, 0x75, 0xFF, 0x45, 0x5B, 0x77, 0xFF, 0x47, 0x5D, 0x79, 0xFF, 0x48, 0x5E, 0x7A, 0xFF,
    0x48, 0x5D, 0x79, 0xFF, 0x47, 0x5C, 0x78, 0xFF, 0x38, 0x4D, 0x68, 0xFF, 0x2E, 0x43, 0x5E, 0xFF,
    0x24, 0x37, 0x52, 0xFF, 0x1B, 0x2E, 0x49, 0xFF, 0x14, 0x27, 0x42, 0xFF, 0x0E, 0x21, 0x3C, 0xFF,
    0x0A, 0x1D, 0x38, 0xFF, 0x0A, 0x1B, 0x36, 0xFF, 0x0B, 0x19, 0x36, 0xFF, 0x0B, 0x17, 0x33, 0xFF,
    0x08, 0x14, 0x30, 0xFF, 0x06, 0x11, 0x2C, 0xFF, 0x07, 0x11, 0x29, 0xFF, 0x0A, 0x12, 0x29, 0xFF,
    0x0E, 0x15, 0x29, 0xFF, 0x0F, 0x16, 0x29, 0xFF, 0x10, 0x17, 0x28, 0xFF, 0x10, 0x17, 0x28, 0xFF,
    0x10, 0x17, 0x26, 0xFF, 0x10, 0x17, 0x26, 0xFF, 0x10, 0x17, 0x26, 0xFF, 0x10, 0x17, 0x26, 0xFF,
    0x10, 0x17, 0x26, 0xFF, 0x10, 0x17, 0x26, 0xFF, 0x10, 0x15, 0x24, 0xFF, 0x10, 0x15, 0x24, 0xFF,
    0x11, 0x16, 0x25, 0xFF, 0x12, 0x17, 0x26, 0xFF, 0x13, 0x18, 0x27, 0xFF, 0x15, 0x1A, 0x29, 0xFF,
    0x15, 0x1A, 0x29, 0xFF, 0x16, 0x1B, 0x2A, 0xFF, 0x14, 0x19, 0x28, 0xFF, 0x14, 0x19, 0x28, 0xFF,
    0x15, 0x1A, 0x29, 0xFF, 0x16, 0x1B, 0x2A, 0xFF, 0x17, 0x1C, 0x2B, 0xFF, 0x18, 0x1D, 0x2C, 0xFF,
    0x19, 0x1E, 0x2D, 0xFF, 0x1A, 0x1F, 0x2E, 0xFF, 0x18, 0x20, 0x2D, 0xFF, 0x18, 0x20, 0x2D, 0xFF,
    0x18, 0x20, 0x2D, 0xFF, 0x17, 0x1F, 0x2C, 0xFF, 0x16, 0x1E, 0x2B, 0xFF, 0x14, 0x1C, 0x29, 0xFF,
    0x14, 0x1A, 0x27, 0xFF, 0x13, 0x19, 0x26, 0xFF, 0x11, 0x19, 0x26, 0xFF, 0x12, 0x1A, 0x27, 0xFF,
    0x12, 0x1A, 0x27, 0xFF, 0x12, 0x1B, 0x28, 0xFF, 0x12, 0x1B, 0x28, 0xFF, 0x12, 0x1E, 0x2A, 0xFF,
    0x15, 0x21, 0x2D, 0xFF, 0x13, 0x23, 0x30, 0xFF, 0x13, 0x23, 0x34, 0xFF, 0x29, 0x3A, 0x4D, 0xFF,
    0x43, 0x56, 0x6B, 0xFF, 0x4A, 0x5F, 0x75, 0xFF, 0x46, 0x5B, 0x71, 0xFF, 0x48, 0x5E, 0x77, 0xFF,
    0x51, 0x68, 0x82, 0xFF, 0x52, 0x6B, 0x85, 0xFF, 0x54, 0x6F, 0x89, 0xFF, 0x53, 0x6E, 0x88, 0xFF,
    0x4F, 0x6E, 0x85, 0xFF, 0x4C, 0x6B, 0x82, 0xFF, 0x49, 0x68, 0x7D, 0xFF, 0x47, 0x66, 0x7B, 0xFF,
    0x46, 0x66, 0x79, 0xFF, 0x45, 0x65, 0x78, 0xFF, 0x46, 0x65, 0x7C, 0xFF, 0x48, 0x67, 0x7E, 0xFF,
    0x4A, 0x69, 0x80, 0xFF, 0x4B, 0x6A, 0x81, 0xFF, 0x4A, 0x69, 0x80, 0xFF, 0x47, 0x66, 0x7D, 0xFF,
    0x43, 0x62, 0x79, 0xFF, 0x40, 0x5F, 0x76, 0xFF, 0x44, 0x63, 0x7A, 0xFF, 0x44, 0x63, 0x7A, 0xFF,
    0x31, 0x38, 0x53, 0xFF, 0x2F, 0x36, 0x51, 0xFF, 0x2E, 0x35, 0x4E, 0xFF, 0x30, 0x37, 0x50, 0xFF,
    0x32, 0x38, 0x4F, 0xFF, 0x2F, 0x38, 0x4C, 0xFF, 0x32, 0x39, 0x4D, 0xFF, 0x33, 0x3C, 0x50, 0xFF,
    0x2A, 0x33, 0x47, 0xFF, 0x27, 0x32, 0x48, 0xFF, 0x29, 0x33, 0x4B, 0xFF, 0x3A, 0x45, 0x60, 0xFF,
    0x56, 0x62, 0x7E, 0xFF, 0x67, 0x72, 0x90, 0xFF, 0x6B, 0x76, 0x96, 0xFF, 0x6E, 0x7B, 0x9B, 0xFF,
    0x69, 0x7A, 0x9B, 0xFF, 0x63, 0x76, 0x97, 0xFF, 0x5A, 0x6D, 0x90, 0xFF, 0x4F, 0x64, 0x84, 0xFF,
    0x4A, 0x5E, 0x81, 0xFF, 0x4B, 0x62, 0x82, 0xFF, 0x50, 0x67, 0x87, 0xFF, 0x51, 0x6A, 0x8A, 0xFF,
    0x51, 0x6A, 0x8A, 0xFF, 0x50, 0x69, 0x89, 0xFF, 0x50, 0x69, 0x89, 0xFF, 0x4E, 0x67, 0x87, 0xFF,
    0x4B, 0x62, 0x82, 0xFF, 0x46, 0x5D, 0x7D, 0xFF, 0x48, 0x5D, 0x7D, 0xFF, 0x4A, 0x5F, 0x7E, 0xFF,
    0x46, 0x5E, 0x7C, 0xFF, 0x45, 0x5D, 0x79, 0xFF, 0x45, 0x5D, 0x79, 0xFF, 0x46, 0x5E, 0x7A, 0xFF,
    0x47, 0x5D, 0x79, 0xFF, 0x44, 0x5A, 0x76, 0xFF, 0x40, 0x55, 0x71, 0xFF, 0x3C, 0x51, 0x6D, 0xFF,
    0x33, 0x46, 0x61, 0xFF, 0x29, 0x3C, 0x57, 0xFF, 0x1D, 0x30, 0x4B, 0xFF, 0x15, 0x28, 0x43, 0xFF,
    0x11, 0x22, 0x3C, 0xFF, 0x0C, 0x1D, 0x37, 0xFF, 0x09, 0x1A, 0x34, 0xFF, 0x08, 0x19, 0x33, 0xFF,
    0x08, 0x16, 0x32, 0xFF, 0x09, 0x15, 0x31, 0xFF, 0x07, 0x12, 0x2D, 0xFF, 0x06, 0x12, 0x2A, 0xFF,
    0x07, 0x11, 0x29, 0xFF, 0x0B, 0x13, 0x2A, 0xFF, 0x0F, 0x16, 0x2A, 0xFF, 0x11, 0x18, 0x2B, 0xFF,
    0x11, 0x18, 0x29, 0xFF, 0x11, 0x18, 0x29, 0xFF, 0x12, 0x17, 0x26, 0xFF, 0x12, 0x17, 0x26, 0xFF,
    0x0F, 0x16, 0x25, 0xFF, 0x0F, 0x16, 0x25, 0xFF, 0x0F, 0x16, 0x27, 0xFF, 0x0F, 0x16, 0x27, 0xFF,
    0x12, 0x17, 0x26, 0xFF, 0x12, 0x17, 0x26, 0xFF, 0x12, 0x17, 0x26, 0xFF, 0x12, 0x17, 0x26, 0xFF,
    0x12, 0x17, 0x26, 0xFF, 0x12, 0x17, 0x26, 0xFF, 0x12, 0x17, 0x26, 0xFF, 0x12, 0x17, 0x26, 0xFF,
    0x12, 0x17, 0x26, 0xFF, 0x13, 0x18, 0x27, 0xFF, 0x13, 0x18, 0x27, 0xFF, 0x15, 0x1A, 0x29, 0xFF,
    0x16, 0x1B, 0x2A, 0xFF, 0x17, 0x1C, 0x2B, 0xFF, 0x18, 0x1D, 0x2C, 0xFF, 0x18, 0x1D, 0x2C, 0xFF,
    0x16, 0x1E, 0x2B, 0xFF, 0x16, 0x1F, 0x2C, 0xFF, 0x17, 0x1F, 0x2C, 0xFF, 0x17, 0x1F, 0x2C, 0xFF,
    0x18, 0x1E, 0x2B, 0xFF, 0x16, 0x1C, 0x29, 0xFF, 0x15, 0x1B, 0x28, 0xFF, 0x14, 0x1A, 0x27, 0xFF,
    0x14, 0x1A, 0x27, 0xFF, 0x12, 0x1A, 0x27, 0xFF, 0x13, 0x1B, 0x28, 0xFF, 0x12, 0x1B, 0x28, 0xFF,
    0x12, 0x1B, 0x28, 0xFF, 0x12, 0x1E, 0x2A, 0xFF, 0x15, 0x21, 0x2D, 0xFF, 0x15, 0x22, 0x30, 0xFF,
    0x11, 0x21, 0x31, 0xFF, 0x1C, 0x2E, 0x3F, 0xFF, 0x35, 0x49, 0x5B, 0xFF, 0x47, 0x5D, 0x6F, 0xFF,
    0x49, 0x5E, 0x74, 0xFF, 0x47, 0x5D, 0x76, 0xFF, 0x50, 0x67, 0x81, 0xFF, 0x57, 0x70, 0x8A, 0xFF,
    0x50, 0x6B, 0x85, 0xFF, 0x4F, 0x6A, 0x84, 0xFF, 0x4B, 0x6A, 0x81, 0xFF, 0x49, 0x68, 0x7F, 0xFF,
    0x47, 0x66, 0x7B, 0xFF, 0x46, 0x65, 0x7A, 0xFF, 0x45, 0x65, 0x78, 0xFF, 0x44, 0x64, 0x77, 0xFF,
    0x44, 0x63, 0x7A, 0xFF, 0x46, 0x65, 0x7C, 0xFF, 0x49, 0x68, 0x7F, 0xFF, 0x4B, 0x6A, 0x81, 0xFF,
    0x4B, 0x6A, 0x81, 0xFF, 0x49, 0x68, 0x7F, 0xFF, 0x46, 0x65, 0x7C, 0xFF, 0x44, 0x63, 0x7A, 0xFF,
    0x44, 0x63, 0x7A, 0xFF, 0x44, 0x63, 0x7A, 0xFF, 0x30, 0x39, 0x54, 0xFF, 0x2D, 0x36, 0x51, 0xFF,
    0x2D, 0x36, 0x51, 0xFF, 0x32, 0x39, 0x52, 0xFF, 0x32, 0x3A, 0x51, 0xFF, 0x2F, 0x37, 0x4E, 0xFF,
    0x30, 0x39, 0x4D, 0xFF, 0x32, 0x3D, 0x51, 0xFF, 0x28, 0x33, 0x49, 0xFF, 0x28, 0x34, 0x4C, 0xFF,
    0x2B, 0x36, 0x51, 0xFF, 0x3F, 0x4B, 0x67, 0xFF, 0x5B, 0x69, 0x86, 0xFF, 0x63, 0x70, 0x90, 0xFF,
    0x5B, 0x67, 0x89, 0xFF, 0x5A, 0x68, 0x8C, 0xFF, 0x63, 0x76, 0x99, 0xFF, 0x61, 0x75, 0x98, 0xFF,
    0x5C, 0x70, 0x93, 0xFF, 0x52, 0x68, 0x8B, 0xFF, 0x4D, 0x63, 0x86, 0xFF, 0x4A, 0x63, 0x85, 0xFF,
    0x4C, 0x65, 0x85, 0xFF, 0x4D, 0x66, 0x86, 0xFF, 0x52, 0x6B, 0x8B, 0xFF, 0x51, 0x6A, 0x8A, 0xFF,
    0x50, 0x69, 0x89, 0xFF, 0x4F, 0x68, 0x88, 0xFF, 0x4D, 0x64, 0x84, 0xFF, 0x48, 0x5F, 0x7F, 0xFF,
    0x48, 0x5D, 0x7D, 0xFF, 0x49, 0x5E, 0x7D, 0xFF, 0x49, 0x61, 0x7D, 0xFF, 0x48, 0x60, 0x7C, 0xFF,
    0x47, 0x5F, 0x7B, 0xFF, 0x46, 0x5E, 0x7A, 0xFF, 0x44, 0x5A, 0x76, 0xFF, 0x3D, 0x53, 0x6F, 0xFF,
    0x35, 0x4A, 0x66, 0xFF, 0x2F, 0x44, 0x60, 0xFF, 0x27, 0x3A, 0x55, 0xFF, 0x1F, 0x32, 0x4D, 0xFF,
    0x15, 0x28, 0x43, 0xFF, 0x0F, 0x22, 0x3D, 0xFF, 0x0E, 0x1F, 0x39, 0xFF, 0x09, 0x1A, 0x34, 0xFF,
    0x07, 0x18, 0x32, 0xFF, 0x08, 0x17, 0x31, 0xFF, 0x09, 0x16, 0x30, 0xFF, 0x07, 0x14, 0x2E, 0xFF,
    0x07, 0x13, 0x2B, 0xFF, 0x06, 0x12, 0x2A, 0xFF, 0x0A, 0x12, 0x29, 0xFF, 0x0C, 0x15, 0x29, 0xFF,
    0x11, 0x18, 0x2B, 0xFF, 0x12, 0x19, 0x2C, 0xFF, 0x10, 0x17, 0x28, 0xFF, 0x10, 0x17, 0x28, 0xFF,
    0x11, 0x16, 0x25, 0xFF, 0x10, 0x15, 0x24, 0xFF, 0x0D, 0x14, 0x23, 0xFF, 0x0D, 0x14, 0x23, 0xFF,
    0x0D, 0x14, 0x25, 0xFF, 0x0D, 0x14, 0x25, 0xFF, 0x11, 0x16, 0x25, 0xFF, 0x11, 0x16, 0x25, 0xFF,
    0x11, 0x16, 0x25, 0xFF, 0x10, 0x15, 0x24, 0xFF, 0x10, 0x15, 0x24, 0xFF, 0x0F, 0x14, 0x23, 0xFF,
    0x0F, 0x14, 0x23, 0xFF, 0x0E, 0x13, 0x22, 0xFF, 0x11, 0x16, 0x25, 0xFF, 0x11, 0x16, 0x25, 0xFF,
    0x12, 0x17, 0x26, 0xFF, 0x13, 0x18, 0x27, 0xFF, 0x14, 0x19, 0x28, 0xFF, 0x15, 0x1A, 0x29, 0xFF,
    0x15, 0x1A, 0x29, 0xFF, 0x14, 0x1B, 0x2A, 0xFF, 0x14, 0x1C, 0x29, 0xFF, 0x14, 0x1D, 0x2A, 0xFF,
    0x16, 0x1E, 0x2B, 0xFF, 0x17, 0x1F, 0x2C, 0xFF, 0x19, 0x1F, 0x2C, 0xFF, 0x18, 0x1E, 0x2B, 0xFF,
    0x16, 0x1C, 0x29, 0xFF, 0x15, 0x1B, 0x28, 0xFF, 0x14, 0x1A, 0x27, 0xFF, 0x15, 0x1B, 0x28, 0xFF,
    0x13, 0x1B, 0x28, 0xFF, 0x13, 0x1B, 0x28, 0xFF, 0x12, 0x1B, 0x28, 0xFF, 0x14, 0x1D, 0x2A, 0xFF,
    0x14, 0x20, 0x2C, 0xFF, 0x14, 0x22, 0x2E, 0xFF, 0x12, 0x23, 0x30, 0xFF, 0x14, 0x27, 0x36, 0xFF,
    0x26, 0x39, 0x48, 0xFF, 0x3F, 0x53, 0x64, 0xFF, 0x4A, 0x5F, 0x74, 0xFF, 0x47, 0x5E, 0x74, 0xFF,
    0x4A, 0x62, 0x7A, 0xFF, 0x54, 0x6D, 0x87, 0xFF, 0x4A, 0x63, 0x7D, 0xFF, 0x46, 0x61, 0x7B, 0xFF,
    0x43, 0x62, 0x79, 0xFF, 0x43, 0x62, 0x79, 0xFF, 0x44, 0x63, 0x78, 0xFF, 0x45, 0x64, 0x79, 0xFF,
    0x46, 0x66, 0x79, 0xFF, 0x46, 0x66, 0x79, 0xFF, 0x43, 0x62, 0x79, 0xFF, 0x44, 0x63, 0x7A, 0xFF,
    0x47, 0x66, 0x7D, 0xFF, 0x49, 0x68, 0x7F, 0xFF, 0x4A, 0x69, 0x80, 0xFF, 0x49, 0x68, 0x7F, 0xFF,
    0x47, 0x66, 0x7D, 0xFF, 0x46, 0x65, 0x7C, 0xFF, 0x44, 0x63, 0x7A, 0xFF, 0x44, 0x63, 0x7A, 0xFF,
    0x2C, 0x37, 0x53, 0xFF, 0x2E, 0x39, 0x54, 0xFF, 0x36, 0x41, 0x5C, 0xFF, 0x41, 0x4B, 0x63, 0xFF,
    0x40, 0x4B, 0x61, 0xFF, 0x35, 0x40, 0x56, 0xFF, 0x2C, 0x37, 0x4D, 0xFF, 0x27, 0x34, 0x4A, 0xFF,
    0x27, 0x33, 0x4B, 0xFF, 0x28, 0x36, 0x4D, 0xFF, 0x27, 0x34, 0x4E, 0xFF, 0x35, 0x43, 0x5F, 0xFF,
    0x52, 0x5F, 0x7F, 0xFF, 0x57, 0x66, 0x87, 0xFF, 0x50, 0x5E, 0x82, 0xFF, 0x54, 0x64, 0x89, 0xFF,
    0x5A, 0x6D, 0x92, 0xFF, 0x59, 0x6F, 0x93, 0xFF, 0x57, 0x6D, 0x91, 0xFF, 0x52, 0x68, 0x8C, 0xFF,
    0x4C, 0x65, 0x87, 0xFF, 0x4A, 0x65, 0x87, 0xFF, 0x4C, 0x67, 0x89, 0xFF, 0x4D, 0x68, 0x8A, 0xFF,
    0x4E, 0x6A, 0x89, 0xFF, 0x50, 0x6C, 0x8B, 0xFF, 0x55, 0x6E, 0x8E, 0xFF, 0x57, 0x70, 0x90, 0xFF,
    0x56, 0x6E, 0x8C, 0xFF, 0x50, 0x65, 0x84, 0xFF, 0x4A, 0x5E, 0x7D, 0xFF, 0x46, 0x5B, 0x7A, 0xFF,
    0x46, 0x5E, 0x7A, 0xFF, 0x44, 0x5C, 0x78, 0xFF, 0x42, 0x5A, 0x76, 0xFF, 0x3E, 0x56, 0x72, 0xFF,
    0x3A, 0x50, 0x6C, 0xFF, 0x31, 0x47, 0x63, 0xFF, 0x28, 0x3D, 0x58, 0xFF, 0x21, 0x36, 0x51, 0xFF,
    0x1B, 0x2E, 0x49, 0xFF, 0x14, 0x27, 0x42, 0xFF, 0x10, 0x21, 0x3B, 0xFF, 0x0D, 0x1E, 0x38, 0xFF,
    0x0C, 0x1D, 0x37, 0xFF, 0x09, 0x1A, 0x34, 0xFF, 0x08, 0x17, 0x31, 0xFF, 0x07, 0x16, 0x30, 0xFF,
    0x09, 0x16, 0x30, 0xFF, 0x09, 0x15, 0x2D, 0xFF, 0x08, 0x14, 0x2C, 0xFF, 0x08, 0x14, 0x2C, 0xFF,
    0x0D, 0x15, 0x2C, 0xFF, 0x0E, 0x17, 0x2B, 0xFF, 0x12, 0x19, 0x2C, 0xFF, 0x14, 0x1A, 0x2D, 0xFF,
    0x14, 0x18, 0x2A, 0xFF, 0x13, 0x17, 0x29, 0xFF, 0x11, 0x15, 0x27, 0xFF, 0x10, 0x14, 0x26, 0xFF,
    0x0F, 0x13, 0x25, 0xFF, 0x0F, 0x13, 0x25, 0xFF, 0x0F, 0x13, 0x25, 0xFF, 0x0F, 0x13, 0x25, 0xFF,
    0x10, 0x15, 0x24, 0xFF, 0x10, 0x15, 0x24, 0xFF, 0x0F, 0x14, 0x23, 0xFF, 0x0F, 0x14, 0x23, 0xFF,
    0x0F, 0x14, 0x23, 0xFF, 0x0F, 0x14, 0x23, 0xFF, 0x0F, 0x14, 0x23, 0xFF, 0x0E, 0x13, 0x22, 0xFF,
    0x0F, 0x14, 0x23, 0xFF, 0x0F, 0x14, 0x23, 0xFF, 0x10, 0x15, 0x24, 0xFF, 0x11, 0x16, 0x25, 0xFF,
    0x11, 0x16, 0x25, 0xFF, 0x12, 0x17, 0x26, 0xFF, 0x12, 0x17, 0x26, 0xFF, 0x10, 0x17, 0x26, 0xFF,
    0x13, 0x1B, 0x28, 0xFF, 0x13, 0x1C, 0x29, 0xFF, 0x16, 0x1E, 0x2B, 0xFF, 0x17, 0x1F, 0x2C, 0xFF,
    0x1A, 0x20, 0x2D, 0xFF, 0x19, 0x1F, 0x2C, 0xFF, 0x18, 0x1E, 0x2B, 0xFF, 0x18, 0x1E, 0x2B, 0xFF,
    0x14, 0x1A, 0x27, 0xFF, 0x14, 0x1A, 0x27, 0xFF, 0x12, 0x1B, 0x25, 0xFF, 0x12, 0x1B, 0x25, 0xFF,
    0x11, 0x1B, 0x25, 0xFF, 0x13, 0x1D, 0x27, 0xFF, 0x13, 0x1F, 0x29, 0xFF, 0x13, 0x21, 0x2D, 0xFF,
    0x12, 0x22, 0x2E, 0xFF, 0x10, 0x23, 0x30, 0xFF, 0x18, 0x2B, 0x3A, 0xFF, 0x2F, 0x43, 0x54, 0xFF,
    0x4A, 0x60, 0x72, 0xFF, 0x4C, 0x64, 0x78, 0xFF, 0x49, 0x61, 0x79, 0xFF, 0x4F, 0x69, 0x81, 0xFF,
    0x47, 0x60, 0x7A, 0xFF, 0x43, 0x5E, 0x78, 0xFF, 0x40, 0x5E, 0x77, 0xFF, 0x40, 0x5F, 0x76, 0xFF,
    0x42, 0x61, 0x76, 0xFF, 0x44, 0x63, 0x78, 0xFF, 0x44, 0x64, 0x77, 0xFF, 0x44, 0x64, 0x77, 0xFF,
    0x43, 0x62, 0x79, 0xFF, 0x44, 0x63, 0x7A, 0xFF, 0x45, 0x64, 0x7B, 0xFF, 0x46, 0x65, 0x7C, 0xFF,
    0x47, 0x66, 0x7D, 0xFF, 0x46, 0x65, 0x7C, 0xFF, 0x45, 0x64, 0x7B, 0xFF, 0x45, 0x64, 0x7B, 0xFF,
    0x44, 0x63, 0x7A, 0xFF, 0x44, 0x63, 0x7A, 0xFF, 0x3B, 0x45, 0x63, 0xFF, 0x44, 0x4F, 0x6B, 0xFF,
    0x56, 0x61, 0x7D, 0xFF, 0x65, 0x70, 0x8B, 0xFF, 0x65, 0x6F, 0x87, 0xFF, 0x52, 0x5C, 0x74, 0xFF,
    0x3B, 0x47, 0x5F, 0xFF, 0x30, 0x3C, 0x54, 0xFF, 0x2C, 0x3A, 0x51, 0xFF, 0x2B, 0x38, 0x52, 0xFF,
    0x23, 0x30, 0x4A, 0xFF, 0x2B, 0x39, 0x55, 0xFF, 0x45, 0x54, 0x74, 0xFF, 0x50, 0x5F, 0x80, 0xFF,
    0x50, 0x60, 0x84, 0xFF, 0x5D, 0x70, 0x93, 0xFF, 0x59, 0x6D, 0x90, 0xFF, 0x5B, 0x71, 0x94, 0xFF,
    0x5C, 0x72, 0x96, 0xFF, 0x59, 0x6F, 0x92, 0xFF, 0x51, 0x6A, 0x8C, 0xFF, 0x4E, 0x67, 0x89, 0xFF,
    0x4B, 0x64, 0x86, 0xFF, 0x49, 0x62, 0x84, 0xFF, 0x4F, 0x68, 0x88, 0xFF, 0x53, 0x6C, 0x8C, 0xFF,
    0x5A, 0x73, 0x93, 0xFF, 0x62, 0x79, 0x99, 0xFF, 0x62, 0x77, 0x96, 0xFF, 0x57, 0x6C, 0x8B, 0xFF,
    0x4B, 0x5F, 0x7E, 0xFF, 0x43, 0x58, 0x77, 0xFF, 0x43, 0x59, 0x75, 0xFF, 0x3F, 0x57, 0x73, 0xFF,
    0x3B, 0x53, 0x6F, 0xFF, 0x36, 0x4E, 0x6A, 0xFF, 0x31, 0x47, 0x63, 0xFF, 0x28, 0x3E, 0x5A, 0xFF,
    0x1E, 0x34, 0x50, 0xFF, 0x18, 0x2D, 0x48, 0xFF, 0x12, 0x27, 0x42, 0xFF, 0x0F, 0x22, 0x3D, 0xFF,
    0x0A, 0x1D, 0x38, 0xFF, 0x0C, 0x1D, 0x37, 0xFF, 0x0C, 0x1D, 0x37, 0xFF, 0x09, 0x1A, 0x34, 0xFF,
    0x08, 0x17, 0x31, 0xFF, 0x09, 0x17, 0x2E, 0xFF, 0x0C, 0x18, 0x30, 0xFF, 0x0D, 0x18, 0x2E, 0xFF,
    0x0D, 0x17, 0x2F, 0xFF, 0x0D, 0x18, 0x2E, 0xFF, 0x0F, 0x18, 0x2C, 0xFF, 0x13, 0x1A, 0x2E, 0xFF,
    0x14, 0x1B, 0x2E, 0xFF, 0x16, 0x1C, 0x2F, 0xFF, 0x17, 0x1B, 0x2D, 0xFF, 0x16, 0x1A, 0x2C, 0xFF,
    0x14, 0x18, 0x2A, 0xFF, 0x13, 0x17, 0x29, 0xFF, 0x12, 0x16, 0x28, 0xFF, 0x11, 0x15, 0x27, 0xFF,
    0x11, 0x15, 0x27, 0xFF, 0x11, 0x15, 0x27, 0xFF, 0x0F, 0x14, 0x23, 0xFF, 0x0D, 0x14, 0x23, 0xFF,
    0x0F, 0x14, 0x23, 0xFF, 0x0D, 0x14, 0x23, 0xFF, 0x10, 0x15, 0x24, 0xFF, 0x0E, 0x15, 0x24, 0xFF,
    0x11, 0x16, 0x25, 0xFF, 0x0F, 0x16, 0x25, 0xFF, 0x0E, 0x13, 0x22, 0xFF, 0x0C, 0x13, 0x22, 0xFF,
    0x0F, 0x14, 0x23, 0xFF, 0x0D, 0x14, 0x23, 0xFF, 0x0F, 0x14, 0x23, 0xFF, 0x0E, 0x15, 0x24, 0xFF,
    0x10, 0x15, 0x24, 0xFF, 0x0E, 0x15, 0x24, 0xFF, 0x12, 0x1A, 0x27, 0xFF, 0x13, 0x1B, 0x28, 0xFF,
    0x15, 0x1D, 0x2A, 0xFF, 0x19, 0x1F, 0x2C, 0xFF, 0x1B, 0x21, 0x2E, 0xFF, 0x1A, 0x20, 0x2D, 0xFF,
    0x1A, 0x20, 0x2D, 0xFF, 0x19, 0x1F, 0x2C, 0xFF, 0x14, 0x1A, 0x27, 0xFF, 0x14, 0x1A, 0x27, 0xFF,
    0x12, 0x1B, 0x25, 0xFF, 0x11, 0x1A, 0x24, 0xFF, 0x11, 0x1B, 0x25, 0xFF, 0x12, 0x1C, 0x26, 0xFF,
    0x14, 0x1E, 0x28, 0xFF, 0x14, 0x20, 0x2A, 0xFF, 0x0F, 0x1F, 0x2B, 0xFF, 0x10, 0x22, 0x2D, 0xFF,
    0x11, 0x22, 0x2F, 0xFF, 0x26, 0x39, 0x48, 0xFF, 0x4B, 0x5F, 0x70, 0xFF, 0x54, 0x6A, 0x7C, 0xFF,
    0x4C, 0x63, 0x79, 0xFF, 0x4F, 0x67, 0x7D, 0xFF, 0x4B, 0x65, 0x7D, 0xFF, 0x46, 0x62, 0x7A, 0xFF,
    0x44, 0x60, 0x78, 0xFF, 0x41, 0x60, 0x77, 0xFF, 0x41, 0x60, 0x77, 0xFF, 0x42, 0x61, 0x76, 0xFF,
    0x41, 0x60, 0x75, 0xFF, 0x40, 0x5F, 0x74, 0xFF, 0x44, 0x63, 0x7A, 0xFF, 0x44, 0x63, 0x7A, 0xFF,
    0x46, 0x62, 0x7A, 0xFF, 0x44, 0x63, 0x7A, 0xFF, 0x46, 0x62, 0x7A, 0xFF, 0x43, 0x62, 0x79, 0xFF,
    0x45, 0x61, 0x79, 0xFF, 0x42, 0x61, 0x78, 0xFF, 0x46, 0x62, 0x7A, 0xFF, 0x44, 0x63, 0x7A, 0xFF,
    0x5D, 0x68, 0x88, 0xFF, 0x68, 0x73, 0x93, 0xFF, 0x75, 0x7E, 0x9F, 0xFF, 0x78, 0x82, 0xA0, 0xFF,
    0x73, 0x7E, 0x9A, 0xFF, 0x63, 0x6E, 0x89, 0xFF, 0x49, 0x54, 0x6F, 0xFF, 0x31, 0x3C, 0x57, 0xFF,
    0x30, 0x3B, 0x56, 0xFF, 0x2B, 0x38, 0x52, 0xFF, 0x2B, 0x38, 0x52, 0xFF, 0x29, 0x37, 0x53, 0xFF,
    0x2D, 0x3E, 0x59, 0xFF, 0x44, 0x54, 0x71, 0xFF, 0x55, 0x64, 0x84, 0xFF, 0x4E, 0x60, 0x7F, 0xFF,
    0x52, 0x65, 0x86, 0xFF, 0x53, 0x68, 0x88, 0xFF, 0x56, 0x6A, 0x8D, 0xFF, 0x57, 0x6C, 0x8C, 0xFF,
    0x4E, 0x65, 0x85, 0xFF, 0x43, 0x5A, 0x7A, 0xFF, 0x3E, 0x55, 0x75, 0xFF, 0x3F, 0x56, 0x76, 0xFF,
    0x4A, 0x61, 0x81, 0xFF, 0x51, 0x68, 0x88, 0xFF, 0x5C, 0x73, 0x93, 0xFF, 0x67, 0x7C, 0x9C, 0xFF,
    0x68, 0x7D, 0x9D, 0xFF, 0x5E, 0x73, 0x93, 0xFF, 0x4D, 0x62, 0x82, 0xFF, 0x41, 0x56, 0x75, 0xFF,
    0x42, 0x58, 0x74, 0xFF, 0x3A, 0x50, 0x6C, 0xFF, 0x30, 0x46, 0x62, 0xFF, 0x27, 0x3D, 0x59, 0xFF,
    0x1C, 0x34, 0x52, 0xFF, 0x14, 0x2C, 0x4A, 0xFF, 0x0E, 0x26, 0x44, 0xFF, 0x0F, 0x25, 0x41, 0xFF,
    0x0E, 0x24, 0x40, 0xFF, 0x0D, 0x22, 0x3D, 0xFF, 0x0A, 0x1F, 0x3A, 0xFF, 0x08, 0x1B, 0x36, 0xFF,
    0x09, 0x1A, 0x34, 0xFF, 0x08, 0x19, 0x33, 0xFF, 0x0B, 0x1B, 0x32, 0xFF, 0x0D, 0x1B, 0x32, 0xFF,
    0x0E, 0x19, 0x2F, 0xFF, 0x10, 0x19, 0x2D, 0xFF, 0x11, 0x19, 0x30, 0xFF, 0x12, 0x1B, 0x2F, 0xFF,
    0x14, 0x1B, 0x2F, 0xFF, 0x15, 0x1C, 0x30, 0xFF, 0x16, 0x1D, 0x30, 0xFF, 0x16, 0x1D, 0x30, 0xFF,
    0x14, 0x1A, 0x2D, 0xFF, 0x14, 0x1A, 0x2D, 0xFF, 0x13, 0x19, 0x2C, 0xFF, 0x13, 0x19, 0x2C, 0xFF,
    0x12, 0x18, 0x2B, 0xFF, 0x11, 0x17, 0x2A, 0xFF, 0x10, 0x17, 0x28, 0xFF, 0x10, 0x17, 0x28, 0xFF,
    0x0C, 0x13, 0x22, 0xFF, 0x0B, 0x14, 0x22, 0xFF, 0x0C, 0x13, 0x22, 0xFF, 0x0B, 0x14, 0x22, 0xFF,
    0x0C, 0x13, 0x22, 0xFF, 0x0B, 0x14, 0x22, 0xFF, 0x0C, 0x13, 0x22, 0xFF, 0x0B, 0x14, 0x22, 0xFF,
    0x0C, 0x13, 0x22, 0xFF, 0x0B, 0x14, 0x22, 0xFF, 0x0C, 0x13, 0x22, 0xFF, 0x0B, 0x14, 0x22, 0xFF,
    0x0C, 0x13, 0x22, 0xFF, 0x0B, 0x14, 0x22, 0xFF, 0x0C, 0x13, 0x22, 0xFF, 0x0B, 0x12, 0x21, 0xFF,
    0x0E, 0x13, 0x22, 0xFF, 0x0F, 0x14, 0x23, 0xFF, 0x11, 0x16, 0x25, 0xFF, 0x15, 0x18, 0x27, 0xFF,
    0x16, 0x19, 0x28, 0xFF, 0x16, 0x19, 0x28, 0xFF, 0x14, 0x19, 0x28, 0xFF, 0x13, 0x18, 0x27, 0xFF,
    0x12, 0x18, 0x25, 0xFF, 0x12, 0x18, 0x25, 0xFF, 0x11, 0x19, 0x26, 0xFF, 0x12, 0x1A, 0x27, 0xFF,
    0x14, 0x1C, 0x29, 0xFF, 0x15, 0x1D, 0x2A, 0xFF, 0x16, 0x1E, 0x2B, 0xFF, 0x16, 0x1F, 0x2C, 0xFF,
    0x13, 0x21, 0x2D, 0xFF, 0x12, 0x22, 0x2E, 0xFF, 0x13, 0x23, 0x30, 0xFF, 0x1C, 0x2C, 0x3C, 0xFF,
    0x37, 0x4A, 0x59, 0xFF, 0x53, 0x67, 0x78, 0xFF, 0x5A, 0x70, 0x82, 0xFF, 0x50, 0x68, 0x7C, 0xFF,
    0x52, 0x6A, 0x80, 0xFF, 0x4D, 0x68, 0x7D, 0xFF, 0x48, 0x65, 0x7A, 0xFF, 0x47, 0x63, 0x7B, 0xFF,
    0x45, 0x64, 0x7B, 0xFF, 0x45, 0x64, 0x7B, 0xFF, 0x44, 0x63, 0x7A, 0xFF, 0x43, 0x62, 0x79, 0xFF,
    0x46, 0x62, 0x7A, 0xFF, 0x46, 0x62, 0x7A, 0xFF, 0x48, 0x62, 0x7A, 0xFF, 0x46, 0x62, 0x7A, 0xFF,
    0x48, 0x62, 0x7A, 0xFF, 0x46, 0x62, 0x7A, 0xFF, 0x46, 0x60, 0x78, 0xFF, 0x43, 0x5F, 0x77, 0xFF,
    0x48, 0x62, 0x7A, 0xFF, 0x45, 0x61, 0x79, 0xFF, 0x67, 0x71, 0x93, 0xFF, 0x69, 0x73, 0x95, 0xFF,
    0x6A, 0x73, 0x95, 0xFF, 0x67, 0x70, 0x91, 0xFF, 0x63, 0x6D, 0x8B, 0xFF, 0x5B, 0x66, 0x82, 0xFF,
    0x49, 0x54, 0x70, 0xFF, 0x37, 0x42, 0x5D, 0xFF, 0x30, 0x3B, 0x56, 0xFF, 0x2B, 0x36, 0x51, 0xFF,
    0x2B, 0x38, 0x52, 0xFF, 0x29, 0x38, 0x52, 0xFF, 0x2A, 0x38, 0x54, 0xFF, 0x39, 0x4A, 0x65, 0xFF,
    0x4E, 0x5E, 0x7B, 0xFF, 0x51, 0x63, 0x80, 0xFF, 0x4F, 0x63, 0x82, 0xFF, 0x4E, 0x63, 0x83, 0xFF,
    0x4F, 0x64, 0x84, 0xFF, 0x4F, 0x64, 0x84, 0xFF, 0x49, 0x5E, 0x7E, 0xFF, 0x41, 0x56, 0x76, 0xFF,
    0x3D, 0x52, 0x72, 0xFF, 0x3F, 0x54, 0x74, 0xFF, 0x48, 0x5D, 0x7D, 0xFF, 0x4D, 0x62, 0x82, 0xFF,
    0x56, 0x6B, 0x8B, 0xFF, 0x5D, 0x72, 0x92, 0xFF, 0x5E, 0x73, 0x93, 0xFF, 0x57, 0x6C, 0x8C, 0xFF,
    0x49, 0x5E, 0x7E, 0xFF, 0x3F, 0x54, 0x73, 0xFF, 0x3C, 0x52, 0x6E, 0xFF, 0x33, 0x49, 0x65, 0xFF,
    0x28, 0x3E, 0x5A, 0xFF, 0x1F, 0x35, 0x51, 0xFF, 0x18, 0x2D, 0x4C, 0xFF, 0x10, 0x28, 0x46, 0xFF,
    0x0C, 0x24, 0x42, 0xFF, 0x0C, 0x24, 0x42, 0xFF, 0x0F, 0x25, 0x41, 0xFF, 0x0D, 0x23, 0x3F, 0xFF,
    0x0A, 0x1F, 0x3A, 0xFF, 0x0A, 0x1D, 0x38, 0xFF, 0x0A, 0x1B, 0x35, 0xFF, 0x09, 0x1A, 0x34, 0xFF,
    0x0C, 0x1C, 0x33, 0xFF, 0x0F, 0x1D, 0x33, 0xFF, 0x12, 0x1A, 0x31, 0xFF, 0x14, 0x1B, 0x2F, 0xFF,
    0x14, 0x1B, 0x2F, 0xFF, 0x15, 0x1C, 0x30, 0xFF, 0x15, 0x1C, 0x30, 0xFF, 0x15, 0x1C, 0x30, 0xFF,
    0x15, 0x1C, 0x2F, 0xFF, 0x16, 0x1D, 0x30, 0xFF, 0x14, 0x1A, 0x2D, 0xFF, 0x14, 0x1A, 0x2D, 0xFF,
    0x13, 0x19, 0x2C, 0xFF, 0x12, 0x18, 0x2B, 0xFF, 0x11, 0x17, 0x2A, 0xFF, 0x11, 0x17, 0x2A, 0xFF,
    0x10, 0x17, 0x28, 0xFF, 0x10, 0x17, 0x28, 0xFF, 0x0B, 0x14, 0x22, 0xFF, 0x0B, 0x14, 0x22, 0xFF,
    0x0B, 0x14, 0x22, 0xFF, 0x0B, 0x14, 0x22, 0xFF, 0x0B, 0x14, 0x22, 0xFF, 0x0B, 0x14, 0x22, 0xFF,
    0x0B, 0x14, 0x22, 0xFF, 0x0B, 0x14, 0x22, 0xFF, 0x0C, 0x15, 0x23, 0xFF, 0x0C, 0x15, 0x23, 0xFF,
    0x0C, 0x15, 0x23, 0xFF, 0x0B, 0x14, 0x22, 0xFF, 0x0B, 0x14, 0x22, 0xFF, 0x0B, 0x14, 0x22, 0xFF,
    0x0B, 0x14, 0x22, 0xFF, 0x0C, 0x13, 0x22, 0xFF, 0x0D, 0x12, 0x21, 0xFF, 0x10, 0x13, 0x22, 0xFF,
    0x11, 0x14, 0x23, 0xFF, 0x12, 0x15, 0x24, 0xFF, 0x13, 0x16, 0x25, 0xFF, 0x14, 0x17, 0x26, 0xFF,
    0x12, 0x17, 0x26, 0xFF, 0x12, 0x17, 0x26, 0xFF, 0x11, 0x17, 0x24, 0xFF, 0x11, 0x17, 0x24, 0xFF,
    0x11, 0x19, 0x26, 0xFF, 0x12, 0x1A, 0x27, 0xFF, 0x13, 0x1B, 0x28, 0xFF, 0x15, 0x1D, 0x2A, 0xFF,
    0x16, 0x1E, 0x2B, 0xFF, 0x15, 0x1E, 0x2B, 0xFF, 0x14, 0x20, 0x2C, 0xFF, 0x14, 0x22, 0x2E, 0xFF,
    0x15, 0x22, 0x30, 0xFF, 0x1A, 0x2A, 0x37, 0xFF, 0x32, 0x42, 0x52, 0xFF, 0x4E, 0x61, 0x70, 0xFF,
    0x5A, 0x6E, 0x7F, 0xFF, 0x57, 0x6D, 0x7F, 0xFF, 0x57, 0x6F, 0x83, 0xFF, 0x52, 0x6B, 0x7F, 0xFF,
    0x4B, 0x66, 0x7B, 0xFF, 0x47, 0x64, 0x79, 0xFF, 0x47, 0x63, 0x7B, 0xFF, 0x46, 0x65, 0x7C, 0xFF,
    0x46, 0x65, 0x7C, 0xFF, 0x47, 0x63, 0x7B, 0xFF, 0x48, 0x62, 0x7A, 0xFF, 0x48, 0x62, 0x7A, 0xFF,
    0x48, 0x62, 0x7A, 0xFF, 0x48, 0x62, 0x7A, 0xFF, 0x49, 0x63, 0x7B, 0xFF, 0x48, 0x62, 0x7A, 0xFF,
    0x47, 0x61, 0x79, 0xFF, 0x45, 0x5F, 0x77, 0xFF, 0x46, 0x60, 0x78, 0xFF, 0x46, 0x60, 0x78, 0xFF,
    0x61, 0x6A, 0x8F, 0xFF, 0x5E, 0x68, 0x8A, 0xFF, 0x59, 0x63, 0x85, 0xFF, 0x55, 0x60, 0x80, 0xFF,
    0x57, 0x61, 0x7F, 0xFF, 0x59, 0x64, 0x80, 0xFF, 0x52, 0x5D, 0x79, 0xFF, 0x49, 0x54, 0x70, 0xFF,
    0x35, 0x40, 0x5B, 0xFF, 0x2E, 0x39, 0x54, 0xFF, 0x2D, 0x3A, 0x54, 0xFF, 0x2B, 0x3A, 0x54, 0xFF,
    0x26, 0x34, 0x50, 0xFF, 0x2C, 0x3D, 0x58, 0xFF, 0x44, 0x55, 0x70, 0xFF, 0x55, 0x67, 0x84, 0xFF,
    0x50, 0x64, 0x83, 0xFF, 0x4D, 0x61, 0x80, 0xFF, 0x4A, 0x5E, 0x7D, 0xFF, 0x47, 0x5B, 0x7A, 0xFF,
    0x42, 0x56, 0x75, 0xFF, 0x3D, 0x51, 0x70, 0xFF, 0x3C, 0x50, 0x6F, 0xFF, 0x3E, 0x52, 0x71, 0xFF,
    0x45, 0x59, 0x78, 0xFF, 0x48, 0x5C, 0x7B, 0xFF, 0x4D, 0x61, 0x80, 0xFF, 0x52, 0x66, 0x85, 0xFF,
    0x54, 0x68, 0x87, 0xFF, 0x4F, 0x63, 0x82, 0xFF, 0x46, 0x5A, 0x79, 0xFF, 0x3E, 0x52, 0x71, 0xFF,
    0x34, 0x49, 0x65, 0xFF, 0x29, 0x3E, 0x5A, 0xFF, 0x1D, 0x32, 0x4E, 0xFF, 0x15, 0x2B, 0x47, 0xFF,
    0x11, 0x26, 0x45, 0xFF, 0x0E, 0x23, 0x42, 0xFF, 0x0C, 0x21, 0x40, 0xFF, 0x0C, 0x21, 0x40, 0xFF,
    0x10, 0x25, 0x41, 0xFF, 0x0E, 0x23, 0x3F, 0xFF, 0x0D, 0x20, 0x3B, 0xFF, 0x0B, 0x1E, 0x39, 0xFF,
    0x0B, 0x1C, 0x36, 0xFF, 0x0D, 0x1D, 0x34, 0xFF, 0x0E, 0x1E, 0x35, 0xFF, 0x10, 0x1E, 0x34, 0xFF,
    0x12, 0x1D, 0x33, 0xFF, 0x14, 0x1D, 0x31, 0xFF, 0x14, 0x1D, 0x31, 0xFF, 0x14, 0x1D, 0x31, 0xFF,
    0x15, 0x1C, 0x2F, 0xFF, 0x15, 0x1C, 0x2F, 0xFF, 0x15, 0x1C, 0x2F, 0xFF, 0x14, 0x1B, 0x2E, 0xFF,
    0x12, 0x19, 0x2C, 0xFF, 0x12, 0x19, 0x2C, 0xFF, 0x13, 0x1A, 0x2B, 0xFF, 0x12, 0x19, 0x2A, 0xFF,
    0x11, 0x18, 0x29, 0xFF, 0x10, 0x17, 0x28, 0xFF, 0x10, 0x17, 0x28, 0xFF, 0x0F, 0x16, 0x27, 0xFF,
    0x0C, 0x13, 0x22, 0xFF, 0x0C, 0x13, 0x22, 0xFF, 0x0C, 0x13, 0x22, 0xFF, 0x0C, 0x13, 0x22, 0xFF,
    0x0C, 0x13, 0x22, 0xFF, 0x0C, 0x13, 0x22, 0xFF, 0x0C, 0x13, 0x22, 0xFF, 0x0C, 0x13, 0x22, 0xFF,
    0x0D, 0x14, 0x23, 0xFF, 0x0D, 0x14, 0x23, 0xFF, 0x0D, 0x14, 0x23, 0xFF, 0x0D, 0x14, 0x23, 0xFF,
    0x0D, 0x14, 0x23, 0xFF, 0x0D, 0x14, 0x23, 0xFF, 0x0C, 0x13, 0x22, 0xFF, 0x0C, 0x13, 0x22, 0xFF,
    0x0C, 0x11, 0x20, 0xFF, 0x0E, 0x11, 0x20, 0xFF, 0x0E, 0x11, 0x20, 0xFF, 0x0E, 0x11, 0x20, 0xFF,
    0x0D, 0x12, 0x21, 0xFF, 0x0E, 0x13, 0x22, 0xFF, 0x0F, 0x14, 0x23, 0xFF, 0x10, 0x15, 0x24, 0xFF,
    0x10, 0x16, 0x23, 0xFF, 0x10, 0x16, 0x23, 0xFF, 0x10, 0x18, 0x25, 0xFF, 0x11, 0x19, 0x26, 0xFF,
    0x12, 0x1A, 0x27, 0xFF, 0x14, 0x1C, 0x29, 0xFF, 0x15, 0x1D, 0x2A, 0xFF, 0x14, 0x1D, 0x2A, 0xFF,
    0x13, 0x1F, 0x2B, 0xFF, 0x13, 0x21, 0x2D, 0xFF, 0x15, 0x22, 0x30, 0xFF, 0x17, 0x27, 0x34, 0xFF,
    0x27, 0x37, 0x47, 0xFF, 0x41, 0x54, 0x63, 0xFF, 0x55, 0x69, 0x7A, 0xFF, 0x5D, 0x73, 0x85, 0xFF,
    0x5B, 0x73, 0x87, 0xFF, 0x54, 0x6D, 0x81, 0xFF, 0x4B, 0x66, 0x7B, 0xFF, 0x45, 0x62, 0x77, 0xFF,
    0x45, 0x61, 0x79, 0xFF, 0x47, 0x63, 0x7B, 0xFF, 0x49, 0x65, 0x7D, 0xFF, 0x49, 0x65, 0x7D, 0xFF,
    0x48, 0x62, 0x7A, 0xFF, 0x48, 0x62, 0x7A, 0xFF, 0x47, 0x61, 0x79, 0xFF, 0x48, 0x62, 0x7A, 0xFF,
    0x49, 0x63, 0x7B, 0xFF, 0x48, 0x62, 0x7A, 0xFF, 0x47, 0x61, 0x79, 0xFF, 0x46, 0x60, 0x78, 0xFF,
    0x45, 0x5F, 0x77, 0xFF, 0x44, 0x5E, 0x76, 0xFF, 0x53, 0x5C, 0x82, 0xFF, 0x52, 0x5B, 0x80, 0xFF,
    0x50, 0x59, 0x7E, 0xFF, 0x50, 0x5A, 0x7C, 0xFF, 0x55, 0x5E, 0x7F, 0xFF, 0x5A, 0x64, 0x82, 0xFF,
    0x5A, 0x64, 0x82, 0xFF, 0x57, 0x62, 0x7E, 0xFF, 0x3F, 0x4A, 0x66, 0xFF, 0x34, 0x3F, 0x5A, 0xFF,
    0x2F, 0x3C, 0x56, 0xFF, 0x2F, 0x3C, 0x56, 0xFF, 0x26, 0x34, 0x50, 0xFF, 0x25, 0x36, 0x51, 0xFF,
    0x3B, 0x4C, 0x67, 0xFF, 0x55, 0x66, 0x81, 0xFF, 0x56, 0x68, 0x85, 0xFF, 0x50, 0x64, 0x83, 0xFF,
    0x49, 0x5D, 0x7C, 0xFF, 0x43, 0x57, 0x76, 0xFF, 0x3E, 0x52, 0x71, 0xFF, 0x3C, 0x50, 0x6F, 0xFF,
    0x3C, 0x50, 0x6F, 0xFF, 0x3E, 0x52, 0x71, 0xFF, 0x42, 0x56, 0x75, 0xFF, 0x43, 0x57, 0x76, 0xFF,
    0x47, 0x5B, 0x7A, 0xFF, 0x4B, 0x5F, 0x7E, 0xFF, 0x4D, 0x61, 0x80, 0xFF, 0x49, 0x5D, 0x7C, 0xFF,
    0x41, 0x55, 0x74, 0xFF, 0x3B, 0x4F, 0x6E, 0xFF, 0x2B, 0x40, 0x5C, 0xFF, 0x20, 0x35, 0x51, 0xFF,
    0x16, 0x2B, 0x47, 0xFF, 0x11, 0x26, 0x42, 0xFF, 0x10, 0x24, 0x43, 0xFF, 0x0E, 0x23, 0x42, 0xFF,
    0x0D, 0x21, 0x40, 0xFF, 0x0D, 0x21, 0x40, 0xFF, 0x0F, 0x24, 0x40, 0xFF, 0x0E, 0x23, 0x3F, 0xFF,
    0x0D, 0x20, 0x3B, 0xFF, 0x0D, 0x1E, 0x38, 0xFF, 0x0E, 0x1E, 0x35, 0xFF, 0x0E, 0x1E, 0x35, 0xFF,
    0x0F, 0x1F, 0x36, 0xFF, 0x11, 0x1F, 0x35, 0xFF, 0x14, 0x1F, 0x33, 0xFF, 0x15, 0x1E, 0x32, 0xFF,
    0x15, 0x1E, 0x32, 0xFF, 0x14, 0x1D, 0x31, 0xFF, 0x15, 0x1C, 0x2F, 0xFF, 0x14, 0x1B, 0x2E, 0xFF,
    0x13, 0x1A, 0x2D, 0xFF, 0x13, 0x1A, 0x2D, 0xFF, 0x12, 0x19, 0x2C, 0xFF, 0x12, 0x19, 0x2C, 0xFF,
    0x12, 0x19, 0x2A, 0xFF, 0x12, 0x19, 0x2A, 0xFF, 0x11, 0x18, 0x29, 0xFF, 0x10, 0x17, 0x28, 0xFF,
    0x10, 0x17, 0x28, 0xFF, 0x10, 0x17, 0x28, 0xFF, 0x0D, 0x14, 0x23, 0xFF, 0x0D, 0x14, 0x23, 0xFF,
    0x0D, 0x14, 0x23, 0xFF, 0x0D, 0x14, 0x23, 0xFF, 0x0D, 0x14, 0x23, 0xFF, 0x0D, 0x14, 0x23, 0xFF,
    0x0D, 0x14, 0x23, 0xFF, 0x0D, 0x14, 0x23, 0xFF, 0x0E, 0x15, 0x24, 0xFF, 0x0E, 0x15, 0x24, 0xFF,
    0x0E, 0x15, 0x24, 0xFF, 0x0E, 0x15, 0x24, 0xFF, 0x0D, 0x14, 0x23, 0xFF, 0x0D, 0x14, 0x23, 0xFF,
    0x0D, 0x14, 0x23, 0xFF, 0x0D, 0x14, 0x23, 0xFF, 0x0D, 0x12, 0x21, 0xFF, 0x0E, 0x11, 0x20, 0xFF,
    0x0D, 0x10, 0x1F, 0xFF, 0x0C, 0x0F, 0x1E, 0xFF, 0x0A, 0x0F, 0x1E, 0xFF, 0x0C, 0x11, 0x20, 0xFF,
    0x0D, 0x12, 0x21, 0xFF, 0x0E, 0x13, 0x22, 0xFF, 0x0F, 0x15, 0x22, 0xFF, 0x0F, 0x15, 0x22, 0xFF,
    0x0E, 0x16, 0x23, 0xFF, 0x0F, 0x17, 0x24, 0xFF, 0x11, 0x19, 0x26, 0xFF, 0x12, 0x1A, 0x27, 0xFF,
    0x13, 0x1B, 0x28, 0xFF, 0x14, 0x1C, 0x29, 0xFF, 0x14, 0x1D, 0x2A, 0xFF, 0x15, 0x21, 0x2D, 0xFF,
    0x17, 0x22, 0x30, 0xFF, 0x16, 0x23, 0x31, 0xFF, 0x1E, 0x2D, 0x3D, 0xFF, 0x35, 0x45, 0x55, 0xFF,
    0x50, 0x62, 0x73, 0xFF, 0x62, 0x76, 0x87, 0xFF, 0x5E, 0x74, 0x86, 0xFF, 0x56, 0x6E, 0x82, 0xFF,
    0x4C, 0x64, 0x7A, 0xFF, 0x45, 0x60, 0x75, 0xFF, 0x44, 0x5E, 0x76, 0xFF, 0x44, 0x60, 0x78, 0xFF,
    0x47, 0x63, 0x7B, 0xFF, 0x48, 0x64, 0x7C, 0xFF, 0x49, 0x63, 0x7B, 0xFF, 0x48, 0x62, 0x7A, 0xFF,
    0x46, 0x60, 0x78, 0xFF, 0x46, 0x60, 0x78, 0xFF, 0x46, 0x60, 0x78, 0xFF, 0x47, 0x61, 0x79, 0xFF,
    0x47, 0x61, 0x79, 0xFF, 0x47, 0x61, 0x79, 0xFF, 0x42, 0x5C, 0x74, 0xFF, 0x42, 0x5C, 0x74, 0xFF,
    0x4D, 0x57, 0x7F, 0xFF, 0x4F, 0x5A, 0x80, 0xFF, 0x53, 0x5C, 0x82, 0xFF, 0x53, 0x5C, 0x81, 0xFF,
    0x52, 0x5C, 0x7E, 0xFF, 0x53, 0x5E, 0x7E, 0xFF, 0x56, 0x60, 0x7E, 0xFF, 0x56, 0x61, 0x7D, 0xFF,
    0x48, 0x54, 0x70, 0xFF, 0x3C, 0x48, 0x64, 0xFF, 0x32, 0x3F, 0x59, 0xFF, 0x30, 0x3D, 0x57, 0xFF,
    0x2A, 0x39, 0x53, 0xFF, 0x26, 0x35, 0x4F, 0xFF, 0x33, 0x44, 0x5E, 0xFF, 0x4C, 0x5D, 0x78, 0xFF,
    0x57, 0x69, 0x86, 0xFF, 0x53, 0x65, 0x82, 0xFF, 0x4C, 0x5E, 0x7B, 0xFF, 0x45, 0x57, 0x74, 0xFF,
    0x40, 0x52, 0x6F, 0xFF, 0x3F, 0x51, 0x6E, 0xFF, 0x3F, 0x51, 0x6E, 0xFF, 0x3F, 0x51, 0x6E, 0xFF,
    0x41, 0x53, 0x70, 0xFF, 0x42, 0x54, 0x71, 0xFF, 0x45, 0x57, 0x74, 0xFF, 0x49, 0x5B, 0x78, 0xFF,
    0x49, 0x5B, 0x78, 0xFF, 0x45, 0x57, 0x74, 0xFF, 0x3C, 0x4E, 0x6B, 0xFF, 0x36, 0x48, 0x65, 0xFF,
    0x25, 0x37, 0x54, 0xFF, 0x1D, 0x2F, 0x4C, 0xFF, 0x15, 0x27, 0x44, 0xFF, 0x13, 0x25, 0x42, 0xFF,
    0x13, 0x25, 0x42, 0xFF, 0x11, 0x26, 0x42, 0xFF, 0x11, 0x23, 0x40, 0xFF, 0x10, 0x22, 0x3F, 0xFF,
    0x10, 0x22, 0x3F, 0xFF, 0x0F, 0x21, 0x3E, 0xFF, 0x0F, 0x20, 0x3B, 0xFF, 0x0E, 0x1F, 0x39, 0xFF,
    0x0F, 0x1F, 0x36, 0xFF, 0x11, 0x1F, 0x36, 0xFF, 0x11, 0x1F, 0x35, 0xFF, 0x13, 0x20, 0x36, 0xFF,
    0x14, 0x1F, 0x33, 0xFF, 0x16, 0x20, 0x32, 0xFF, 0x15, 0x1F, 0x31, 0xFF, 0x13, 0x1D, 0x2F, 0xFF,
    0x12, 0x1C, 0x2E, 0xFF, 0x11, 0x1B, 0x2D, 0xFF, 0x12, 0x19, 0x2C, 0xFF, 0x11, 0x18, 0x2B, 0xFF,
    0x12, 0x1A, 0x2B, 0xFF, 0x12, 0x1A, 0x2B, 0xFF, 0x11, 0x19, 0x2A, 0xFF, 0x11, 0x19, 0x2A, 0xFF,
    0x11, 0x18, 0x29, 0xFF, 0x11, 0x18, 0x29, 0xFF, 0x10, 0x17, 0x28, 0xFF, 0x10, 0x17, 0x28, 0xFF,
    0x0E, 0x15, 0x24, 0xFF, 0x0E, 0x15, 0x24, 0xFF, 0x0E, 0x15, 0x24, 0xFF, 0x0E, 0x15, 0x24, 0xFF,
    0x0E, 0x15, 0x24, 0xFF, 0x0E, 0x15, 0x24, 0xFF, 0x0E, 0x15, 0x24, 0xFF, 0x0E, 0x15, 0x24, 0xFF,
    0x0F, 0x16, 0x25, 0xFF, 0x0F, 0x16, 0x25, 0xFF, 0x0F, 0x16, 0x25, 0xFF, 0x0F, 0x16, 0x25, 0xFF,
    0x0E, 0x15, 0x24, 0xFF, 0x0E, 0x15, 0x24, 0xFF, 0x0E, 0x15, 0x24, 0xFF, 0x0E, 0x15, 0x24, 0xFF,
    0x0E, 0x13, 0x22, 0xFF, 0x0D, 0x12, 0x21, 0xFF, 0x0C, 0x11, 0x20, 0xFF, 0x0B, 0x10, 0x1F, 0xFF,
    0x0A, 0x0F, 0x1E, 0xFF, 0x0B, 0x10, 0x1F, 0xFF, 0x0C, 0x11, 0x20, 0xFF, 0x0D, 0x12, 0x21, 0xFF,
    0x0B, 0x13, 0x20, 0xFF, 0x0C, 0x14, 0x21, 0xFF, 0x0D, 0x15, 0x22, 0xFF, 0x0E, 0x16, 0x23, 0xFF,
    0x0F, 0x17, 0x24, 0xFF, 0x11, 0x19, 0x26, 0xFF, 0x12, 0x1A, 0x27, 0xFF, 0x12, 0x1A, 0x27, 0xFF,
    0x14, 0x1D, 0x2A, 0xFF, 0x15, 0x21, 0x2D, 0xFF, 0x17, 0x22, 0x30, 0xFF, 0x15, 0x22, 0x30, 0xFF,
    0x1A, 0x27, 0x35, 0xFF, 0x29, 0x38, 0x48, 0xFF, 0x47, 0x57, 0x68, 0xFF, 0x5F, 0x71, 0x82, 0xFF,
    0x60, 0x74, 0x86, 0xFF, 0x59, 0x6F, 0x81, 0xFF, 0x50, 0x68, 0x7C, 0xFF, 0x48, 0x61, 0x75, 0xFF,
    0x43, 0x5E, 0x73, 0xFF, 0x44, 0x5F, 0x74, 0xFF, 0x47, 0x61, 0x79, 0xFF, 0x4A, 0x64, 0x7C, 0xFF,
    0x4A, 0x64, 0x7C, 0xFF, 0x48, 0x62, 0x7A, 0xFF, 0x45, 0x5F, 0x77, 0xFF, 0x43, 0x5D, 0x75, 0xFF,
    0x43, 0x5D, 0x75, 0xFF, 0x44, 0x5E, 0x76, 0xFF, 0x45, 0x5F, 0x77, 0xFF, 0x46, 0x60, 0x78, 0xFF,
    0x3C, 0x56, 0x6E, 0xFF, 0x3C, 0x56, 0x6E, 0xFF, 0x4D, 0x57, 0x7F, 0xFF, 0x50, 0x5A, 0x82, 0xFF,
    0x54, 0x5C, 0x84, 0xFF, 0x52, 0x5B, 0x81, 0xFF, 0x4E, 0x57, 0x7C, 0xFF, 0x4D, 0x57, 0x79, 0xFF,
    0x51, 0x5A, 0x7B, 0xFF, 0x55, 0x5F, 0x7D, 0xFF, 0x4F, 0x5A, 0x78, 0xFF, 0x45, 0x51, 0x6D, 0xFF,
    0x37, 0x43, 0x5F, 0xFF, 0x32, 0x3F, 0x59, 0xFF, 0x2E, 0x3D, 0x57, 0xFF, 0x28, 0x37, 0x51, 0xFF,
    0x2C, 0x3D, 0x57, 0xFF, 0x3D, 0x4E, 0x68, 0xFF, 0x50, 0x63, 0x7E, 0xFF, 0x50, 0x62, 0x7F, 0xFF,
    0x4C, 0x5E, 0x7B, 0xFF, 0x45, 0x57, 0x74, 0xFF, 0x40, 0x52, 0x6F, 0xFF, 0x3F, 0x51, 0x6E, 0xFF,
    0x3F, 0x51, 0x6E, 0xFF, 0x3E, 0x50, 0x6D, 0xFF, 0x3F, 0x51, 0x6E, 0xFF, 0x40, 0x52, 0x6F, 0xFF,
    0x42, 0x54, 0x71, 0xFF, 0x45, 0x57, 0x74, 0xFF, 0x44, 0x56, 0x73, 0xFF, 0x3D, 0x4F, 0x6C, 0xFF,
    0x33, 0x45, 0x62, 0xFF, 0x2B, 0x3D, 0x5A, 0xFF, 0x20, 0x32, 0x4F, 0xFF, 0x1A, 0x2C, 0x49, 0xFF,
    0x14, 0x26, 0x43, 0xFF, 0x14, 0x26, 0x43, 0xFF, 0x15, 0x27, 0x44, 0xFF, 0x14, 0x26, 0x43, 0xFF,
    0x12, 0x24, 0x41, 0xFF, 0x12, 0x24, 0x41, 0xFF, 0x0F, 0x21, 0x3E, 0xFF, 0x11, 0x22, 0x3D, 0xFF,
    0x0F, 0x20, 0x3A, 0xFF, 0x10, 0x1F, 0x39, 0xFF, 0x12, 0x20, 0x37, 0xFF, 0x12, 0x20, 0x37, 0xFF,
    0x13, 0x20, 0x36, 0xFF, 0x16, 0x21, 0x37, 0xFF, 0x16, 0x1F, 0x33, 0xFF, 0x15, 0x1F, 0x31, 0xFF,
    0x15, 0x1F, 0x31, 0xFF, 0x13, 0x1D, 0x2F, 0xFF, 0x12, 0x1C, 0x2E, 0xFF, 0x11, 0x1B, 0x2D, 0xFF,
    0x12, 0x19, 0x2C, 0xFF, 0x11, 0x18, 0x2B, 0xFF, 0x12, 0x1A, 0x2B, 0xFF, 0x12, 0x1A, 0x2B, 0xFF,
    0x12, 0x1A, 0x2B, 0xFF, 0x11, 0x19, 0x2A, 0xFF, 0x12, 0x19, 0x2A, 0xFF, 0x11, 0x18, 0x29, 0xFF,
    0x11, 0x18, 0x29, 0xFF, 0x11, 0x18, 0x29, 0xFF, 0x10, 0x17, 0x26, 0xFF, 0x10, 0x17, 0x26, 0xFF,
    0x10, 0x17, 0x26, 0xFF, 0x10, 0x17, 0x26, 0xFF, 0x10, 0x17, 0x26, 0xFF, 0x10, 0x17, 0x26, 0xFF,
    0x10, 0x17, 0x26, 0xFF, 0x10, 0x17, 0x26, 0xFF, 0x10, 0x17, 0x26, 0xFF, 0x10, 0x17, 0x26, 0xFF,
    0x0F, 0x16, 0x25, 0xFF, 0x0F, 0x16, 0x25, 0xFF, 0x0F, 0x16, 0x25, 0xFF, 0x0F, 0x16, 0x25, 0xFF,
    0x0F, 0x16, 0x25, 0xFF, 0x0F, 0x16, 0x25, 0xFF, 0x0F, 0x14, 0x23, 0xFF, 0x0F, 0x14, 0x23, 0xFF,
    0x0E, 0x13, 0x22, 0xFF, 0x0D, 0x12, 0x21, 0xFF, 0x0C, 0x11, 0x20, 0xFF, 0x0C, 0x11, 0x20, 0xFF,
    0x0C, 0x11, 0x20, 0xFF, 0x0C, 0x11, 0x20, 0xFF, 0x0A, 0x12, 0x1F, 0xFF, 0x0A, 0x12, 0x1F, 0xFF,
    0x0B, 0x13, 0x20, 0xFF, 0x0D, 0x15, 0x22, 0xFF, 0x0E, 0x16, 0x23, 0xFF, 0x0F, 0x17, 0x24, 0xFF,
    0x11, 0x19, 0x26, 0xFF, 0x11, 0x19, 0x26, 0xFF, 0x14, 0x1D, 0x2A, 0xFF, 0x15, 0x1E, 0x2B, 0xFF,
    0x18, 0x21, 0x2F, 0xFF, 0x18, 0x23, 0x31, 0xFF, 0x18, 0x23, 0x31, 0xFF, 0x21, 0x2E, 0x3C, 0xFF,
    0x3A, 0x49, 0x59, 0xFF, 0x54, 0x64, 0x75, 0xFF, 0x61, 0x72, 0x85, 0xFF, 0x5D, 0x71, 0x83, 0xFF,
    0x56, 0x6B, 0x80, 0xFF, 0x4D, 0x65, 0x79, 0xFF, 0x46, 0x5E, 0x74, 0xFF, 0x42, 0x5D, 0x72, 0xFF,
    0x46, 0x60, 0x78, 0xFF, 0x4A, 0x64, 0x7C, 0xFF, 0x4A, 0x64, 0x7C, 0xFF, 0x47, 0x61, 0x79, 0xFF,
    0x44, 0x5E, 0x76, 0xFF, 0x42, 0x5C, 0x74, 0xFF, 0x41, 0x5B, 0x73, 0xFF, 0x41, 0x5B, 0x73, 0xFF,
    0x41, 0x5B, 0x73, 0xFF, 0x41, 0x5B, 0x73, 0xFF, 0x35, 0x4F, 0x67, 0xFF, 0x34, 0x4E, 0x66, 0xFF,
    0x4A, 0x56, 0x80, 0xFF, 0x4B, 0x57, 0x7F, 0xFF, 0x4F, 0x59, 0x81, 0xFF, 0x4F, 0x5A, 0x80, 0xFF,
    0x4F, 0x58, 0x7E, 0xFF, 0x4F, 0x58, 0x7D, 0xFF, 0x53, 0x5D, 0x7F, 0xFF, 0x57, 0x62, 0x82, 0xFF,
    0x54, 0x5F, 0x7D, 0xFF, 0x4F, 0x5B, 0x77, 0xFF, 0x3D, 0x4B, 0x67, 0xFF, 0x34, 0x42, 0x5E, 0xFF,
    0x34, 0x43, 0x5D, 0xFF, 0x2E, 0x3D, 0x57, 0xFF, 0x28, 0x39, 0x53, 0xFF, 0x30, 0x41, 0x5B, 0xFF,
    0x46, 0x57, 0x72, 0xFF, 0x4A, 0x5B, 0x76, 0xFF, 0x4C, 0x5D, 0x78, 0xFF, 0x48, 0x59, 0x74, 0xFF,
    0x44, 0x55, 0x70, 0xFF, 0x43, 0x54, 0x6F, 0xFF, 0x43, 0x54, 0x6F, 0xFF, 0x41, 0x52, 0x6D, 0xFF,
    0x42, 0x53, 0x6E, 0xFF, 0x42, 0x53, 0x6E, 0xFF, 0x43, 0x54, 0x6F, 0xFF, 0x44, 0x55, 0x70, 0xFF,
    0x41, 0x52, 0x6D, 0xFF, 0x39, 0x4A, 0x65, 0xFF, 0x2D, 0x3E, 0x59, 0xFF, 0x25, 0x36, 0x51, 0xFF,
    0x1E, 0x2F, 0x4A, 0xFF, 0x19, 0x2A, 0x45, 0xFF, 0x15, 0x25, 0x42, 0xFF, 0x14, 0x24, 0x41, 0xFF,
    0x15, 0x25, 0x42, 0xFF, 0x14, 0x24, 0x41, 0xFF, 0x14, 0x24, 0x41, 0xFF, 0x15, 0x25, 0x42, 0xFF,
    0x12, 0x23, 0x3E, 0xFF, 0x11, 0x22, 0x3D, 0xFF, 0x12, 0x21, 0x3B, 0xFF, 0x14, 0x21, 0x3B, 0xFF,
    0x13, 0x21, 0x38, 0xFF, 0x14, 0x20, 0x38, 0xFF, 0x17, 0x22, 0x38, 0xFF, 0x17, 0x22, 0x38, 0xFF,
    0x16, 0x1F, 0x33, 0xFF, 0x16, 0x1F, 0x33, 0xFF, 0x15, 0x1F, 0x31, 0xFF, 0x14, 0x1E, 0x30, 0xFF,
    0x13, 0x1D, 0x2F, 0xFF, 0x12, 0x1C, 0x2E, 0xFF, 0x11, 0x1B, 0x2D, 0xFF, 0x10, 0x1A, 0x2C, 0xFF,
    0x13, 0x1B, 0x2C, 0xFF, 0x13, 0x1B, 0x2C, 0xFF, 0x12, 0x1A, 0x2B, 0xFF, 0x12, 0x1A, 0x2B, 0xFF,
    0x12, 0x1A, 0x2B, 0xFF, 0x11, 0x19, 0x2A, 0xFF, 0x12, 0x19, 0x2A, 0xFF, 0x12, 0x19, 0x2A, 0xFF,
    0x13, 0x18, 0x27, 0xFF, 0x13, 0x18, 0x27, 0xFF, 0x13, 0x18, 0x27, 0xFF, 0x13, 0x18, 0x27, 0xFF,
    0x13, 0x18, 0x27, 0xFF, 0x13, 0x18, 0x27, 0xFF, 0x13, 0x18, 0x27, 0xFF, 0x13, 0x18, 0x27, 0xFF,
    0x12, 0x17, 0x26, 0xFF, 0x12, 0x17, 0x26, 0xFF, 0x12, 0x17, 0x26, 0xFF, 0x12, 0x17, 0x26, 0xFF,
    0x12, 0x17, 0x26, 0xFF, 0x11, 0x16, 0x25, 0xFF, 0x11, 0x16, 0x25, 0xFF, 0x11, 0x16, 0x25, 0xFF,
    0x0D, 0x14, 0x23, 0xFF, 0x0D, 0x14, 0x23, 0xFF, 0x0D, 0x14, 0x23, 0xFF, 0x0D, 0x14, 0x23, 0xFF,
    0x0C, 0x13, 0x22, 0xFF, 0x0B, 0x12, 0x21, 0xFF, 0x09, 0x10, 0x1F, 0xFF, 0x09, 0x10, 0x1F, 0xFF,
    0x09, 0x11, 0x1E, 0xFF, 0x09, 0x11, 0x1E, 0xFF, 0x0A, 0x12, 0x1F, 0xFF, 0x0C, 0x14, 0x21, 0xFF,
    0x0D, 0x15, 0x22, 0xFF, 0x0E, 0x16, 0x23, 0xFF, 0x10, 0x18, 0x25, 0xFF, 0x10, 0x18, 0x25, 0xFF,
    0x15, 0x1D, 0x2A, 0xFF, 0x14, 0x1C, 0x29, 0xFF, 0x17, 0x1F, 0x2C, 0xFF, 0x1A, 0x23, 0x30, 0xFF,
    0x19, 0x22, 0x30, 0xFF, 0x1B, 0x26, 0x34, 0xFF, 0x2F, 0x3C, 0x4C, 0xFF, 0x45, 0x54, 0x64, 0xFF,
    0x5F, 0x6F, 0x80, 0xFF, 0x5E, 0x6F, 0x82, 0xFF, 0x5B, 0x6E, 0x83, 0xFF, 0x51, 0x66, 0x7B, 0xFF,
    0x47, 0x5E, 0x74, 0xFF, 0x42, 0x5A, 0x70, 0xFF, 0x45, 0x5D, 0x75, 0xFF, 0x48, 0x62, 0x7A, 0xFF,
    0x47, 0x61, 0x79, 0xFF, 0x44, 0x60, 0x78, 0xFF, 0x42, 0x5E, 0x76, 0xFF, 0x41, 0x5D, 0x75, 0xFF,
    0x3F, 0x5B, 0x73, 0xFF, 0x3D, 0x59, 0x71, 0xFF, 0x3B, 0x57, 0x6F, 0xFF, 0x39, 0x55, 0x6D, 0xFF,
    0x2E, 0x4A, 0x62, 0xFF, 0x2E, 0x4A, 0x62, 0xFF, 0x49, 0x55, 0x7F, 0xFF, 0x4A, 0x56, 0x80, 0xFF,
    0x4E, 0x58, 0x80, 0xFF, 0x50, 0x5A, 0x82, 0xFF, 0x52, 0x5A, 0x82, 0xFF, 0x52, 0x5B, 0x81, 0xFF,
    0x55, 0x5E, 0x83, 0xFF, 0x57, 0x61, 0x83, 0xFF, 0x57, 0x62, 0x82, 0xFF, 0x56, 0x61, 0x7F, 0xFF,
    0x45, 0x53, 0x70, 0xFF, 0x38, 0x46, 0x62, 0xFF, 0x38, 0x46, 0x62, 0xFF, 0x32, 0x41, 0x5B, 0xFF,
    0x28, 0x39, 0x53, 0xFF, 0x2A, 0x3B, 0x55, 0xFF, 0x3E, 0x4F, 0x6A, 0xFF, 0x45, 0x56, 0x71, 0xFF,
    0x4A, 0x5B, 0x76, 0xFF, 0x49, 0x5A, 0x75, 0xFF, 0x46, 0x57, 0x72, 0xFF, 0x45, 0x56, 0x71, 0xFF,
    0x45, 0x56, 0x71, 0xFF, 0x43, 0x54, 0x6F, 0xFF, 0x43, 0x54, 0x6F, 0xFF, 0x43, 0x54, 0x6F, 0xFF,
    0x43, 0x54, 0x6F, 0xFF, 0x42, 0x53, 0x6E, 0xFF, 0x3E, 0x4F, 0x6A, 0xFF, 0x36, 0x47, 0x62, 0xFF,
    0x2A, 0x3B, 0x56, 0xFF, 0x21, 0x32, 0x4D, 0xFF, 0x1D, 0x2E, 0x49, 0xFF, 0x18, 0x29, 0x44, 0xFF,
    0x14, 0x24, 0x41, 0xFF, 0x12, 0x22, 0x3F, 0xFF, 0x12, 0x22, 0x3F, 0xFF, 0x11, 0x21, 0x3E, 0xFF,
    0x13, 0x23, 0x40, 0xFF, 0x15, 0x25, 0x42, 0xFF, 0x12, 0x23, 0x3E, 0xFF, 0x14, 0x22, 0x3E, 0xFF,
    0x15, 0x22, 0x3C, 0xFF, 0x15, 0x22, 0x3C, 0xFF, 0x16, 0x22, 0x3A, 0xFF, 0x16, 0x22, 0x3A, 0xFF,
    0x18, 0x23, 0x39, 0xFF, 0x18, 0x23, 0x39, 0xFF, 0x16, 0x1F, 0x33, 0xFF, 0x16, 0x1F, 0x33, 0xFF,
    0x15, 0x1F, 0x31, 0xFF, 0x15, 0x1F, 0x31, 0xFF, 0x14, 0x1E, 0x30, 0xFF, 0x13, 0x1D, 0x2F, 0xFF,
    0x12, 0x1C, 0x2E, 0xFF, 0x12, 0x1C, 0x2E, 0xFF, 0x13, 0x1A, 0x2D, 0xFF, 0x13, 0x1B, 0x2C, 0xFF,
    0x13, 0x1B, 0x2C, 0xFF, 0x12, 0x1A, 0x2B, 0xFF, 0x12, 0x1A, 0x2B, 0xFF, 0x12, 0x1A, 0x2B, 0xFF,
    0x12, 0x19, 0x2A, 0xFF, 0x12, 0x19, 0x2A, 0xFF, 0x14, 0x19, 0x28, 0xFF, 0x14, 0x19, 0x28, 0xFF,
    0x14, 0x19, 0x28, 0xFF, 0x14, 0x19, 0x28, 0xFF, 0x14, 0x19, 0x28, 0xFF, 0x14, 0x19, 0x28, 0xFF,
    0x14, 0x19, 0x28, 0xFF, 0x14, 0x19, 0x28, 0xFF, 0x13, 0x18, 0x27, 0xFF, 0x13, 0x18, 0x27, 0xFF,
    0x12, 0x17, 0x26, 0xFF, 0x12, 0x17, 0x26, 0xFF, 0x12, 0x17, 0x26, 0xFF, 0x12, 0x17, 0x26, 0xFF,
    0x12, 0x17, 0x26, 0xFF, 0x12, 0x17, 0x26, 0xFF, 0x0D, 0x14, 0x23, 0xFF, 0x0E, 0x15, 0x24, 0xFF,
    0x0E, 0x15, 0x24, 0xFF, 0x0E, 0x15, 0x24, 0xFF, 0x0D, 0x14, 0x23, 0xFF, 0x0B, 0x12, 0x21, 0xFF,
    0x09, 0x10, 0x1F, 0xFF, 0x07, 0x0E, 0x1D, 0xFF, 0x08, 0x10, 0x1D, 0xFF, 0x09, 0x11, 0x1E, 0xFF,
    0x0A, 0x12, 0x1F, 0xFF, 0x0B, 0x13, 0x20, 0xFF, 0x0D, 0x15, 0x22, 0xFF, 0x0E, 0x16, 0x23, 0xFF,
    0x0F, 0x17, 0x24, 0xFF, 0x10, 0x18, 0x25, 0xFF, 0x14, 0x1C, 0x29, 0xFF, 0x12, 0x1A, 0x27, 0xFF,
    0x15, 0x1D, 0x2A, 0xFF, 0x1A, 0x22, 0x2F, 0xFF, 0x18, 0x21, 0x2F, 0xFF, 0x19, 0x22, 0x30, 0xFF,
    0x28, 0x32, 0x43, 0xFF, 0x3C, 0x49, 0x59, 0xFF, 0x5C, 0x6A, 0x7C, 0xFF, 0x5F, 0x6F, 0x80, 0xFF,
    0x5D, 0x6E, 0x81, 0xFF, 0x54, 0x67, 0x7C, 0xFF, 0x48, 0x5D, 0x73, 0xFF, 0x40, 0x57, 0x6D, 0xFF,
    0x42, 0x5A, 0x72, 0xFF, 0x45, 0x5F, 0x77, 0xFF, 0x45, 0x5F, 0x77, 0xFF, 0x43, 0x5F, 0x77, 0xFF,
    0x42, 0x5E, 0x76, 0xFF, 0x42, 0x5E, 0x76, 0xFF, 0x40, 0x5C, 0x74, 0xFF, 0x3C, 0x58, 0x70, 0xFF,
    0x37, 0x53, 0x6B, 0xFF, 0x34, 0x50, 0x68, 0xFF, 0x2D, 0x49, 0x61, 0xFF, 0x2C, 0x48, 0x60, 0xFF,
    0x51, 0x5D, 0x87, 0xFF, 0x4D, 0x59, 0x83, 0xFF, 0x4A, 0x56, 0x80, 0xFF, 0x4B, 0x57, 0x7F, 0xFF,
    0x4F, 0x59, 0x81, 0xFF, 0x51, 0x5C, 0x82, 0xFF, 0x56, 0x5F, 0x85, 0xFF, 0x59, 0x62, 0x87, 0xFF,
    0x5D, 0x67, 0x89, 0xFF, 0x5C, 0x67, 0x87, 0xFF, 0x50, 0x5E, 0x7B, 0xFF, 0x3F, 0x4D, 0x69, 0xFF,
    0x33, 0x41, 0x5D, 0xFF, 0x31, 0x3F, 0x5B, 0xFF, 0x2D, 0x3E, 0x58, 0xFF, 0x29, 0x3A, 0x54, 0xFF,
    0x33, 0x42, 0x5C, 0xFF, 0x41, 0x50, 0x6A, 0xFF, 0x4D, 0x5C, 0x76, 0xFF, 0x4D, 0x5C, 0x76, 0xFF,
    0x49, 0x58, 0x72, 0xFF, 0x47, 0x56, 0x70, 0xFF, 0x48, 0x57, 0x71, 0xFF, 0x48, 0x57, 0x71, 0xFF,
    0x44, 0x53, 0x6D, 0xFF, 0x43, 0x52, 0x6C, 0xFF, 0x43, 0x52, 0x6C, 0xFF, 0x44, 0x53, 0x6D, 0xFF,
    0x3E, 0x4D, 0x67, 0xFF, 0x31, 0x40, 0x5A, 0xFF, 0x26, 0x35, 0x4F, 0xFF, 0x21, 0x30, 0x4A, 0xFF,
    0x1D, 0x2B, 0x47, 0xFF, 0x1B, 0x29, 0x45, 0xFF, 0x19, 0x27, 0x43, 0xFF, 0x17, 0x25, 0x41, 0xFF,
    0x13, 0x23, 0x40, 0xFF, 0x13, 0x23, 0x40, 0xFF, 0x13, 0x23, 0x40, 0xFF, 0x13, 0x23, 0x40, 0xFF,
    0x16, 0x24, 0x40, 0xFF, 0x16, 0x24, 0x40, 0xFF, 0x17, 0x24, 0x3E, 0xFF, 0x17, 0x24, 0x3E, 0xFF,
    0x17, 0x23, 0x3B, 0xFF, 0x19, 0x24, 0x3A, 0xFF, 0x1A, 0x22, 0x39, 0xFF, 0x1A, 0x22, 0x39, 0xFF,
    0x15, 0x20, 0x34, 0xFF, 0x14, 0x1F, 0x33, 0xFF, 0x15, 0x1E, 0x32, 0xFF, 0x16, 0x1F, 0x33, 0xFF,
    0x17, 0x20, 0x34, 0xFF, 0x18, 0x21, 0x35, 0xFF, 0x16, 0x1F, 0x33, 0xFF, 0x15, 0x1F, 0x31, 0xFF,
    0x13, 0x1D, 0x2F, 0xFF, 0x13, 0x1D, 0x2F, 0xFF, 0x15, 0x1C, 0x2F, 0xFF, 0x15, 0x1C, 0x2F, 0xFF,
    0x15, 0x1C, 0x2F, 0xFF, 0x14, 0x1B, 0x2E, 0xFF, 0x13, 0x1B, 0x2C, 0xFF, 0x13, 0x1B, 0x2C, 0xFF,
    0x16, 0x1D, 0x2C, 0xFF, 0x17, 0x1E, 0x2D, 0xFF, 0x16, 0x1D, 0x2C, 0xFF, 0x14, 0x1B, 0x2A, 0xFF,
    0x13, 0x1A, 0x29, 0xFF, 0x13, 0x1A, 0x29, 0xFF, 0x12, 0x19, 0x28, 0xFF, 0x10, 0x17, 0x26, 0xFF,
    0x10, 0x17, 0x26, 0xFF, 0x0F, 0x16, 0x25, 0xFF, 0x0F, 0x16, 0x25, 0xFF, 0x0E, 0x15, 0x24, 0xFF,
    0x0E, 0x15, 0x24, 0xFF, 0x0F, 0x16, 0x25, 0xFF, 0x0F, 0x16, 0x25, 0xFF, 0x10, 0x17, 0x26, 0xFF,
    0x10, 0x17, 0x26, 0xFF, 0x0F, 0x16, 0x25, 0xFF, 0x0E, 0x15, 0x24, 0xFF, 0x0C, 0x13, 0x22, 0xFF,
    0x0B, 0x12, 0x21, 0xFF, 0x0A, 0x11, 0x20, 0xFF, 0x09, 0x10, 0x1F, 0xFF, 0x09, 0x10, 0x1F, 0xFF,
    0x08, 0x10, 0x1D, 0xFF, 0x08, 0x10, 0x1D, 0xFF, 0x08, 0x10, 0x1D, 0xFF, 0x08, 0x10, 0x1D, 0xFF,
    0x09, 0x11, 0x1E, 0xFF, 0x0A, 0x12, 0x1F, 0xFF, 0x0B, 0x13, 0x20, 0xFF, 0x0B, 0x13, 0x20, 0xFF,
    0x0E, 0x15, 0x24, 0xFF, 0x11, 0x18, 0x27, 0xFF, 0x14, 0x1C, 0x29, 0xFF, 0x16, 0x1E, 0x2B, 0xFF,
    0x19, 0x21, 0x2E, 0xFF, 0x1D, 0x26, 0x33, 0xFF, 0x23, 0x2C, 0x3A, 0xFF, 0x26, 0x31, 0x3F, 0xFF,
    0x53, 0x60, 0x70, 0xFF, 0x58, 0x66, 0x78, 0xFF, 0x58, 0x69, 0x7C, 0xFF, 0x4F, 0x62, 0x77, 0xFF,
    0x48, 0x5D, 0x73, 0xFF, 0x46, 0x5D, 0x73, 0xFF, 0x45, 0x5D, 0x75, 0xFF, 0x41, 0x5A, 0x74, 0xFF,
    0x44, 0x5E, 0x76, 0xFF, 0x44, 0x60, 0x78, 0xFF, 0x44, 0x60, 0x78, 0xFF, 0x41, 0x5D, 0x75, 0xFF,
    0x3D, 0x59, 0x71, 0xFF, 0x39, 0x55, 0x6D, 0xFF, 0x37, 0x53, 0x6B, 0xFF, 0x37, 0x53, 0x6B, 0xFF,
    0x31, 0x4D, 0x65, 0xFF, 0x31, 0x4D, 0x65, 0xFF, 0x53, 0x5F, 0x89, 0xFF, 0x4F, 0x5B, 0x85, 0xFF,
    0x4D, 0x59, 0x83, 0xFF, 0x4D, 0x59, 0x83, 0xFF, 0x50, 0x5A, 0x82, 0xFF, 0x51, 0x5B, 0x83, 0xFF,
    0x56, 0x5E, 0x86, 0xFF, 0x59, 0x62, 0x88, 0xFF, 0x5E, 0x67, 0x8C, 0xFF, 0x5E, 0x68, 0x8A, 0xFF,
    0x56, 0x63, 0x83, 0xFF, 0x48, 0x56, 0x73, 0xFF, 0x39, 0x47, 0x64, 0xFF, 0x31, 0x3F, 0x5B, 0xFF,
    0x2E, 0x3F, 0x5A, 0xFF, 0x2F, 0x40, 0x5A, 0xFF, 0x30, 0x3F, 0x59, 0xFF, 0x3D, 0x4C, 0x66, 0xFF,
    0x4B, 0x5A, 0x74, 0xFF, 0x4E, 0x5D, 0x77, 0xFF, 0x4A, 0x59, 0x73, 0xFF, 0x47, 0x56, 0x70, 0xFF,
    0x47, 0x56, 0x70, 0xFF, 0x49, 0x58, 0x72, 0xFF, 0x45, 0x54, 0x6E, 0xFF, 0x44, 0x53, 0x6D, 0xFF,
    0x43, 0x52, 0x6C, 0xFF, 0x41, 0x50, 0x6A, 0xFF, 0x3A, 0x49, 0x63, 0xFF, 0x2E, 0x3D, 0x57, 0xFF,
    0x24, 0x33, 0x4D, 0xFF, 0x20, 0x2F, 0x49, 0xFF, 0x1C, 0x2A, 0x46, 0xFF, 0x1B, 0x29, 0x45, 0xFF,
    0x19, 0x27, 0x43, 0xFF, 0x17, 0x25, 0x41, 0xFF, 0x14, 0x24, 0x41, 0xFF, 0x13, 0x23, 0x40, 0xFF,
    0x13, 0x23, 0x40, 0xFF, 0x13, 0x23, 0x40, 0xFF, 0x16, 0x24, 0x40, 0xFF, 0x16, 0x24, 0x40, 0xFF,
    0x18, 0x25, 0x3F, 0xFF, 0x17, 0x25, 0x3C, 0xFF, 0x19, 0x24, 0x3A, 0xFF, 0x19, 0x24, 0x3A, 0xFF,
    0x1A, 0x22, 0x39, 0xFF, 0x1A, 0x22, 0x39, 0xFF, 0x16, 0x21, 0x35, 0xFF, 0x15, 0x20, 0x34, 0xFF,
    0x16, 0x1F, 0x33, 0xFF, 0x18, 0x21, 0x35, 0xFF, 0x1A, 0x23, 0x37, 0xFF, 0x1B, 0x24, 0x38, 0xFF,
    0x19, 0x22, 0x36, 0xFF, 0x17, 0x20, 0x34, 0xFF, 0x15, 0x1E, 0x32, 0xFF, 0x15, 0x1F, 0x31, 0xFF,
    0x17, 0x1E, 0x31, 0xFF, 0x17, 0x1E, 0x31, 0xFF, 0x17, 0x1E, 0x31, 0xFF, 0x17, 0x1E, 0x31, 0xFF,
    0x17, 0x1E, 0x31, 0xFF, 0x16, 0x1E, 0x2F, 0xFF, 0x18, 0x1F, 0x30, 0xFF, 0x19, 0x20, 0x2F, 0xFF,
    0x18, 0x1F, 0x30, 0xFF, 0x16, 0x1D, 0x2C, 0xFF, 0x14, 0x1B, 0x2C, 0xFF, 0x14, 0x1B, 0x2A, 0xFF,
    0x13, 0x1A, 0x2B, 0xFF, 0x11, 0x18, 0x27, 0xFF, 0x10, 0x17, 0x28, 0xFF, 0x10, 0x17, 0x26, 0xFF,
    0x10, 0x17, 0x28, 0xFF, 0x0F, 0x16, 0x25, 0xFF, 0x0F, 0x16, 0x27, 0xFF, 0x10, 0x17, 0x26, 0xFF,
    0x11, 0x18, 0x29, 0xFF, 0x11, 0x18, 0x27, 0xFF, 0x11, 0x18, 0x27, 0xFF, 0x10, 0x17, 0x26, 0xFF,
    0x0F, 0x16, 0x25, 0xFF, 0x0D, 0x14, 0x23, 0xFF, 0x0C, 0x13, 0x22, 0xFF, 0x0B, 0x12, 0x21, 0xFF,
    0x0A, 0x11, 0x20, 0xFF, 0x0A, 0x11, 0x20, 0xFF, 0x08, 0x10, 0x1D, 0xFF, 0x08, 0x10, 0x1D, 0xFF,
    0x08, 0x10, 0x1D, 0xFF, 0x08, 0x10, 0x1D, 0xFF, 0x08, 0x10, 0x1D, 0xFF, 0x09, 0x11, 0x1E, 0xFF,
    0x0A, 0x12, 0x1F, 0xFF, 0x0B, 0x13, 0x20, 0xFF, 0x0E, 0x15, 0x24, 0xFF, 0x11, 0x18, 0x27, 0xFF,
    0x13, 0x1B, 0x28, 0xFF, 0x15, 0x1D, 0x2A, 0xFF, 0x17, 0x1F, 0x2C, 0xFF, 0x1A, 0x22, 0x2F, 0xFF,
    0x1F, 0x26, 0x35, 0xFF, 0x23, 0x2C, 0x3A, 0xFF, 0x46, 0x50, 0x61, 0xFF, 0x4F, 0x5E, 0x6E, 0xFF,
    0x57, 0x67, 0x78, 0xFF, 0x53, 0x64, 0x77, 0xFF, 0x4C, 0x5E, 0x75, 0xFF, 0x47, 0x5E, 0x74, 0xFF,
    0x48, 0x5D, 0x78, 0xFF, 0x46, 0x5D, 0x77, 0xFF, 0x42, 0x5C, 0x74, 0xFF, 0x42, 0x5E, 0x76, 0xFF,
    0x43, 0x5F, 0x77, 0xFF, 0x41, 0x5D, 0x75, 0xFF, 0x3C, 0x58, 0x70, 0xFF, 0x37, 0x53, 0x6B, 0xFF,
    0x34, 0x50, 0x68, 0xFF, 0x34, 0x50, 0x68, 0xFF, 0x34, 0x50, 0x68, 0xFF, 0x34, 0x50, 0x68, 0xFF,
    0x51, 0x5F, 0x89, 0xFF, 0x4F, 0x5D, 0x87, 0xFF, 0x4F, 0x5B, 0x85, 0xFF, 0x4F, 0x5B, 0x85, 0xFF,
    0x50, 0x59, 0x84, 0xFF, 0x50, 0x5A, 0x82, 0xFF, 0x54, 0x5E, 0x86, 0xFF, 0x58, 0x63, 0x89, 0xFF,
    0x5D, 0x66, 0x8C, 0xFF, 0x5F, 0x68, 0x8D, 0xFF, 0x5D, 0x69, 0x8B, 0xFF, 0x53, 0x60, 0x80, 0xFF,
    0x41, 0x4F, 0x6C, 0xFF, 0x33, 0x41, 0x5D, 0xFF, 0x2F, 0x40, 0x5B, 0xFF, 0x33, 0x44, 0x5F, 0xFF,
    0x2D, 0x3C, 0x56, 0xFF, 0x37, 0x46, 0x60, 0xFF, 0x46, 0x55, 0x6F, 0xFF, 0x4E, 0x5D, 0x77, 0xFF,
    0x4D, 0x5C, 0x76, 0xFF, 0x48, 0x57, 0x71, 0xFF, 0x47, 0x56, 0x70, 0xFF, 0x4A, 0x59, 0x73, 0xFF,
    0x47, 0x56, 0x70, 0xFF, 0x45, 0x54, 0x6E, 0xFF, 0x42, 0x51, 0x6B, 0xFF, 0x3D, 0x4C, 0x66, 0xFF,
    0x33, 0x42, 0x5C, 0xFF, 0x28, 0x37, 0x51, 0xFF, 0x21, 0x30, 0x4A, 0xFF, 0x1F, 0x2E, 0x48, 0xFF,
    0x1B, 0x29, 0x45, 0xFF, 0x1A, 0x28, 0x44, 0xFF, 0x19, 0x27, 0x43, 0xFF, 0x17, 0x25, 0x41, 0xFF,
    0x16, 0x24, 0x40, 0xFF, 0x16, 0x24, 0x40, 0xFF, 0x16, 0x24, 0x40, 0xFF, 0x16, 0x24, 0x40, 0xFF,
    0x17, 0x25, 0x41, 0xFF, 0x16, 0x24, 0x40, 0xFF, 0x18, 0x25, 0x3F, 0xFF, 0x17, 0x25, 0x3C, 0xFF,
    0x1A, 0x25, 0x3B, 0xFF, 0x19, 0x24, 0x3A, 0xFF, 0x1B, 0x24, 0x38, 0xFF, 0x1B, 0x24, 0x38, 0xFF,
    0x17, 0x22, 0x38, 0xFF, 0x16, 0x21, 0x37, 0xFF, 0x16, 0x21, 0x37, 0xFF, 0x19, 0x24, 0x3A, 0xFF,
    0x1F, 0x27, 0x3E, 0xFF, 0x1F, 0x27, 0x3E, 0xFF, 0x1D, 0x25, 0x3C, 0xFF, 0x1A, 0x23, 0x37, 0xFF,
    0x18, 0x21, 0x35, 0xFF, 0x18, 0x21, 0x35, 0xFF, 0x1B, 0x22, 0x36, 0xFF, 0x1B, 0x22, 0x36, 0xFF,
    0x1B, 0x22, 0x36, 0xFF, 0x1B, 0x22, 0x36, 0xFF, 0x1B, 0x22, 0x36, 0xFF, 0x1B, 0x22, 0x35, 0xFF,
    0x1B, 0x22, 0x35, 0xFF, 0x1C, 0x24, 0x35, 0xFF, 0x1A, 0x21, 0x34, 0xFF, 0x17, 0x1F, 0x30, 0xFF,
    0x16, 0x1D, 0x30, 0xFF, 0x16, 0x1E, 0x2F, 0xFF, 0x15, 0x1C, 0x2F, 0xFF, 0x13, 0x1B, 0x2C, 0xFF,
    0x12, 0x19, 0x2C, 0xFF, 0x11, 0x19, 0x2A, 0xFF, 0x11, 0x18, 0x2B, 0xFF, 0x10, 0x18, 0x29, 0xFF,
    0x11, 0x18, 0x2B, 0xFF, 0x11, 0x19, 0x2A, 0xFF, 0x12, 0x19, 0x2C, 0xFF, 0x13, 0x1B, 0x2C, 0xFF,
    0x11, 0x1A, 0x28, 0xFF, 0x10, 0x19, 0x27, 0xFF, 0x0F, 0x18, 0x26, 0xFF, 0x0E, 0x17, 0x25, 0xFF,
    0x0C, 0x15, 0x23, 0xFF, 0x0B, 0x14, 0x22, 0xFF, 0x0A, 0x13, 0x21, 0xFF, 0x09, 0x12, 0x20, 0xFF,
    0x08, 0x10, 0x1D, 0xFF, 0x08, 0x10, 0x1D, 0xFF, 0x07, 0x0F, 0x1C, 0xFF, 0x07, 0x0F, 0x1C, 0xFF,
    0x08, 0x10, 0x1D, 0xFF, 0x08, 0x10, 0x1D, 0xFF, 0x09, 0x11, 0x1E, 0xFF, 0x09, 0x11, 0x1E, 0xFF,
    0x0E, 0x15, 0x24, 0xFF, 0x10, 0x17, 0x26, 0xFF, 0x14, 0x1A, 0x27, 0xFF, 0x16, 0x1C, 0x29, 0xFF,
    0x16, 0x1C, 0x29, 0xFF, 0x17, 0x1F, 0x2C, 0xFF, 0x1A, 0x22, 0x2F, 0xFF, 0x1C, 0x25, 0x32, 0xFF,
    0x33, 0x3E, 0x4C, 0xFF, 0x44, 0x51, 0x61, 0xFF, 0x54, 0x62, 0x74, 0xFF, 0x56, 0x67, 0x7A, 0xFF,
    0x50, 0x62, 0x79, 0xFF, 0x4A, 0x61, 0x77, 0xFF, 0x4B, 0x60, 0x7B, 0xFF, 0x4C, 0x63, 0x7D, 0xFF,
    0x42, 0x5C, 0x74, 0xFF, 0x43, 0x5D, 0x75, 0xFF, 0x44, 0x5E, 0x76, 0xFF, 0x41, 0x5B, 0x73, 0xFF,
    0x3B, 0x55, 0x6D, 0xFF, 0x37, 0x51, 0x69, 0xFF, 0x36, 0x50, 0x68, 0xFF, 0x36, 0x50, 0x68, 0xFF,
    0x3E, 0x58, 0x70, 0xFF, 0x3E, 0x58, 0x70, 0xFF, 0x51, 0x5F, 0x89, 0xFF, 0x50, 0x5E, 0x88, 0xFF,
    0x50, 0x5C, 0x86, 0xFF, 0x4F, 0x5B, 0x85, 0xFF, 0x4F, 0x58, 0x83, 0xFF, 0x4F, 0x58, 0x83, 0xFF,
    0x54, 0x5E, 0x86, 0xFF, 0x5A, 0x64, 0x8C, 0xFF, 0x5C, 0x64, 0x8C, 0xFF, 0x5E, 0x67, 0x8D, 0xFF,
    0x5F, 0x6B, 0x8F, 0xFF, 0x5B, 0x67, 0x89, 0xFF, 0x4C, 0x59, 0x79, 0xFF, 0x39, 0x47, 0x64, 0xFF,
    0x2F, 0x3F, 0x5C, 0xFF, 0x32, 0x43, 0x5E, 0xFF, 0x2D, 0x3C, 0x56, 0xFF, 0x32, 0x41, 0x5B, 0xFF,
    0x3D, 0x4C, 0x66, 0xFF, 0x4A, 0x59, 0x73, 0xFF, 0x4F, 0x5E, 0x78, 0xFF, 0x4B, 0x5A, 0x74, 0xFF,
    0x49, 0x58, 0x72, 0xFF, 0x49, 0x58, 0x72, 0xFF, 0x49, 0x58, 0x72, 0xFF, 0x46, 0x55, 0x6F, 0xFF,
    0x41, 0x50, 0x6A, 0xFF, 0x38, 0x47, 0x61, 0xFF, 0x2C, 0x3B, 0x55, 0xFF, 0x23, 0x32, 0x4C, 0xFF,
    0x1F, 0x2E, 0x48, 0xFF, 0x1E, 0x2D, 0x47, 0xFF, 0x1B, 0x29, 0x45, 0xFF, 0x1A, 0x28, 0x44, 0xFF,
    0x19, 0x27, 0x43, 0xFF, 0x18, 0x26, 0x42, 0xFF, 0x17, 0x25, 0x41, 0xFF, 0x17, 0x25, 0x41, 0xFF,
    0x17, 0x25, 0x41, 0xFF, 0x17, 0x25, 0x41, 0xFF, 0x17, 0x25, 0x41, 0xFF, 0x17, 0x26, 0x40, 0xFF,
    0x19, 0x27, 0x3E, 0xFF, 0x18, 0x26, 0x3D, 0xFF, 0x18, 0x25, 0x3B, 0xFF, 0x1A, 0x25, 0x3B, 0xFF,
    0x1B, 0x24, 0x38, 0xFF, 0x1B, 0x24, 0x38, 0xFF, 0x17, 0x22, 0x38, 0xFF, 0x17, 0x22, 0x38, 0xFF,
    0x19, 0x23, 0x3B, 0xFF, 0x1D, 0x28, 0x3E, 0xFF, 0x24, 0x2C, 0x43, 0xFF, 0x25, 0x2D, 0x44, 0xFF,
    0x22, 0x2A, 0x41, 0xFF, 0x1E, 0x26, 0x3D, 0xFF, 0x1B, 0x23, 0x3A, 0xFF, 0x1C, 0x25, 0x39, 0xFF,
    0x1E, 0x25, 0x39, 0xFF, 0x1E, 0x25, 0x39, 0xFF, 0x1F, 0x26, 0x3A, 0xFF, 0x20, 0x27, 0x3B, 0xFF,
    0x21, 0x28, 0x3C, 0xFF, 0x21, 0x28, 0x3C, 0xFF, 0x20, 0x27, 0x3B, 0xFF, 0x21, 0x28, 0x3B, 0xFF,
    0x1F, 0x26, 0x39, 0xFF, 0x1B, 0x22, 0x35, 0xFF, 0x19, 0x20, 0x33, 0xFF, 0x19, 0x20, 0x33, 0xFF,
    0x18, 0x1F, 0x32, 0xFF, 0x16, 0x1D, 0x30, 0xFF, 0x15, 0x1C, 0x2F, 0xFF, 0x14, 0x1B, 0x2E, 0xFF,
    0x13, 0x1A, 0x2D, 0xFF, 0x12, 0x19, 0x2C, 0xFF, 0x12, 0x19, 0x2C, 0xFF, 0x13, 0x1A, 0x2D, 0xFF,
    0x15, 0x1C, 0x2F, 0xFF, 0x15, 0x1C, 0x2F, 0xFF, 0x12, 0x1A, 0x2B, 0xFF, 0x12, 0x1B, 0x29, 0xFF,
    0x11, 0x1A, 0x28, 0xFF, 0x0F, 0x18, 0x26, 0xFF, 0x0E, 0x17, 0x25, 0xFF, 0x0C, 0x15, 0x23, 0xFF,
    0x0B, 0x14, 0x22, 0xFF, 0x0A, 0x13, 0x21, 0xFF, 0x08, 0x10, 0x1D, 0xFF, 0x08, 0x10, 0x1D, 0xFF,
    0x08, 0x10, 0x1D, 0xFF, 0x07, 0x0F, 0x1C, 0xFF, 0x07, 0x0F, 0x1C, 0xFF, 0x08, 0x10, 0x1D, 0xFF,
    0x08, 0x10, 0x1D, 0xFF, 0x08, 0x10, 0x1D, 0xFF, 0x0C, 0x13, 0x22, 0xFF, 0x0E, 0x15, 0x24, 0xFF,
    0x12, 0x18, 0x25, 0xFF, 0x14, 0x1A, 0x27, 0xFF, 0x15, 0x1B, 0x28, 0xFF, 0x17, 0x1D, 0x2A, 0xFF,
    0x17, 0x1F, 0x2C, 0xFF, 0x18, 0x21, 0x2E, 0xFF, 0x26, 0x2F, 0x3D, 0xFF, 0x38, 0x45, 0x55, 0xFF,
    0x4F, 0x5D, 0x6F, 0xFF, 0x57, 0x68, 0x7B, 0xFF, 0x54, 0x67, 0x7C, 0xFF, 0x4E, 0x65, 0x7B, 0xFF,
    0x4E, 0x65, 0x7F, 0xFF, 0x4F, 0x66, 0x80, 0xFF, 0x45, 0x5F, 0x77, 0xFF, 0x43, 0x5D, 0x75, 0xFF,
    0x40, 0x5A, 0x72, 0xFF, 0x3B, 0x55, 0x6D, 0xFF, 0x38, 0x52, 0x6A, 0xFF, 0x39, 0x53, 0x6B, 0xFF,
    0x3D, 0x57, 0x6F, 0xFF, 0x40, 0x5A, 0x72, 0xFF, 0x48, 0x62, 0x7A, 0xFF, 0x48, 0x62, 0x7A, 0xFF,
    0x50, 0x61, 0x88, 0xFF, 0x4F, 0x60, 0x87, 0xFF, 0x50, 0x5F, 0x86, 0xFF, 0x4E, 0x5D, 0x84, 0xFF,
    0x4E, 0x5A, 0x84, 0xFF, 0x4F, 0x5B, 0x85, 0xFF, 0x5A, 0x63, 0x8E, 0xFF, 0x63, 0x6D, 0x95, 0xFF,
    0x5F, 0x69, 0x91, 0xFF, 0x5B, 0x66, 0x8C, 0xFF, 0x5D, 0x68, 0x8E, 0xFF, 0x5F, 0x6B, 0x8F, 0xFF,
    0x57, 0x63, 0x85, 0xFF, 0x44, 0x51, 0x71, 0xFF, 0x35, 0x44, 0x64, 0xFF, 0x31, 0x41, 0x5E, 0xFF,
    0x31, 0x3F, 0x5B, 0xFF, 0x2F, 0x3E, 0x58, 0xFF, 0x35, 0x44, 0x5E, 0xFF, 0x43, 0x52, 0x6C, 0xFF,
    0x4F, 0x5E, 0x78, 0xFF, 0x50, 0x5F, 0x79, 0xFF, 0x4B, 0x5A, 0x74, 0xFF, 0x49, 0x58, 0x72, 0xFF,
    0x49, 0x58, 0x72, 0xFF, 0x47, 0x56, 0x70, 0xFF, 0x3F, 0x4E, 0x68, 0xFF, 0x34, 0x43, 0x5D, 0xFF,
    0x28, 0x37, 0x51, 0xFF, 0x20, 0x2F, 0x49, 0xFF, 0x1E, 0x2D, 0x47, 0xFF, 0x1D, 0x2C, 0x46, 0xFF,
    0x1A, 0x28, 0x44, 0xFF, 0x1A, 0x28, 0x44, 0xFF, 0x17, 0x28, 0x43, 0xFF, 0x17, 0x28, 0x43, 0xFF,
    0x16, 0x27, 0x42, 0xFF, 0x16, 0x27, 0x42, 0xFF, 0x16, 0x27, 0x42, 0xFF, 0x16, 0x27, 0x42, 0xFF,
    0x18, 0x27, 0x41, 0xFF, 0x18, 0x27, 0x41, 0xFF, 0x19, 0x27, 0x3E, 0xFF, 0x19, 0x27, 0x3E, 0xFF,
    0x19, 0x26, 0x3C, 0xFF, 0x18, 0x25, 0x3B, 0xFF, 0x1A, 0x25, 0x39, 0xFF, 0x1A, 0x25, 0x3B, 0xFF,
    0x18, 0x22, 0x3A, 0xFF, 0x18, 0x22, 0x3A, 0xFF, 0x1C, 0x25, 0x40, 0xFF, 0x22, 0x2C, 0x44, 0xFF,
    0x29, 0x33, 0x4B, 0xFF, 0x2A, 0x34, 0x4C, 0xFF, 0x27, 0x2E, 0x47, 0xFF, 0x22, 0x29, 0x42, 0xFF,
    0x1E, 0x25, 0x3E, 0xFF, 0x1E, 0x26, 0x3D, 0xFF, 0x1F, 0x27, 0x3E, 0xFF, 0x20, 0x28, 0x3F, 0xFF,
    0x23, 0x29, 0x40, 0xFF, 0x25, 0x2B, 0x42, 0xFF, 0x26, 0x2C, 0x43, 0xFF, 0x27, 0x2E, 0x42, 0xFF,
    0x25, 0x2E, 0x42, 0xFF, 0x25, 0x2E, 0x42, 0xFF, 0x23, 0x2C, 0x40, 0xFF, 0x20, 0x29, 0x3D, 0xFF,
    0x1D, 0x26, 0x3A, 0xFF, 0x1C, 0x25, 0x39, 0xFF, 0x1B, 0x24, 0x38, 0xFF, 0x18, 0x21, 0x35, 0xFF,
    0x15, 0x1E, 0x32, 0xFF, 0x14, 0x1D, 0x31, 0xFF, 0x12, 0x1B, 0x2F, 0xFF, 0x11, 0x1A, 0x2E, 0xFF,
    0x11, 0x1A, 0x2E, 0xFF, 0x12, 0x1B, 0x2F, 0xFF, 0x13, 0x1C, 0x30, 0xFF, 0x14, 0x1E, 0x30, 0xFF,
    0x12, 0x1C, 0x2D, 0xFF, 0x12, 0x1D, 0x2B, 0xFF, 0x11, 0x1C, 0x2A, 0xFF, 0x10, 0x1B, 0x29, 0xFF,
    0x11, 0x1A, 0x28, 0xFF, 0x0F, 0x18, 0x26, 0xFF, 0x0D, 0x16, 0x24, 0xFF, 0x0C, 0x15, 0x23, 0xFF,
    0x09, 0x12, 0x1F, 0xFF, 0x09, 0x12, 0x1F, 0xFF, 0x09, 0x11, 0x1E, 0xFF, 0x08, 0x10, 0x1D, 0xFF,
    0x08, 0x10, 0x1D, 0xFF, 0x08, 0x10, 0x1D, 0xFF, 0x08, 0x10, 0x1D, 0xFF, 0x08, 0x10, 0x1D, 0xFF,
    0x09, 0x10, 0x1F, 0xFF, 0x0B, 0x12, 0x21, 0xFF, 0x0E, 0x16, 0x23, 0xFF, 0x11, 0x19, 0x26, 0xFF,
    0x16, 0x1C, 0x27, 0xFF, 0x18, 0x1E, 0x29, 0xFF, 0x18, 0x21, 0x2B, 0xFF, 0x18, 0x21, 0x2E, 0xFF,
    0x1F, 0x28, 0x36, 0xFF, 0x2F, 0x3C, 0x4C, 0xFF, 0x47, 0x55, 0x67, 0xFF, 0x54, 0x65, 0x78, 0xFF,
    0x55, 0x6A, 0x7F, 0xFF, 0x52, 0x69, 0x7F, 0xFF, 0x50, 0x67, 0x81, 0xFF, 0x4D, 0x66, 0x80, 0xFF,
    0x49, 0x63, 0x7B, 0xFF, 0x43, 0x5D, 0x75, 0xFF, 0x3B, 0x55, 0x6D, 0xFF, 0x36, 0x50, 0x68, 0xFF,
    0x37, 0x51, 0x69, 0xFF, 0x3E, 0x58, 0x70, 0xFF, 0x48, 0x62, 0x7A, 0xFF, 0x4F, 0x69, 0x81, 0xFF,
    0x4E, 0x68, 0x80, 0xFF, 0x4E, 0x68, 0x80, 0xFF, 0x51, 0x62, 0x89, 0xFF, 0x51, 0x62, 0x89, 0xFF,
    0x53, 0x62, 0x89, 0xFF, 0x50, 0x5F, 0x86, 0xFF, 0x50, 0x5C, 0x86, 0xFF, 0x54, 0x60, 0x8A, 0xFF,
    0x63, 0x6C, 0x97, 0xFF, 0x6F, 0x78, 0xA3, 0xFF, 0x68, 0x72, 0x9A, 0xFF, 0x5E, 0x68, 0x90, 0xFF,
    0x5B, 0x65, 0x8D, 0xFF, 0x5F, 0x6A, 0x90, 0xFF, 0x5F, 0x6B, 0x8F, 0xFF, 0x52, 0x5E, 0x80, 0xFF,
    0x3F, 0x4E, 0x6F, 0xFF, 0x35, 0x45, 0x62, 0xFF, 0x36, 0x44, 0x60, 0xFF, 0x30, 0x3F, 0x59, 0xFF,
    0x30, 0x3F, 0x59, 0xFF, 0x3C, 0x4B, 0x65, 0xFF, 0x4B, 0x5A, 0x74, 0xFF, 0x51, 0x60, 0x7A, 0xFF,
    0x4F, 0x5E, 0x78, 0xFF, 0x4A, 0x59, 0x73, 0xFF, 0x4A, 0x59, 0x73, 0xFF, 0x46, 0x55, 0x6F, 0xFF,
    0x3E, 0x4D, 0x67, 0xFF, 0x31, 0x40, 0x5A, 0xFF, 0x26, 0x35, 0x4F, 0xFF, 0x21, 0x30, 0x4A, 0xFF,
    0x1E, 0x2D, 0x47, 0xFF, 0x1D, 0x2C, 0x46, 0xFF, 0x1A, 0x28, 0x44, 0xFF, 0x1A, 0x28, 0x44, 0xFF,
    0x18, 0x29, 0x44, 0xFF, 0x18, 0x29, 0x44, 0xFF, 0x18, 0x29, 0x44, 0xFF, 0x18, 0x29, 0x44, 0xFF,
    0x18, 0x29, 0x44, 0xFF, 0x18, 0x29, 0x44, 0xFF, 0x18, 0x27, 0x41, 0xFF, 0x18, 0x27, 0x41, 0xFF,
    0x1A, 0x28, 0x3F, 0xFF, 0x19, 0x27, 0x3E, 0xFF, 0x1A, 0x27, 0x3D, 0xFF, 0x19, 0x26, 0x3C, 0xFF,
    0x1B, 0x26, 0x3A, 0xFF, 0x1A, 0x25, 0x3B, 0xFF, 0x1A, 0x24, 0x3C, 0xFF, 0x1B, 0x24, 0x3F, 0xFF,
    0x20, 0x29, 0x44, 0xFF, 0x28, 0x31, 0x4C, 0xFF, 0x30, 0x3A, 0x52, 0xFF, 0x31, 0x3B, 0x53, 0xFF,
    0x2E, 0x35, 0x4E, 0xFF, 0x28, 0x2F, 0x48, 0xFF, 0x21, 0x28, 0x41, 0xFF, 0x22, 0x29, 0x42, 0xFF,
    0x22, 0x29, 0x42, 0xFF, 0x23, 0x2B, 0x42, 0xFF, 0x27, 0x2D, 0x44, 0xFF, 0x29, 0x2F, 0x46, 0xFF,
    0x2B, 0x31, 0x48, 0xFF, 0x2D, 0x33, 0x4A, 0xFF, 0x2C, 0x34, 0x4B, 0xFF, 0x2D, 0x36, 0x4A, 0xFF,
    0x2C, 0x35, 0x49, 0xFF, 0x28, 0x31, 0x45, 0xFF, 0x25, 0x2E, 0x42, 0xFF, 0x23, 0x2C, 0x40, 0xFF,
    0x21, 0x2A, 0x3E, 0xFF, 0x1E, 0x27, 0x3B, 0xFF, 0x19, 0x22, 0x36, 0xFF, 0x18, 0x21, 0x35, 0xFF,
    0x15, 0x1E, 0x32, 0xFF, 0x13, 0x1C, 0x30, 0xFF, 0x12, 0x1B, 0x2F, 0xFF, 0x12, 0x1B, 0x2F, 0xFF,
    0x13, 0x1C, 0x30, 0xFF, 0x14, 0x1E, 0x30, 0xFF, 0x16, 0x20, 0x31, 0xFF, 0x16, 0x21, 0x2F, 0xFF,
    0x15, 0x20, 0x2E, 0xFF, 0x14, 0x1F, 0x2D, 0xFF, 0x15, 0x1E, 0x2C, 0xFF, 0x12, 0x1B, 0x29, 0xFF,
    0x10, 0x19, 0x27, 0xFF, 0x0F, 0x18, 0x26, 0xFF, 0x0B, 0x14, 0x21, 0xFF, 0x0B, 0x14, 0x21, 0xFF,
    0x0B, 0x13, 0x20, 0xFF, 0x0A, 0x12, 0x1F, 0xFF, 0x09, 0x11, 0x1E, 0xFF, 0x09, 0x11, 0x1E, 0xFF,
    0x09, 0x11, 0x1E, 0xFF, 0x09, 0x11, 0x1E, 0xFF, 0x08, 0x0F, 0x1E, 0xFF, 0x09, 0x10, 0x1F, 0xFF,
    0x0C, 0x14, 0x21, 0xFF, 0x10, 0x18, 0x25, 0xFF, 0x16, 0x1C, 0x27, 0xFF, 0x19, 0x1F, 0x2A, 0xFF,
    0x19, 0x22, 0x2C, 0xFF, 0x19, 0x23, 0x2D, 0xFF, 0x1D, 0x26, 0x33, 0xFF, 0x26, 0x33, 0x41, 0xFF,
    0x39, 0x48, 0x58, 0xFF, 0x4A, 0x5B, 0x6E, 0xFF, 0x54, 0x69, 0x7E, 0xFF, 0x55, 0x6D, 0x83, 0xFF,
    0x51, 0x68, 0x82, 0xFF, 0x4B, 0x64, 0x7E, 0xFF, 0x49, 0x63, 0x7B, 0xFF, 0x41, 0x5B, 0x73, 0xFF,
    0x38, 0x52, 0x6A, 0xFF, 0x36, 0x50, 0x68, 0xFF, 0x3C, 0x56, 0x6E, 0xFF, 0x46, 0x60, 0x78, 0xFF,
    0x50, 0x6A, 0x82, 0xFF, 0x56, 0x70, 0x88, 0xFF, 0x4F, 0x69, 0x81, 0xFF, 0x4F, 0x69, 0x81, 0xFF,
    0x51, 0x63, 0x88, 0xFF, 0x52, 0x64, 0x89, 0xFF, 0x53, 0x62, 0x89, 0xFF, 0x50, 0x5F, 0x86, 0xFF,
    0x50, 0x5C, 0x86, 0xFF, 0x57, 0x63, 0x8D, 0xFF, 0x6B, 0x74, 0x9F, 0xFF, 0x7B, 0x84, 0xAF, 0xFF,
    0x70, 0x79, 0xA4, 0xFF, 0x62, 0x6C, 0x94, 0xFF, 0x58, 0x62, 0x8A, 0xFF, 0x5B, 0x66, 0x8C, 0xFF,
    0x61, 0x6D, 0x91, 0xFF, 0x5B, 0x67, 0x89, 0xFF, 0x49, 0x58, 0x79, 0xFF, 0x3B, 0x4A, 0x6A, 0xFF,
    0x36, 0x46, 0x63, 0xFF, 0x32, 0x43, 0x5E, 0xFF, 0x2E, 0x3F, 0x5A, 0xFF, 0x34, 0x45, 0x60, 0xFF,
    0x42, 0x53, 0x6E, 0xFF, 0x4E, 0x5F, 0x7A, 0xFF, 0x4F, 0x60, 0x7B, 0xFF, 0x4B, 0x5C, 0x77, 0xFF,
    0x47, 0x58, 0x73, 0xFF, 0x44, 0x55, 0x70, 0xFF, 0x3A, 0x4B, 0x66, 0xFF, 0x2E, 0x3F, 0x5A, 0xFF,
    0x25, 0x36, 0x51, 0xFF, 0x21, 0x32, 0x4D, 0xFF, 0x1E, 0x2F, 0x4A, 0xFF, 0x1B, 0x2C, 0x47, 0xFF,
    0x18, 0x29, 0x43, 0xFF, 0x19, 0x2A, 0x44, 0xFF, 0x19, 0x2A, 0x45, 0xFF, 0x19, 0x2A, 0x45, 0xFF,
    0x19, 0x2A, 0x45, 0xFF, 0x19, 0x2A, 0x45, 0xFF, 0x19, 0x2A, 0x45, 0xFF, 0x19, 0x2A, 0x45, 0xFF,
    0x19, 0x28, 0x42, 0xFF, 0x19, 0x28, 0x42, 0xFF, 0x1A, 0x28, 0x3F, 0xFF, 0x1A, 0x28, 0x3F, 0xFF,
    0x1A, 0x27, 0x3D, 0xFF, 0x19, 0x26, 0x3C, 0xFF, 0x1B, 0x26, 0x3A, 0xFF, 0x1B, 0x26, 0x3C, 0xFF,
    0x1D, 0x26, 0x41, 0xFF, 0x1E, 0x26, 0x43, 0xFF, 0x24, 0x2D, 0x48, 0xFF, 0x2E, 0x37, 0x52, 0xFF,
    0x36, 0x3F, 0x5A, 0xFF, 0x38, 0x41, 0x5C, 0xFF, 0x32, 0x3B, 0x56, 0xFF, 0x2B, 0x34, 0x4F, 0xFF,
    0x25, 0x2C, 0x47, 0xFF, 0x25, 0x2C, 0x45, 0xFF, 0x25, 0x2C, 0x45, 0xFF, 0x27, 0x2E, 0x47, 0xFF,
    0x29, 0x30, 0x49, 0xFF, 0x2C, 0x33, 0x4C, 0xFF, 0x30, 0x35, 0x4E, 0xFF, 0x32, 0x38, 0x4F, 0xFF,
    0x33, 0x3B, 0x52, 0xFF, 0x35, 0x3D, 0x54, 0xFF, 0x34, 0x3C, 0x53, 0xFF, 0x30, 0x38, 0x4F, 0xFF,
    0x2D, 0x35, 0x4C, 0xFF, 0x2A, 0x32, 0x49, 0xFF, 0x27, 0x2F, 0x46, 0xFF, 0x23, 0x2B, 0x42, 0xFF,
    0x21, 0x29, 0x40, 0xFF, 0x1F, 0x27, 0x3E, 0xFF, 0x1C, 0x24, 0x3B, 0xFF, 0x19, 0x21, 0x38, 0xFF,
    0x17, 0x1F, 0x36, 0xFF, 0x17, 0x1F, 0x36, 0xFF, 0x17, 0x1F, 0x36, 0xFF, 0x18, 0x21, 0x35, 0xFF,
    0x1A, 0x24, 0x35, 0xFF, 0x1A, 0x25, 0x33, 0xFF, 0x1A, 0x25, 0x33, 0xFF, 0x19, 0x24, 0x32, 0xFF,
    0x17, 0x22, 0x30, 0xFF, 0x15, 0x20, 0x2E, 0xFF, 0x14, 0x1D, 0x2B, 0xFF, 0x13, 0x1C, 0x2A, 0xFF,
    0x0D, 0x16, 0x23, 0xFF, 0x0D, 0x16, 0x23, 0xFF, 0x0C, 0x14, 0x21, 0xFF, 0x0B, 0x13, 0x20, 0xFF,
    0x0A, 0x12, 0x1F, 0xFF, 0x0A, 0x12, 0x1F, 0xFF, 0x0A, 0x12, 0x1F, 0xFF, 0x09, 0x11, 0x1E, 0xFF,
    0x07, 0x10, 0x1E, 0xFF, 0x08, 0x11, 0x1F, 0xFF, 0x0B, 0x13, 0x20, 0xFF, 0x0F, 0x17, 0x24, 0xFF,
    0x14, 0x1A, 0x25, 0xFF, 0x18, 0x1E, 0x29, 0xFF, 0x18, 0x21, 0x2B, 0xFF, 0x18, 0x22, 0x2C, 0xFF,
    0x1C, 0x25, 0x32, 0xFF, 0x1C, 0x29, 0x37, 0xFF, 0x28, 0x37, 0x47, 0xFF, 0x3D, 0x4E, 0x61, 0xFF,
    0x50, 0x65, 0x7A, 0xFF, 0x57, 0x6F, 0x85, 0xFF, 0x52, 0x69, 0x83, 0xFF, 0x48, 0x61, 0x7B, 0xFF,
    0x43, 0x5D, 0x75, 0xFF, 0x3D, 0x57, 0x6F, 0xFF, 0x38, 0x52, 0x6A, 0xFF, 0x3B, 0x55, 0x6D, 0xFF,
    0x44, 0x5E, 0x76, 0xFF, 0x4D, 0x67, 0x7F, 0xFF, 0x52, 0x6C, 0x84, 0xFF, 0x52, 0x6C, 0x84, 0xFF,
    0x4D, 0x67, 0x7F, 0xFF, 0x4D, 0x67, 0x7F, 0xFF, 0x52, 0x61, 0x88, 0xFF, 0x52, 0x61, 0x88, 0xFF,
    0x52, 0x60, 0x8A, 0xFF, 0x4F, 0x5D, 0x87, 0xFF, 0x50, 0x5C, 0x86, 0xFF, 0x58, 0x64, 0x8E, 0xFF,
    0x6E, 0x77, 0xA3, 0xFF, 0x80, 0x89, 0xB4, 0xFF, 0x74, 0x7D, 0xA8, 0xFF, 0x64, 0x6D, 0x98, 0xFF,
    0x56, 0x5F, 0x8A, 0xFF, 0x57, 0x61, 0x89, 0xFF, 0x5F, 0x6A, 0x90, 0xFF, 0x5E, 0x6A, 0x8E, 0xFF,
    0x4E, 0x5C, 0x80, 0xFF, 0x40, 0x4F, 0x70, 0xFF, 0x37, 0x46, 0x66, 0xFF, 0x34, 0x44, 0x61, 0xFF,
    0x30, 0x40, 0x5D, 0xFF, 0x31, 0x41, 0x5E, 0xFF, 0x3D, 0x4D, 0x6A, 0xFF, 0x4B, 0x5B, 0x78, 0xFF,
    0x51, 0x61, 0x7E, 0xFF, 0x4E, 0x5F, 0x7A, 0xFF, 0x47, 0x58, 0x73, 0xFF, 0x43, 0x54, 0x6F, 0xFF,
    0x39, 0x4A, 0x65, 0xFF, 0x2D, 0x3E, 0x59, 0xFF, 0x25, 0x36, 0x51, 0xFF, 0x22, 0x33, 0x4E, 0xFF,
    0x1F, 0x30, 0x4B, 0xFF, 0x1B, 0x2C, 0x47, 0xFF, 0x1B, 0x29, 0x45, 0xFF, 0x1B, 0x29, 0x45, 0xFF,
    0x1C, 0x2A, 0x46, 0xFF, 0x1C, 0x2A, 0x46, 0xFF, 0x1C, 0x2A, 0x47, 0xFF, 0x1C, 0x2A, 0x46, 0xFF,
    0x1C, 0x2A, 0x46, 0xFF, 0x1C, 0x2A, 0x46, 0xFF, 0x19, 0x27, 0x43, 0xFF, 0x1B, 0x28, 0x42, 0xFF,
    0x1A, 0x27, 0x41, 0xFF, 0x1A, 0x28, 0x3F, 0xFF, 0x1A, 0x26, 0x3E, 0xFF, 0x1A, 0x27, 0x3D, 0xFF,
    0x1B, 0x26, 0x3C, 0xFF, 0x1B, 0x25, 0x3D, 0xFF, 0x1F, 0x28, 0x43, 0xFF, 0x1F, 0x2A, 0x46, 0xFF,
    0x27, 0x30, 0x4B, 0xFF, 0x2F, 0x3A, 0x55, 0xFF, 0x3A, 0x43, 0x5E, 0xFF, 0x3A, 0x45, 0x60, 0xFF,
    0x36, 0x3F, 0x5A, 0xFF, 0x2F, 0x38, 0x53, 0xFF, 0x25, 0x2E, 0x49, 0xFF, 0x25, 0x2E, 0x49, 0xFF,
    0x25, 0x2E, 0x49, 0xFF, 0x27, 0x31, 0x49, 0xFF, 0x29, 0x32, 0x4D, 0xFF, 0x2C, 0x36, 0x4E, 0xFF,
    0x31, 0x38, 0x53, 0xFF, 0x33, 0x3A, 0x53, 0xFF, 0x36, 0x40, 0x58, 0xFF, 0x37, 0x42, 0x58, 0xFF,
    0x37, 0x41, 0x59, 0xFF, 0x34, 0x3F, 0x55, 0xFF, 0x30, 0x3A, 0x52, 0xFF, 0x2D, 0x38, 0x4E, 0xFF,
    0x29, 0x33, 0x4B, 0xFF, 0x25, 0x30, 0x46, 0xFF, 0x28, 0x30, 0x47, 0xFF, 0x24, 0x2F, 0x45, 0xFF,
    0x22, 0x2A, 0x41, 0xFF, 0x1D, 0x28, 0x3E, 0xFF, 0x1D, 0x25, 0x3C, 0xFF, 0x1C, 0x24, 0x3B, 0xFF,
    0x1C, 0x24, 0x3B, 0xFF, 0x1D, 0x26, 0x3A, 0xFF, 0x1D, 0x27, 0x39, 0xFF, 0x1D, 0x27, 0x38, 0xFF,
    0x1D, 0x27, 0x38, 0xFF, 0x1C, 0x26, 0x37, 0xFF, 0x1A, 0x24, 0x35, 0xFF, 0x18, 0x22, 0x33, 0xFF,
    0x15, 0x1F, 0x30, 0xFF, 0x16, 0x1E, 0x2F, 0xFF, 0x0F, 0x18, 0x26, 0xFF, 0x0E, 0x17, 0x25, 0xFF,
    0x0E, 0x15, 0x24, 0xFF, 0x0C, 0x13, 0x22, 0xFF, 0x0B, 0x13, 0x20, 0xFF, 0x0B, 0x13, 0x20, 0xFF,
    0x0A, 0x12, 0x1F, 0xFF, 0x0A, 0x12, 0x1F, 0xFF, 0x0A, 0x11, 0x20, 0xFF, 0x09, 0x12, 0x20, 0xFF,
    0x0B, 0x13, 0x20, 0xFF, 0x0E, 0x16, 0x23, 0xFF, 0x13, 0x19, 0x24, 0xFF, 0x15, 0x1E, 0x28, 0xFF,
    0x17, 0x20, 0x2A, 0xFF, 0x16, 0x20, 0x2A, 0xFF, 0x19, 0x25, 0x31, 0xFF, 0x15, 0x22, 0x30, 0xFF,
    0x1D, 0x2C, 0x3C, 0xFF, 0x36, 0x45, 0x58, 0xFF, 0x4F, 0x62, 0x77, 0xFF, 0x5A, 0x6F, 0x85, 0xFF,
    0x53, 0x69, 0x82, 0xFF, 0x49, 0x61, 0x79, 0xFF, 0x3F, 0x57, 0x6F, 0xFF, 0x3A, 0x54, 0x6C, 0xFF,
    0x39, 0x53, 0x6B, 0xFF, 0x40, 0x5A, 0x72, 0xFF, 0x4B, 0x65, 0x7D, 0xFF, 0x51, 0x6B, 0x83, 0xFF,
    0x4F, 0x69, 0x81, 0xFF, 0x4B, 0x65, 0x7D, 0xFF, 0x4B, 0x65, 0x7D, 0xFF, 0x4B, 0x65, 0x7D, 0xFF,
    0x56, 0x60, 0x8F, 0xFF, 0x56, 0x60, 0x8F, 0xFF, 0x58, 0x62, 0x91, 0xFF, 0x58, 0x62, 0x91, 0xFF,
    0x53, 0x5D, 0x8C, 0xFF, 0x55, 0x60, 0x8C, 0xFF, 0x65, 0x6F, 0x9E, 0xFF, 0x78, 0x83, 0xAF, 0xFF,
    0x75, 0x80, 0xAC, 0xFF, 0x64, 0x70, 0x9A, 0xFF, 0x57, 0x63, 0x8D, 0xFF, 0x56, 0x62, 0x8C, 0xFF,
    0x5B, 0x67, 0x8F, 0xFF, 0x5F, 0x6B, 0x93, 0xFF, 0x59, 0x65, 0x8D, 0xFF, 0x4D, 0x5B, 0x7F, 0xFF,
    0x3E, 0x4D, 0x6E, 0xFF, 0x3C, 0x4B, 0x6B, 0xFF, 0x35, 0x44, 0x64, 0xFF, 0x31, 0x40, 0x60, 0xFF,
    0x36, 0x45, 0x65, 0xFF, 0x44, 0x53, 0x73, 0xFF, 0x4F, 0x5E, 0x7E, 0xFF, 0x52, 0x62, 0x7F, 0xFF,
    0x4C, 0x5A, 0x77, 0xFF, 0x45, 0x53, 0x70, 0xFF, 0x3A, 0x48, 0x65, 0xFF, 0x2F, 0x3D, 0x5A, 0xFF,
    0x28, 0x36, 0x52, 0xFF, 0x24, 0x32, 0x4E, 0xFF, 0x20, 0x2E, 0x4A, 0xFF, 0x1E, 0x2C, 0x48, 0xFF,
    0x1E, 0x29, 0x49, 0xFF, 0x1D, 0x28, 0x48, 0xFF, 0x1E, 0x29, 0x49, 0xFF, 0x20, 0x2B, 0x49, 0xFF,
    0x20, 0x2B, 0x4B, 0xFF, 0x1E, 0x29, 0x47, 0xFF, 0x1D, 0x28, 0x46, 0xFF, 0x1D, 0x28, 0x46, 0xFF,
    0x1D, 0x28, 0x46, 0xFF, 0x1C, 0x27, 0x43, 0xFF, 0x1B, 0x26, 0x42, 0xFF, 0x1A, 0x25, 0x40, 0xFF,
    0x1B, 0x26, 0x41, 0xFF, 0x1C, 0x27, 0x42, 0xFF, 0x1C, 0x27, 0x42, 0xFF, 0x1C, 0x27, 0x42, 0xFF,
    0x1F, 0x2A, 0x46, 0xFF, 0x22, 0x2E, 0x4A, 0xFF, 0x2A, 0x35, 0x51, 0xFF, 0x32, 0x3E, 0x5A, 0xFF,
    0x3C, 0x47, 0x63, 0xFF, 0x3D, 0x49, 0x65, 0xFF, 0x35, 0x40, 0x5C, 0xFF, 0x2B, 0x36, 0x52, 0xFF,
    0x26, 0x31, 0x4D, 0xFF, 0x25, 0x30, 0x4C, 0xFF, 0x25, 0x30, 0x4C, 0xFF, 0x28, 0x33, 0x4E, 0xFF,
    0x2D, 0x38, 0x54, 0xFF, 0x33, 0x3E, 0x59, 0xFF, 0x36, 0x41, 0x5D, 0xFF, 0x38, 0x43, 0x5E, 0xFF,
    0x37, 0x42, 0x5D, 0xFF, 0x37, 0x43, 0x5B, 0xFF, 0x38, 0x43, 0x5E, 0xFF, 0x3A, 0x46, 0x5E, 0xFF,
    0x3B, 0x46, 0x61, 0xFF, 0x39, 0x45, 0x5D, 0xFF, 0x33, 0x3E, 0x59, 0xFF, 0x2E, 0x3A, 0x52, 0xFF,
    0x28, 0x32, 0x4A, 0xFF, 0x24, 0x30, 0x48, 0xFF, 0x24, 0x2E, 0x46, 0xFF, 0x21, 0x2D, 0x45, 0xFF,
    0x25, 0x2F, 0x47, 0xFF, 0x26, 0x30, 0x48, 0xFF, 0x27, 0x31, 0x49, 0xFF, 0x27, 0x32, 0x48, 0xFF,
    0x28, 0x33, 0x49, 0xFF, 0x26, 0x31, 0x47, 0xFF, 0x23, 0x2E, 0x44, 0xFF, 0x21, 0x2C, 0x42, 0xFF,
    0x1E, 0x29, 0x3F, 0xFF, 0x1C, 0x27, 0x3D, 0xFF, 0x19, 0x24, 0x38, 0xFF, 0x19, 0x22, 0x36, 0xFF,
    0x16, 0x20, 0x32, 0xFF, 0x16, 0x1D, 0x30, 0xFF, 0x13, 0x1A, 0x2B, 0xFF, 0x0F, 0x16, 0x27, 0xFF,
    0x0E, 0x13, 0x22, 0xFF, 0x0D, 0x12, 0x21, 0xFF, 0x0D, 0x13, 0x20, 0xFF, 0x0E, 0x14, 0x21, 0xFF,
    0x0E, 0x15, 0x24, 0xFF, 0x0D, 0x14, 0x23, 0xFF, 0x0D, 0x15, 0x22, 0xFF, 0x0D, 0x15, 0x22, 0xFF,
    0x0F, 0x17, 0x24, 0xFF, 0x12, 0x1A, 0x27, 0xFF, 0x14, 0x1C, 0x29, 0xFF, 0x15, 0x1E, 0x2B, 0xFF,
    0x16, 0x21, 0x2F, 0xFF, 0x17, 0x22, 0x30, 0xFF, 0x18, 0x25, 0x35, 0xFF, 0x24, 0x32, 0x44, 0xFF,
    0x3B, 0x4A, 0x5D, 0xFF, 0x4B, 0x5C, 0x71, 0xFF, 0x48, 0x5B, 0x70, 0xFF, 0x3A, 0x4F, 0x65, 0xFF,
    0x39, 0x4F, 0x68, 0xFF, 0x37, 0x4F, 0x67, 0xFF, 0x42, 0x5A, 0x72, 0xFF, 0x4F, 0x67, 0x7F, 0xFF,
    0x4F, 0x67, 0x7F, 0xFF, 0x4C, 0x64, 0x7C, 0xFF, 0x4A, 0x62, 0x7A, 0xFF, 0x46, 0x5E, 0x76, 0xFF,
    0x4B, 0x63, 0x7B, 0xFF, 0x48, 0x60, 0x78, 0xFF, 0x57, 0x61, 0x91, 0xFF, 0x57, 0x61, 0x91, 0xFF,
    0x58, 0x62, 0x92, 0xFF, 0x58, 0x62, 0x92, 0xFF, 0x54, 0x5E, 0x8D, 0xFF, 0x55, 0x5F, 0x8E, 0xFF,
    0x62, 0x6C, 0x9B, 0xFF, 0x72, 0x7C, 0xAB, 0xFF, 0x77, 0x82, 0xAE, 0xFF, 0x67, 0x72, 0x9E, 0xFF,
    0x5B, 0x67, 0x91, 0xFF, 0x58, 0x64, 0x8E, 0xFF, 0x5A, 0x66, 0x90, 0xFF, 0x5E, 0x6A, 0x94, 0xFF,
    0x5B, 0x67, 0x8F, 0xFF, 0x52, 0x5F, 0x85, 0xFF, 0x40, 0x4E, 0x72, 0xFF, 0x3E, 0x4D, 0x6E, 0xFF,
    0x38, 0x47, 0x68, 0xFF, 0x34, 0x43, 0x64, 0xFF, 0x37, 0x46, 0x67, 0xFF, 0x3F, 0x4E, 0x6F, 0xFF,
    0x49, 0x58, 0x78, 0xFF, 0x4E, 0x5D, 0x7D, 0xFF, 0x49, 0x56, 0x76, 0xFF, 0x41, 0x4F, 0x6C, 0xFF,
    0x37, 0x45, 0x62, 0xFF, 0x2D, 0x3B, 0x58, 0xFF, 0x27, 0x35, 0x51, 0xFF, 0x23, 0x31, 0x4D, 0xFF,
    0x20, 0x2E, 0x4A, 0xFF, 0x1F, 0x2D, 0x4A, 0xFF, 0x20, 0x2B, 0x4B, 0xFF, 0x20, 0x29, 0x4B, 0xFF,
    0x20, 0x29, 0x4A, 0xFF, 0x21, 0x2A, 0x4B, 0xFF, 0x21, 0x2A, 0x4B, 0xFF, 0x1F, 0x28, 0x49, 0xFF,
    0x1E, 0x28, 0x46, 0xFF, 0x1F, 0x29, 0x47, 0xFF, 0x1B, 0x25, 0x43, 0xFF, 0x1B, 0x25, 0x43, 0xFF,
    0x1A, 0x25, 0x41, 0xFF, 0x1A, 0x25, 0x41, 0xFF, 0x1B, 0x26, 0x42, 0xFF, 0x1C, 0x27, 0x43, 0xFF,
    0x1D, 0x28, 0x44, 0xFF, 0x1D, 0x29, 0x45, 0xFF, 0x22, 0x2E, 0x4A, 0xFF, 0x27, 0x33, 0x4F, 0xFF,
    0x2F, 0x3B, 0x57, 0xFF, 0x38, 0x44, 0x60, 0xFF, 0x40, 0x4C, 0x68, 0xFF, 0x40, 0x4C, 0x68, 0xFF,
    0x37, 0x43, 0x5F, 0xFF, 0x2D, 0x39, 0x55, 0xFF, 0x28, 0x34, 0x50, 0xFF, 0x27, 0x33, 0x4F, 0xFF,
    0x27, 0x33, 0x4F, 0xFF, 0x2B, 0x37, 0x53, 0xFF, 0x31, 0x3D, 0x59, 0xFF, 0x37, 0x43, 0x5F, 0xFF,
    0x3B, 0x47, 0x63, 0xFF, 0x3D, 0x49, 0x65, 0xFF, 0x3C, 0x48, 0x64, 0xFF, 0x3C, 0x49, 0x63, 0xFF,
    0x3D, 0x4A, 0x64, 0xFF, 0x3F, 0x4C, 0x66, 0xFF, 0x40, 0x4D, 0x67, 0xFF, 0x3E, 0x4B, 0x65, 0xFF,
    0x3B, 0x46, 0x61, 0xFF, 0x37, 0x42, 0x5D, 0xFF, 0x2C, 0x37, 0x52, 0xFF, 0x29, 0x35, 0x4D, 0xFF,
    0x26, 0x32, 0x4A, 0xFF, 0x25, 0x31, 0x49, 0xFF, 0x27, 0x33, 0x4B, 0xFF, 0x29, 0x35, 0x4D, 0xFF,
    0x2B, 0x35, 0x4D, 0xFF, 0x2A, 0x34, 0x4C, 0xFF, 0x2D, 0x37, 0x4F, 0xFF, 0x2B, 0x35, 0x4D, 0xFF,
    0x2A, 0x34, 0x4C, 0xFF, 0x28, 0x32, 0x4A, 0xFF, 0x25, 0x2F, 0x47, 0xFF, 0x22, 0x2C, 0x44, 0xFF,
    0x1E, 0x28, 0x40, 0xFF, 0x1B, 0x26, 0x3C, 0xFF, 0x18, 0x20, 0x37, 0xFF, 0x16, 0x1F, 0x33, 0xFF,
    0x14, 0x1B, 0x2F, 0xFF, 0x11, 0x17, 0x2A, 0xFF, 0x10, 0x14, 0x26, 0xFF, 0x0F, 0x14, 0x23, 0xFF,
    0x10, 0x13, 0x22, 0xFF, 0x0E, 0x14, 0x21, 0xFF, 0x0E, 0x15, 0x24, 0xFF, 0x0D, 0x14, 0x23, 0xFF,
    0x0D, 0x15, 0x22, 0xFF, 0x0D, 0x15, 0x22, 0xFF, 0x0F, 0x17, 0x24, 0xFF, 0x11, 0x19, 0x26, 0xFF,
    0x13, 0x1C, 0x29, 0xFF, 0x15, 0x1E, 0x2B, 0xFF, 0x17, 0x20, 0x2E, 0xFF, 0x13, 0x1E, 0x2C, 0xFF,
    0x11, 0x1D, 0x2F, 0xFF, 0x17, 0x23, 0x35, 0xFF, 0x22, 0x30, 0x43, 0xFF, 0x2D, 0x3C, 0x4F, 0xFF,
    0x31, 0x3F, 0x55, 0xFF, 0x2A, 0x3D, 0x52, 0xFF, 0x35, 0x4B, 0x64, 0xFF, 0x38, 0x50, 0x68, 0xFF,
    0x44, 0x5C, 0x74, 0xFF, 0x4E, 0x66, 0x7E, 0xFF, 0x4F, 0x67, 0x7F, 0xFF, 0x4C, 0x64, 0x7C, 0xFF,
    0x4B, 0x63, 0x7B, 0xFF, 0x48, 0x60, 0x78, 0xFF, 0x46, 0x5E, 0x76, 0xFF, 0x43, 0x5B, 0x73, 0xFF,
    0x56, 0x62, 0x92, 0xFF, 0x55, 0x61, 0x91, 0xFF, 0x56, 0x62, 0x92, 0xFF, 0x55, 0x61, 0x91, 0xFF,
    0x52, 0x5F, 0x8D, 0xFF, 0x53, 0x60, 0x8E, 0xFF, 0x5C, 0x69, 0x97, 0xFF, 0x67, 0x74, 0xA2, 0xFF,
    0x74, 0x81, 0xAD, 0xFF, 0x67, 0x74, 0xA0, 0xFF, 0x5C, 0x6A, 0x94, 0xFF, 0x58, 0x66, 0x90, 0xFF,
    0x56, 0x64, 0x8E, 0xFF, 0x5A, 0x68, 0x92, 0xFF, 0x5B, 0x69, 0x93, 0xFF, 0x56, 0x65, 0x8C, 0xFF,
    0x45, 0x55, 0x7A, 0xFF, 0x40, 0x50, 0x74, 0xFF, 0x3A, 0x4A, 0x6E, 0xFF, 0x36, 0x46, 0x6A, 0xFF,
    0x37, 0x46, 0x67, 0xFF, 0x3A, 0x49, 0x6A, 0xFF, 0x40, 0x4F, 0x70, 0xFF, 0x46, 0x55, 0x75, 0xFF,
    0x41, 0x50, 0x70, 0xFF, 0x3A, 0x49, 0x69, 0xFF, 0x33, 0x41, 0x5E, 0xFF, 0x2B, 0x39, 0x56, 0xFF,
    0x26, 0x34, 0x51, 0xFF, 0x23, 0x31, 0x4E, 0xFF, 0x21, 0x2F, 0x4C, 0xFF, 0x20, 0x2E, 0x4B, 0xFF,
    0x23, 0x2E, 0x4E, 0xFF, 0x21, 0x2C, 0x4C, 0xFF, 0x1F, 0x2A, 0x4A, 0xFF, 0x20, 0x2B, 0x4B, 0xFF,
    0x1F, 0x2A, 0x4A, 0xFF, 0x1D, 0x28, 0x48, 0xFF, 0x1D, 0x28, 0x48, 0xFF, 0x1F, 0x2A, 0x4A, 0xFF,
    0x1B, 0x26, 0x44, 0xFF, 0x1B, 0x26, 0x44, 0xFF, 0x1B, 0x26, 0x44, 0xFF, 0x1B, 0x26, 0x44, 0xFF,
    0x1C, 0x27, 0x45, 0xFF, 0x1E, 0x29, 0x47, 0xFF, 0x20, 0x2B, 0x49, 0xFF, 0x21, 0x2C, 0x4A, 0xFF,
    0x27, 0x32, 0x50, 0xFF, 0x2C, 0x3A, 0x57, 0xFF, 0x35, 0x43, 0x60, 0xFF, 0x3E, 0x4C, 0x69, 0xFF,
    0x44, 0x52, 0x6F, 0xFF, 0x43, 0x51, 0x6E, 0xFF, 0x39, 0x47, 0x64, 0xFF, 0x30, 0x3E, 0x5B, 0xFF,
    0x29, 0x37, 0x54, 0xFF, 0x29, 0x37, 0x54, 0xFF, 0x2A, 0x38, 0x55, 0xFF, 0x2E, 0x3C, 0x59, 0xFF,
    0x35, 0x43, 0x60, 0xFF, 0x3C, 0x4A, 0x67, 0xFF, 0x40, 0x4E, 0x6B, 0xFF, 0x42, 0x50, 0x6C, 0xFF,
    0x41, 0x4F, 0x6B, 0xFF, 0x40, 0x4E, 0x6A, 0xFF, 0x40, 0x4E, 0x6A, 0xFF, 0x42, 0x50, 0x6C, 0xFF,
    0x44, 0x52, 0x6E, 0xFF, 0x44, 0x52, 0x6E, 0xFF, 0x44, 0x50, 0x6C, 0xFF, 0x42, 0x4F, 0x69, 0xFF,
    0x36, 0x43, 0x5D, 0xFF, 0x31, 0x3E, 0x58, 0xFF, 0x2C, 0x39, 0x53, 0xFF, 0x2B, 0x38, 0x52, 0xFF,
    0x2E, 0x39, 0x54, 0xFF, 0x31, 0x3C, 0x57, 0xFF, 0x30, 0x3B, 0x56, 0xFF, 0x2F, 0x3A, 0x55, 0xFF,
    0x30, 0x3C, 0x54, 0xFF, 0x30, 0x3C, 0x54, 0xFF, 0x30, 0x3B, 0x56, 0xFF, 0x30, 0x3B, 0x56, 0xFF,
    0x2D, 0x38, 0x53, 0xFF, 0x28, 0x34, 0x4C, 0xFF, 0x22, 0x2E, 0x46, 0xFF, 0x1E, 0x2B, 0x41, 0xFF,
    0x19, 0x24, 0x3A, 0xFF, 0x19, 0x22, 0x36, 0xFF, 0x18, 0x1F, 0x33, 0xFF, 0x14, 0x1B, 0x2E, 0xFF,
    0x11, 0x18, 0x29, 0xFF, 0x0F, 0x16, 0x25, 0xFF, 0x10, 0x15, 0x24, 0xFF, 0x10, 0x15, 0x24, 0xFF,
    0x0E, 0x15, 0x24, 0xFF, 0x0E, 0x15, 0x24, 0xFF, 0x0D, 0x14, 0x23, 0xFF, 0x0D, 0x14, 0x23, 0xFF,
    0x0E, 0x15, 0x24, 0xFF, 0x11, 0x18, 0x27, 0xFF, 0x13, 0x1A, 0x29, 0xFF, 0x14, 0x1D, 0x2B, 0xFF,
    0x17, 0x20, 0x2E, 0xFF, 0x14, 0x1F, 0x2D, 0xFF, 0x12, 0x1E, 0x30, 0xFF, 0x14, 0x20, 0x32, 0xFF,
    0x13, 0x21, 0x34, 0xFF, 0x17, 0x26, 0x39, 0xFF, 0x1E, 0x2C, 0x42, 0xFF, 0x24, 0x35, 0x4A, 0xFF,
    0x33, 0x47, 0x60, 0xFF, 0x3B, 0x51, 0x6A, 0xFF, 0x47, 0x5D, 0x76, 0xFF, 0x4E, 0x64, 0x7D, 0xFF,
    0x4F, 0x65, 0x7E, 0xFF, 0x4E, 0x64, 0x7D, 0xFF, 0x4B, 0x61, 0x7A, 0xFF, 0x47, 0x5D, 0x76, 0xFF,
    0x3B, 0x51, 0x6A, 0xFF, 0x38, 0x4E, 0x67, 0xFF, 0x57, 0x63, 0x93, 0xFF, 0x56, 0x62, 0x92, 0xFF,
    0x55, 0x61, 0x91, 0xFF, 0x55, 0x61, 0x91, 0xFF, 0x54, 0x61, 0x8F, 0xFF, 0x53, 0x60, 0x8E, 0xFF,
    0x57, 0x64, 0x92, 0xFF, 0x5D, 0x6A, 0x98, 0xFF, 0x6C, 0x79, 0xA5, 0xFF, 0x64, 0x71, 0x9D, 0xFF,
    0x5E, 0x6C, 0x96, 0xFF, 0x5A, 0x68, 0x92, 0xFF, 0x56, 0x64, 0x8E, 0xFF, 0x59, 0x67, 0x91, 0xFF,
    0x5D, 0x6B, 0x95, 0xFF, 0x5B, 0x6A, 0x91, 0xFF, 0x50, 0x60, 0x85, 0xFF, 0x46, 0x56, 0x7A, 0xFF,
    0x3D, 0x4D, 0x71, 0xFF, 0x39, 0x49, 0x6D, 0xFF, 0x39, 0x47, 0x6B, 0xFF, 0x37, 0x46, 0x67, 0xFF,
    0x39, 0x48, 0x69, 0xFF, 0x3F, 0x4E, 0x6F, 0xFF, 0x3B, 0x4A, 0x6B, 0xFF, 0x35, 0x44, 0x64, 0xFF,
    0x2F, 0x3C, 0x5C, 0xFF, 0x28, 0x36, 0x53, 0xFF, 0x25, 0x33, 0x50, 0xFF, 0x23, 0x31, 0x4E, 0xFF,
    0x22, 0x30, 0x4D, 0xFF, 0x21, 0x2F, 0x4C, 0xFF, 0x25, 0x30, 0x50, 0xFF, 0x22, 0x2D, 0x4D, 0xFF,
    0x20, 0x2B, 0x4B, 0xFF, 0x20, 0x2B, 0x4B, 0xFF, 0x1F, 0x2A, 0x4A, 0xFF, 0x1D, 0x28, 0x48, 0xFF,
    0x1E, 0x29, 0x49, 0xFF, 0x1F, 0x2A, 0x4A, 0xFF, 0x20, 0x2B, 0x4B, 0xFF, 0x20, 0x2B, 0x49, 0xFF,
    0x1F, 0x2A, 0x4A, 0xFF, 0x1F, 0x2A, 0x48, 0xFF, 0x20, 0x2B, 0x4B, 0xFF, 0x21, 0x2C, 0x4A, 0xFF,
    0x24, 0x2F, 0x4F, 0xFF, 0x24, 0x32, 0x4F, 0xFF, 0x2A, 0x37, 0x57, 0xFF, 0x32, 0x40, 0x5D, 0xFF,
    0x3C, 0x49, 0x69, 0xFF, 0x44, 0x52, 0x6F, 0xFF, 0x48, 0x55, 0x75, 0xFF, 0x45, 0x53, 0x70, 0xFF,
    0x3C, 0x4A, 0x67, 0xFF, 0x33, 0x41, 0x5E, 0xFF, 0x2D, 0x3B, 0x58, 0xFF, 0x2D, 0x3B, 0x58, 0xFF,
    0x2E, 0x3C, 0x59, 0xFF, 0x33, 0x41, 0x5E, 0xFF, 0x3A, 0x48, 0x65, 0xFF, 0x41, 0x4F, 0x6C, 0xFF,
    0x45, 0x53, 0x70, 0xFF, 0x47, 0x55, 0x72, 0xFF, 0x45, 0x53, 0x70, 0xFF, 0x44, 0x52, 0x6E, 0xFF,
    0x44, 0x52, 0x6F, 0xFF, 0x45, 0x53, 0x6F, 0xFF, 0x47, 0x55, 0x71, 0xFF, 0x48, 0x56, 0x72, 0xFF,
    0x48, 0x56, 0x72, 0xFF, 0x49, 0x55, 0x71, 0xFF, 0x42, 0x4E, 0x6A, 0xFF, 0x3C, 0x49, 0x63, 0xFF,
    0x36, 0x43, 0x5D, 0xFF, 0x34, 0x41, 0x5B, 0xFF, 0x36, 0x43, 0x5D, 0xFF, 0x38, 0x45, 0x5F, 0xFF,
    0x38, 0x43, 0x5E, 0xFF, 0x35, 0x42, 0x5C, 0xFF, 0x36, 0x41, 0x5C, 0xFF, 0x36, 0x43, 0x5D, 0xFF,
    0x38, 0x43, 0x5E, 0xFF, 0x37, 0x44, 0x5E, 0xFF, 0x35, 0x40, 0x5B, 0xFF, 0x2F, 0x3A, 0x55, 0xFF,
    0x27, 0x32, 0x4D, 0xFF, 0x22, 0x2E, 0x46, 0xFF, 0x1E, 0x28, 0x40, 0xFF, 0x1C, 0x27, 0x3D, 0xFF,
    0x1A, 0x22, 0x39, 0xFF, 0x18, 0x1F, 0x33, 0xFF, 0x14, 0x1B, 0x2E, 0xFF, 0x12, 0x19, 0x2A, 0xFF,
    0x12, 0x16, 0x28, 0xFF, 0x11, 0x16, 0x25, 0xFF, 0x0F, 0x16, 0x25, 0xFF, 0x0E, 0x15, 0x24, 0xFF,
    0x0D, 0x14, 0x23, 0xFF, 0x0D, 0x14, 0x23, 0xFF, 0x0E, 0x15, 0x24, 0xFF, 0x10, 0x17, 0x26, 0xFF,
    0x12, 0x19, 0x28, 0xFF, 0x14, 0x1B, 0x2A, 0xFF, 0x13, 0x1C, 0x2A, 0xFF, 0x14, 0x1C, 0x2D, 0xFF,
    0x17, 0x21, 0x33, 0xFF, 0x1A, 0x26, 0x38, 0xFF, 0x16, 0x24, 0x37, 0xFF, 0x15, 0x23, 0x36, 0xFF,
    0x1C, 0x2A, 0x40, 0xFF, 0x26, 0x37, 0x4C, 0xFF, 0x30, 0x44, 0x5D, 0xFF, 0x3C, 0x52, 0x6B, 0xFF,
    0x47, 0x5D, 0x76, 0xFF, 0x4C, 0x62, 0x7B, 0xFF, 0x4F, 0x65, 0x7E, 0xFF, 0x4C, 0x62, 0x7B, 0xFF,
    0x43, 0x59, 0x72, 0xFF, 0x3C, 0x52, 0x6B, 0xFF, 0x2E, 0x44, 0x5D, 0xFF, 0x2B, 0x41, 0x5A, 0xFF,
    0x56, 0x64, 0x94, 0xFF, 0x55, 0x63, 0x93, 0xFF, 0x55, 0x63, 0x93, 0xFF, 0x55, 0x63, 0x93, 0xFF,
    0x54, 0x62, 0x92, 0xFF, 0x52, 0x60, 0x90, 0xFF, 0x53, 0x62, 0x90, 0xFF, 0x55, 0x64, 0x92, 0xFF,
    0x5F, 0x6F, 0x9A, 0xFF, 0x5C, 0x6C, 0x97, 0xFF, 0x5C, 0x6C, 0x97, 0xFF, 0x5B, 0x6B, 0x96, 0xFF,
    0x55, 0x65, 0x8F, 0xFF, 0x56, 0x66, 0x90, 0xFF, 0x5B, 0x6B, 0x95, 0xFF, 0x5B, 0x6C, 0x93, 0xFF,
    0x5B, 0x6B, 0x90, 0xFF, 0x4E, 0x5E, 0x83, 0xFF, 0x41, 0x51, 0x76, 0xFF, 0x3C, 0x4C, 0x71, 0xFF,
    0x39, 0x49, 0x6E, 0xFF, 0x36, 0x46, 0x6A, 0xFF, 0x35, 0x45, 0x69, 0xFF, 0x37, 0x48, 0x69, 0xFF,
    0x36, 0x45, 0x66, 0xFF, 0x31, 0x40, 0x61, 0xFF, 0x2A, 0x39, 0x5A, 0xFF, 0x25, 0x34, 0x54, 0xFF,
    0x23, 0x32, 0x52, 0xFF, 0x22, 0x31, 0x51, 0xFF, 0x21, 0x30, 0x50, 0xFF, 0x21, 0x30, 0x50, 0xFF,
    0x25, 0x32, 0x52, 0xFF, 0x22, 0x2F, 0x4F, 0xFF, 0x20, 0x2D, 0x4D, 0xFF, 0x20, 0x2D, 0x4D, 0xFF,
    0x1F, 0x2C, 0x4C, 0xFF, 0x1D, 0x2A, 0x4A, 0xFF, 0x1D, 0x2A, 0x4A, 0xFF, 0x1F, 0x2C, 0x4C, 0xFF,
    0x21, 0x2E, 0x4E, 0xFF, 0x21, 0x2E, 0x4E, 0xFF, 0x21, 0x2D, 0x4F, 0xFF, 0x20, 0x2D, 0x4D, 0xFF,
    0x1F, 0x2B, 0x4D, 0xFF, 0x21, 0x2E, 0x4E, 0xFF, 0x24, 0x30, 0x52, 0xFF, 0x27, 0x34, 0x54, 0xFF,
    0x2F, 0x3B, 0x5D, 0xFF, 0x35, 0x44, 0x64, 0xFF, 0x3E, 0x4D, 0x6E, 0xFF, 0x44, 0x53, 0x73, 0xFF,
    0x46, 0x55, 0x76, 0xFF, 0x43, 0x52, 0x72, 0xFF, 0x3B, 0x4A, 0x6A, 0xFF, 0x34, 0x43, 0x63, 0xFF,
    0x30, 0x3F, 0x5F, 0xFF, 0x2F, 0x3E, 0x5E, 0xFF, 0x31, 0x40, 0x60, 0xFF, 0x36, 0x45, 0x65, 0xFF,
    0x3C, 0x4B, 0x6B, 0xFF, 0x43, 0x52, 0x72, 0xFF, 0x46, 0x55, 0x75, 0xFF, 0x48, 0x57, 0x77, 0xFF,
    0x46, 0x55, 0x75, 0xFF, 0x45, 0x55, 0x72, 0xFF, 0x45, 0x54, 0x74, 0xFF, 0x46, 0x56, 0x73, 0xFF,
    0x47, 0x57, 0x74, 0xFF, 0x48, 0x58, 0x75, 0xFF, 0x49, 0x59, 0x76, 0xFF, 0x4B, 0x59, 0x76, 0xFF,
    0x49, 0x57, 0x74, 0xFF, 0x44, 0x52, 0x6E, 0xFF, 0x3D, 0x4B, 0x67, 0xFF, 0x3B, 0x49, 0x65, 0xFF,
    0x3B, 0x49, 0x65, 0xFF, 0x3C, 0x4A, 0x66, 0xFF, 0x3D, 0x49, 0x65, 0xFF, 0x3A, 0x48, 0x64, 0xFF,
    0x3B, 0x47, 0x63, 0xFF, 0x3A, 0x48, 0x64, 0xFF, 0x3D, 0x49, 0x65, 0xFF, 0x3A, 0x48, 0x64, 0xFF,
    0x39, 0x45, 0x61, 0xFF, 0x32, 0x3E, 0x5A, 0xFF, 0x2B, 0x37, 0x53, 0xFF, 0x25, 0x32, 0x4C, 0xFF,
    0x20, 0x2B, 0x46, 0xFF, 0x20, 0x2A, 0x42, 0xFF, 0x1D, 0x28, 0x3E, 0xFF, 0x1A, 0x23, 0x37, 0xFF,
    0x18, 0x1F, 0x33, 0xFF, 0x14, 0x1B, 0x2E, 0xFF, 0x12, 0x18, 0x2B, 0xFF, 0x10, 0x17, 0x28, 0xFF,
    0x0E, 0x15, 0x26, 0xFF, 0x0E, 0x15, 0x26, 0xFF, 0x0E, 0x12, 0x24, 0xFF, 0x0E, 0x12, 0x24, 0xFF,
    0x0F, 0x14, 0x23, 0xFF, 0x10, 0x15, 0x24, 0xFF, 0x10, 0x17, 0x26, 0xFF, 0x12, 0x19, 0x28, 0xFF,
    0x0F, 0x17, 0x28, 0xFF, 0x0F, 0x17, 0x28, 0xFF, 0x14, 0x1E, 0x30, 0xFF, 0x19, 0x25, 0x37, 0xFF,
    0x17, 0x25, 0x38, 0xFF, 0x15, 0x23, 0x36, 0xFF, 0x1D, 0x2A, 0x40, 0xFF, 0x29, 0x37, 0x4D, 0xFF,
    0x31, 0x45, 0x5E, 0xFF, 0x3D, 0x53, 0x6C, 0xFF, 0x44, 0x5A, 0x73, 0xFF, 0x47, 0x5D, 0x76, 0xFF,
    0x4C, 0x62, 0x7B, 0xFF, 0x45, 0x5B, 0x74, 0xFF, 0x36, 0x4C, 0x65, 0xFF, 0x2D, 0x43, 0x5C, 0xFF,
    0x29, 0x3F, 0x58, 0xFF, 0x26, 0x3C, 0x55, 0xFF, 0x58, 0x66, 0x96, 0xFF, 0x58, 0x66, 0x96, 0xFF,
    0x59, 0x67, 0x97, 0xFF, 0x58, 0x66, 0x96, 0xFF, 0x57, 0x65, 0x95, 0xFF, 0x55, 0x63, 0x93, 0xFF,
    0x54, 0x62, 0x92, 0xFF, 0x53, 0x62, 0x90, 0xFF, 0x57, 0x66, 0x94, 0xFF, 0x58, 0x68, 0x93, 0xFF,
    0x5E, 0x6E, 0x99, 0xFF, 0x5E, 0x6E, 0x99, 0xFF, 0x57, 0x67, 0x92, 0xFF, 0x56, 0x66, 0x90, 0xFF,
    0x5A, 0x6A, 0x94, 0xFF, 0x5A, 0x6A, 0x94, 0xFF, 0x61, 0x70, 0x97, 0xFF, 0x56, 0x66, 0x8B, 0xFF,
    0x49, 0x58, 0x7F, 0xFF, 0x41, 0x51, 0x76, 0xFF, 0x3D, 0x4D, 0x72, 0xFF, 0x39, 0x49, 0x6E, 0xFF,
    0x36, 0x46, 0x6B, 0xFF, 0x35, 0x45, 0x69, 0xFF, 0x34, 0x42, 0x66, 0xFF, 0x2F, 0x3E, 0x5F, 0xFF,
    0x29, 0x38, 0x59, 0xFF, 0x25, 0x34, 0x55, 0xFF, 0x24, 0x33, 0x54, 0xFF, 0x23, 0x32, 0x52, 0xFF,
    0x23, 0x32, 0x52, 0xFF, 0x23, 0x32, 0x52, 0xFF, 0x26, 0x33, 0x53, 0xFF, 0x24, 0x31, 0x51, 0xFF,
    0x24, 0x31, 0x51, 0xFF, 0x25, 0x32, 0x52, 0xFF, 0x24, 0x31, 0x51, 0xFF, 0x21, 0x2E, 0x4E, 0xFF,
    0x20, 0x2D, 0x4D, 0xFF, 0x21, 0x2E, 0x4E, 0xFF, 0x23, 0x2F, 0x51, 0xFF, 0x23, 0x2F, 0x51, 0xFF,
    0x23, 0x2F, 0x51, 0xFF, 0x23, 0x2F, 0x51, 0xFF, 0x22, 0x2E, 0x52, 0xFF, 0x24, 0x30, 0x52, 0xFF,
    0x28, 0x34, 0x58, 0xFF, 0x2C, 0x38, 0x5A, 0xFF, 0x34, 0x42, 0x66, 0xFF, 0x3B, 0x4A, 0x6B, 0xFF,
    0x43, 0x52, 0x73, 0xFF, 0x46, 0x55, 0x76, 0xFF, 0x45, 0x54, 0x75, 0xFF, 0x43, 0x52, 0x73, 0xFF,
    0x3E, 0x4D, 0x6E, 0xFF, 0x3A, 0x49, 0x69, 0xFF, 0x38, 0x47, 0x68, 0xFF, 0x37, 0x46, 0x66, 0xFF,
    0x38, 0x47, 0x68, 0xFF, 0x3C, 0x4B, 0x6B, 0xFF, 0x42, 0x51, 0x71, 0xFF, 0x47, 0x56, 0x76, 0xFF,
    0x49, 0x58, 0x78, 0xFF, 0x4A, 0x59, 0x79, 0xFF, 0x4A, 0x59, 0x79, 0xFF, 0x4A, 0x59, 0x79, 0xFF,
    0x4B, 0x5A, 0x7A, 0xFF, 0x4B, 0x5A, 0x7A, 0xFF, 0x4C, 0x5B, 0x7B, 0xFF, 0x4C, 0x5C, 0x79, 0xFF,
    0x4C, 0x5B, 0x7B, 0xFF, 0x4C, 0x5C, 0x79, 0xFF, 0x4F, 0x5D, 0x7A, 0xFF, 0x4B, 0x59, 0x76, 0xFF,
    0x46, 0x54, 0x71, 0xFF, 0x42, 0x50, 0x6C, 0xFF, 0x40, 0x4E, 0x6B, 0xFF, 0x40, 0x4E, 0x6A, 0xFF,
    0x3F, 0x4D, 0x6A, 0xFF, 0x3E, 0x4C, 0x68, 0xFF, 0x3E, 0x4C, 0x69, 0xFF, 0x3D, 0x4B, 0x67, 0xFF,
    0x3C, 0x4A, 0x67, 0xFF, 0x3B, 0x49, 0x65, 0xFF, 0x37, 0x45, 0x62, 0xFF, 0x31, 0x3F, 0x5B, 0xFF,
    0x2B, 0x39, 0x55, 0xFF, 0x28, 0x34, 0x50, 0xFF, 0x22, 0x2E, 0x4A, 0xFF, 0x21, 0x2C, 0x47, 0xFF,
    0x1E, 0x2A, 0x42, 0xFF, 0x1C, 0x27, 0x3D, 0xFF, 0x19, 0x21, 0x38, 0xFF, 0x16, 0x1D, 0x31, 0xFF,
    0x12, 0x19, 0x2D, 0xFF, 0x11, 0x17, 0x2A, 0xFF, 0x0E, 0x14, 0x27, 0xFF, 0x0D, 0x14, 0x25, 0xFF,
    0x0D, 0x11, 0x23, 0xFF, 0x0D, 0x11, 0x23, 0xFF, 0x0D, 0x11, 0x23, 0xFF, 0x0E, 0x13, 0x22, 0xFF,
    0x0E, 0x15, 0x24, 0xFF, 0x10, 0x17, 0x26, 0xFF, 0x14, 0x1B, 0x2C, 0xFF, 0x11, 0x19, 0x2A, 0xFF,
    0x12, 0x1C, 0x2E, 0xFF, 0x18, 0x22, 0x34, 0xFF, 0x17, 0x22, 0x36, 0xFF, 0x17, 0x25, 0x38, 0xFF,
    0x20, 0x2D, 0x43, 0xFF, 0x2B, 0x39, 0x4F, 0xFF, 0x31, 0x45, 0x5E, 0xFF, 0x3D, 0x53, 0x6C, 0xFF,
    0x41, 0x57, 0x70, 0xFF, 0x42, 0x58, 0x71, 0xFF, 0x45, 0x5B, 0x74, 0xFF, 0x3A, 0x50, 0x69, 0xFF,
    0x28, 0x3E, 0x57, 0xFF, 0x23, 0x39, 0x52, 0xFF, 0x2A, 0x40, 0x59, 0xFF, 0x27, 0x3D, 0x56, 0xFF,
    0x5B, 0x69, 0x9A, 0xFF, 0x5C, 0x6A, 0x9B, 0xFF, 0x5D, 0x6B, 0x9C, 0xFF, 0x5D, 0x6B, 0x9C, 0xFF,
    0x5B, 0x69, 0x9A, 0xFF, 0x5A, 0x68, 0x98, 0xFF, 0x58, 0x66, 0x96, 0xFF, 0x56, 0x65, 0x93, 0xFF,
    0x57, 0x66, 0x94, 0xFF, 0x59, 0x68, 0x96, 0xFF, 0x60, 0x6F, 0x9D, 0xFF, 0x60, 0x70, 0x9B, 0xFF,
    0x58, 0x68, 0x93, 0xFF, 0x56, 0x66, 0x91, 0xFF, 0x59, 0x69, 0x94, 0xFF, 0x59, 0x69, 0x93, 0xFF,
    0x5F, 0x6F, 0x99, 0xFF, 0x5A, 0x6B, 0x92, 0xFF, 0x51, 0x61, 0x8B, 0xFF, 0x46, 0x57, 0x7E, 0xFF,
    0x3E, 0x4F, 0x76, 0xFF, 0x3A, 0x4C, 0x71, 0xFF, 0x36, 0x48, 0x6D, 0xFF, 0x33, 0x45, 0x6A, 0xFF,
    0x31, 0x41, 0x66, 0xFF, 0x2D, 0x3D, 0x61, 0xFF, 0x27, 0x37, 0x5B, 0xFF, 0x24, 0x34, 0x58, 0xFF,
    0x23, 0x33, 0x57, 0xFF, 0x23, 0x34, 0x55, 0xFF, 0x23, 0x34, 0x55, 0xFF, 0x22, 0x33, 0x54, 0xFF,
    0x25, 0x34, 0x54, 0xFF, 0x24, 0x33, 0x53, 0xFF, 0x26, 0x35, 0x55, 0xFF, 0x28, 0x37, 0x57, 0xFF,
    0x27, 0x36, 0x57, 0xFF, 0x24, 0x33, 0x54, 0xFF, 0x23, 0x32, 0x53, 0xFF, 0x23, 0x32, 0x53, 0xFF,
    0x25, 0x33, 0x57, 0xFF, 0x26, 0x34, 0x58, 0xFF, 0x27, 0x35, 0x59, 0xFF, 0x28, 0x36, 0x5A, 0xFF,
    0x28, 0x35, 0x5B, 0xFF, 0x2C, 0x3A, 0x5E, 0xFF, 0x31, 0x3E, 0x64, 0xFF, 0x36, 0x44, 0x68, 0xFF,
    0x3C, 0x49, 0x6F, 0xFF, 0x43, 0x51, 0x75, 0xFF, 0x48, 0x56, 0x7A, 0xFF, 0x49, 0x57, 0x7B, 0xFF,
    0x46, 0x54, 0x78, 0xFF, 0x44, 0x52, 0x76, 0xFF, 0x43, 0x51, 0x75, 0xFF, 0x41, 0x50, 0x71, 0xFF,
    0x42, 0x50, 0x74, 0xFF, 0x41, 0x50, 0x71, 0xFF, 0x41, 0x4F, 0x73, 0xFF, 0x44, 0x53, 0x74, 0xFF,
    0x48, 0x57, 0x78, 0xFF, 0x4B, 0x5A, 0x7B, 0xFF, 0x4D, 0x5C, 0x7D, 0xFF, 0x4D, 0x5C, 0x7D, 0xFF,
    0x4C, 0x5D, 0x7E, 0xFF, 0x4D, 0x5E, 0x7F, 0xFF, 0x4E, 0x5F, 0x80, 0xFF, 0x4F, 0x60, 0x81, 0xFF,
    0x4E, 0x5F, 0x80, 0xFF, 0x4D, 0x5F, 0x7E, 0xFF, 0x4C, 0x5D, 0x7E, 0xFF, 0x4C, 0x5E, 0x7D, 0xFF,
    0x50, 0x5F, 0x7F, 0xFF, 0x4E, 0x5D, 0x7D, 0xFF, 0x4A, 0x59, 0x79, 0xFF, 0x45, 0x55, 0x72, 0xFF,
    0x42, 0x51, 0x71, 0xFF, 0x3F, 0x4F, 0x6C, 0xFF, 0x3F, 0x4E, 0x6E, 0xFF, 0x3F, 0x4F, 0x6C, 0xFF,
    0x3C, 0x4B, 0x6B, 0xFF, 0x3A, 0x4A, 0x67, 0xFF, 0x38, 0x47, 0x67, 0xFF, 0x34, 0x44, 0x61, 0xFF,
    0x31, 0x40, 0x60, 0xFF, 0x2C, 0x3C, 0x59, 0xFF, 0x27, 0x37, 0x54, 0xFF, 0x25, 0x33, 0x4F, 0xFF,
    0x22, 0x30, 0x4C, 0xFF, 0x23, 0x30, 0x4A, 0xFF, 0x21, 0x2C, 0x47, 0xFF, 0x1F, 0x29, 0x41, 0xFF,
    0x19, 0x24, 0x3A, 0xFF, 0x16, 0x1F, 0x33, 0xFF, 0x11, 0x1A, 0x2E, 0xFF, 0x10, 0x17, 0x2A, 0xFF,
    0x0D, 0x13, 0x26, 0xFF, 0x0C, 0x12, 0x25, 0xFF, 0x0B, 0x11, 0x24, 0xFF, 0x0A, 0x11, 0x22, 0xFF,
    0x0C, 0x10, 0x22, 0xFF, 0x0D, 0x11, 0x23, 0xFF, 0x0F, 0x13, 0x25, 0xFF, 0x0E, 0x15, 0x26, 0xFF,
    0x15, 0x1C, 0x2D, 0xFF, 0x14, 0x1C, 0x2D, 0xFF, 0x14, 0x1E, 0x30, 0xFF, 0x18, 0x22, 0x34, 0xFF,
    0x18, 0x23, 0x37, 0xFF, 0x1D, 0x28, 0x3C, 0xFF, 0x26, 0x33, 0x49, 0xFF, 0x2F, 0x3D, 0x53, 0xFF,
    0x33, 0x44, 0x5E, 0xFF, 0x3E, 0x52, 0x6B, 0xFF, 0x40, 0x54, 0x6D, 0xFF, 0x3F, 0x53, 0x6C, 0xFF,
    0x3F, 0x53, 0x6C, 0xFF, 0x2F, 0x43, 0x5C, 0xFF, 0x20, 0x34, 0x4D, 0xFF, 0x24, 0x38, 0x51, 0xFF,
    0x2A, 0x3E, 0x57, 0xFF, 0x27, 0x3B, 0x54, 0xFF, 0x5D, 0x6A, 0x9E, 0xFF, 0x5E, 0x6D, 0x9E, 0xFF,
    0x61, 0x6E, 0xA2, 0xFF, 0x5F, 0x6E, 0x9F, 0xFF, 0x5E, 0x6C, 0x9D, 0xFF, 0x5C, 0x6B, 0x9C, 0xFF,
    0x5B, 0x69, 0x9A, 0xFF, 0x58, 0x68, 0x97, 0xFF, 0x59, 0x67, 0x97, 0xFF, 0x5B, 0x6B, 0x99, 0xFF,
    0x63, 0x72, 0xA0, 0xFF, 0x61, 0x71, 0x9F, 0xFF, 0x59, 0x68, 0x96, 0xFF, 0x54, 0x65, 0x90, 0xFF,
    0x58, 0x67, 0x95, 0xFF, 0x58, 0x68, 0x93, 0xFF, 0x5C, 0x6C, 0x97, 0xFF, 0x5E, 0x6E, 0x98, 0xFF,
    0x59, 0x69, 0x93, 0xFF, 0x4C, 0x5C, 0x86, 0xFF, 0x41, 0x51, 0x7B, 0xFF, 0x3B, 0x4C, 0x73, 0xFF,
    0x38, 0x49, 0x70, 0xFF, 0x34, 0x46, 0x6B, 0xFF, 0x31, 0x41, 0x66, 0xFF, 0x2D, 0x3D, 0x62, 0xFF,
    0x28, 0x38, 0x5D, 0xFF, 0x25, 0x35, 0x59, 0xFF, 0x24, 0x34, 0x58, 0xFF, 0x24, 0x34, 0x58, 0xFF,
    0x24, 0x34, 0x58, 0xFF, 0x23, 0x34, 0x55, 0xFF, 0x24, 0x35, 0x56, 0xFF, 0x24, 0x36, 0x55, 0xFF,
    0x28, 0x37, 0x58, 0xFF, 0x2A, 0x3B, 0x5C, 0xFF, 0x2C, 0x3B, 0x5C, 0xFF, 0x26, 0x37, 0x58, 0xFF,
    0x26, 0x35, 0x56, 0xFF, 0x23, 0x33, 0x57, 0xFF, 0x2A, 0x38, 0x5C, 0xFF, 0x2A, 0x3A, 0x5F, 0xFF,
    0x2E, 0x3B, 0x61, 0xFF, 0x2D, 0x3D, 0x62, 0xFF, 0x31, 0x3E, 0x64, 0xFF, 0x34, 0x44, 0x69, 0xFF,
    0x3D, 0x49, 0x71, 0xFF, 0x40, 0x50, 0x75, 0xFF, 0x43, 0x50, 0x76, 0xFF, 0x46, 0x56, 0x7B, 0xFF,
    0x4C, 0x59, 0x7F, 0xFF, 0x49, 0x59, 0x7D, 0xFF, 0x47, 0x54, 0x7A, 0xFF, 0x44, 0x54, 0x78, 0xFF,
    0x47, 0x55, 0x79, 0xFF, 0x45, 0x55, 0x79, 0xFF, 0x49, 0x57, 0x7B, 0xFF, 0x46, 0x56, 0x7A, 0xFF,
    0x48, 0x56, 0x7A, 0xFF, 0x47, 0x57, 0x7B, 0xFF, 0x4D, 0x5C, 0x7D, 0xFF, 0x4D, 0x5E, 0x7F, 0xFF,
    0x50, 0x5F, 0x80, 0xFF, 0x4D, 0x5E, 0x7F, 0xFF, 0x4C, 0x5F, 0x80, 0xFF, 0x4E, 0x61, 0x82, 0xFF,
    0x51, 0x62, 0x83, 0xFF, 0x52, 0x63, 0x84, 0xFF, 0x51, 0x62, 0x83, 0xFF, 0x4F, 0x60, 0x81, 0xFF,
    0x4D, 0x5E, 0x7F, 0xFF, 0x4C, 0x5D, 0x7E, 0xFF, 0x51, 0x60, 0x81, 0xFF, 0x50, 0x5F, 0x7F, 0xFF,
    0x4D, 0x5C, 0x7C, 0xFF, 0x48, 0x57, 0x77, 0xFF, 0x43, 0x52, 0x72, 0xFF, 0x40, 0x4F, 0x6F, 0xFF,
    0x3F, 0x4E, 0x6E, 0xFF, 0x40, 0x4F, 0x6F, 0xFF, 0x3A, 0x49, 0x69, 0xFF, 0x37, 0x46, 0x66, 0xFF,
    0x33, 0x42, 0x62, 0xFF, 0x2F, 0x3E, 0x5E, 0xFF, 0x2B, 0x3A, 0x5A, 0xFF, 0x27, 0x36, 0x56, 0xFF,
    0x23, 0x32, 0x52, 0xFF, 0x21, 0x31, 0x4E, 0xFF, 0x23, 0x31, 0x4E, 0xFF, 0x22, 0x30, 0x4C, 0xFF,
    0x21, 0x2D, 0x49, 0xFF, 0x1E, 0x29, 0x44, 0xFF, 0x1A, 0x24, 0x3C, 0xFF, 0x14, 0x1F, 0x35, 0xFF,
    0x11, 0x19, 0x30, 0xFF, 0x0E, 0x17, 0x2B, 0xFF, 0x0C, 0x13, 0x27, 0xFF, 0x0C, 0x12, 0x25, 0xFF,
    0x0A, 0x10, 0x23, 0xFF, 0x09, 0x0F, 0x22, 0xFF, 0x0B, 0x0F, 0x22, 0xFF, 0x0C, 0x10, 0x22, 0xFF,
    0x0D, 0x11, 0x23, 0xFF, 0x0D, 0x14, 0x25, 0xFF, 0x0D, 0x14, 0x25, 0xFF, 0x10, 0x18, 0x29, 0xFF,
    0x13, 0x1D, 0x2F, 0xFF, 0x17, 0x21, 0x33, 0xFF, 0x19, 0x24, 0x38, 0xFF, 0x20, 0x2B, 0x3F, 0xFF,
    0x28, 0x35, 0x4B, 0xFF, 0x2F, 0x3D, 0x53, 0xFF, 0x33, 0x45, 0x5C, 0xFF, 0x3E, 0x52, 0x6B, 0xFF,
    0x3F, 0x53, 0x6C, 0xFF, 0x3C, 0x50, 0x69, 0xFF, 0x39, 0x4D, 0x66, 0xFF, 0x27, 0x3B, 0x54, 0xFF,
    0x1C, 0x30, 0x49, 0xFF, 0x27, 0x3B, 0x54, 0xFF, 0x25, 0x39, 0x52, 0xFF, 0x22, 0x36, 0x4F, 0xFF,
    0x5E, 0x6C, 0xA1, 0xFF, 0x5C, 0x6D, 0xA0, 0xFF, 0x5E, 0x6C, 0xA1, 0xFF, 0x5C, 0x6D, 0xA0, 0xFF,
    0x5E, 0x6C, 0xA0, 0xFF, 0x5B, 0x6C, 0x9F, 0xFF, 0x5B, 0x69, 0x9D, 0xFF, 0x57, 0x68, 0x99, 0xFF,
    0x5C, 0x6B, 0x9C, 0xFF, 0x5C, 0x6E, 0x9D, 0xFF, 0x61, 0x71, 0xA0, 0xFF, 0x60, 0x72, 0xA1, 0xFF,
    0x5D, 0x6D, 0x9C, 0xFF, 0x54, 0x67, 0x94, 0xFF, 0x56, 0x66, 0x95, 0xFF, 0x5B, 0x6B, 0x99, 0xFF,
    0x5A, 0x6A, 0x98, 0xFF, 0x5C, 0x6D, 0x98, 0xFF, 0x5C, 0x6D, 0x98, 0xFF, 0x55, 0x66, 0x91, 0xFF,
    0x47, 0x58, 0x83, 0xFF, 0x3A, 0x4C, 0x75, 0xFF, 0x34, 0x46, 0x6F, 0xFF, 0x35, 0x48, 0x6E, 0xFF,
    0x32, 0x43, 0x6A, 0xFF, 0x2D, 0x3E, 0x65, 0xFF, 0x27, 0x38, 0x5F, 0xFF, 0x25, 0x37, 0x5C, 0xFF,
    0x26, 0x38, 0x5D, 0xFF, 0x25, 0x37, 0x5C, 0xFF, 0x22, 0x34, 0x59, 0xFF, 0x1F, 0x32, 0x55, 0xFF,
    0x20, 0x33, 0x56, 0xFF, 0x23, 0x36, 0x57, 0xFF, 0x29, 0x39, 0x5D, 0xFF, 0x29, 0x3C, 0x5F, 0xFF,
    0x2B, 0x3B, 0x5F, 0xFF, 0x29, 0x3C, 0x5F, 0xFF, 0x2D, 0x3D, 0x61, 0xFF, 0x2E, 0x40, 0x65, 0xFF,
    0x33, 0x43, 0x68, 0xFF, 0x32, 0x43, 0x6A, 0xFF, 0x37, 0x46, 0x6D, 0xFF, 0x38, 0x49, 0x70, 0xFF,
    0x3E, 0x4D, 0x74, 0xFF, 0x3F, 0x50, 0x77, 0xFF, 0x43, 0x51, 0x7B, 0xFF, 0x43, 0x54, 0x7B, 0xFF,
    0x49, 0x58, 0x7F, 0xFF, 0x49, 0x5A, 0x81, 0xFF, 0x4C, 0x5B, 0x82, 0xFF, 0x4B, 0x5D, 0x82, 0xFF,
    0x4C, 0x5B, 0x82, 0xFF, 0x49, 0x5B, 0x80, 0xFF, 0x4A, 0x5A, 0x7F, 0xFF, 0x48, 0x5A, 0x7F, 0xFF,
    0x4D, 0x5D, 0x82, 0xFF, 0x4B, 0x5D, 0x82, 0xFF, 0x4E, 0x5E, 0x82, 0xFF, 0x4D, 0x60, 0x83, 0xFF,
    0x50, 0x60, 0x84, 0xFF, 0x4F, 0x62, 0x85, 0xFF, 0x51, 0x61, 0x85, 0xFF, 0x50, 0x63, 0x86, 0xFF,
    0x51, 0x64, 0x87, 0xFF, 0x51, 0x64, 0x87, 0xFF, 0x50, 0x63, 0x86, 0xFF, 0x51, 0x64, 0x87, 0xFF,
    0x50, 0x63, 0x86, 0xFF, 0x4F, 0x62, 0x85, 0xFF, 0x4C, 0x5F, 0x82, 0xFF, 0x4A, 0x5D, 0x7E, 0xFF,
    0x4F, 0x60, 0x81, 0xFF, 0x4D, 0x5E, 0x7F, 0xFF, 0x49, 0x5A, 0x7B, 0xFF, 0x45, 0x56, 0x77, 0xFF,
    0x40, 0x51, 0x72, 0xFF, 0x3C, 0x4D, 0x6E, 0xFF, 0x3B, 0x4A, 0x6B, 0xFF, 0x39, 0x48, 0x69, 0xFF,
    0x33, 0x44, 0x65, 0xFF, 0x2F, 0x40, 0x61, 0xFF, 0x2A, 0x3B, 0x5C, 0xFF, 0x25, 0x36, 0x57, 0xFF,
    0x22, 0x33, 0x54, 0xFF, 0x20, 0x32, 0x51, 0xFF, 0x20, 0x32, 0x51, 0xFF, 0x1F, 0x31, 0x4E, 0xFF,
    0x21, 0x31, 0x4E, 0xFF, 0x22, 0x30, 0x4C, 0xFF, 0x22, 0x2E, 0x4A, 0xFF, 0x21, 0x2E, 0x48, 0xFF,
    0x1E, 0x2A, 0x42, 0xFF, 0x17, 0x24, 0x3A, 0xFF, 0x11, 0x1C, 0x32, 0xFF, 0x0D, 0x16, 0x2A, 0xFF,
    0x0C, 0x13, 0x27, 0xFF, 0x09, 0x10, 0x24, 0xFF, 0x07, 0x0C, 0x21, 0xFF, 0x06, 0x0C, 0x1F, 0xFF,
    0x05, 0x0B, 0x1E, 0xFF, 0x05, 0x0B, 0x1E, 0xFF, 0x08, 0x0E, 0x21, 0xFF, 0x0C, 0x12, 0x25, 0xFF,
    0x0F, 0x15, 0x28, 0xFF, 0x13, 0x1A, 0x2D, 0xFF, 0x15, 0x1E, 0x32, 0xFF, 0x17, 0x20, 0x34, 0xFF,
    0x19, 0x24, 0x3A, 0xFF, 0x22, 0x2D, 0x43, 0xFF, 0x29, 0x36, 0x4C, 0xFF, 0x2D, 0x3B, 0x51, 0xFF,
    0x30, 0x42, 0x59, 0xFF, 0x3B, 0x50, 0x66, 0xFF, 0x41, 0x56, 0x6C, 0xFF, 0x40, 0x55, 0x6B, 0xFF,
    0x38, 0x4D, 0x63, 0xFF, 0x25, 0x3A, 0x50, 0xFF, 0x1C, 0x31, 0x47, 0xFF, 0x27, 0x3C, 0x52, 0xFF,
    0x21, 0x36, 0x4C, 0xFF, 0x21, 0x36, 0x4C, 0xFF, 0x5C, 0x6B, 0xA3, 0xFF, 0x5C, 0x6C, 0xA1, 0xFF,
    0x5C, 0x6B, 0xA3, 0xFF, 0x5B, 0x6B, 0xA0, 0xFF, 0x5B, 0x6B, 0xA0, 0xFF, 0x5A, 0x6A, 0x9F, 0xFF,
    0x5A, 0x6A, 0x9F, 0xFF, 0x5B, 0x6C, 0x9F, 0xFF, 0x5B, 0x6C, 0x9F, 0xFF, 0x5B, 0x6C, 0x9D, 0xFF,
    0x5D, 0x6E, 0x9F, 0xFF, 0x5F, 0x70, 0xA1, 0xFF, 0x5D, 0x6E, 0x9F, 0xFF, 0x58, 0x6A, 0x99, 0xFF,
    0x57, 0x68, 0x99, 0xFF, 0x58, 0x6A, 0x99, 0xFF, 0x5B, 0x6B, 0x9A, 0xFF, 0x5D, 0x6D, 0x9B, 0xFF,
    0x5E, 0x6E, 0x9C, 0xFF, 0x59, 0x6A, 0x95, 0xFF, 0x4C, 0x5D, 0x88, 0xFF, 0x3E, 0x4F, 0x7A, 0xFF,
    0x38, 0x49, 0x74, 0xFF, 0x37, 0x49, 0x72, 0xFF, 0x33, 0x43, 0x6D, 0xFF, 0x2E, 0x3F, 0x66, 0xFF,
    0x29, 0x3A, 0x61, 0xFF, 0x26, 0x37, 0x5E, 0xFF, 0x26, 0x37, 0x5E, 0xFF, 0x26, 0x38, 0x5D, 0xFF,
    0x23, 0x34, 0x5B, 0xFF, 0x20, 0x32, 0x57, 0xFF, 0x22, 0x34, 0x59, 0xFF, 0x26, 0x39, 0x5C, 0xFF,
    0x2C, 0x3E, 0x63, 0xFF, 0x30, 0x43, 0x66, 0xFF, 0x32, 0x44, 0x69, 0xFF, 0x33, 0x45, 0x6A, 0xFF,
    0x36, 0x48, 0x6D, 0xFF, 0x38, 0x4A, 0x6F, 0xFF, 0x3D, 0x4E, 0x75, 0xFF, 0x3E, 0x4F, 0x76, 0xFF,
    0x3F, 0x50, 0x77, 0xFF, 0x42, 0x53, 0x7A, 0xFF, 0x44, 0x54, 0x7E, 0xFF, 0x46, 0x56, 0x80, 0xFF,
    0x48, 0x58, 0x82, 0xFF, 0x49, 0x59, 0x83, 0xFF, 0x4B, 0x5C, 0x83, 0xFF, 0x4C, 0x5D, 0x84, 0xFF,
    0x4D, 0x5E, 0x85, 0xFF, 0x4D, 0x5E, 0x85, 0xFF, 0x4C, 0x5D, 0x84, 0xFF, 0x4A, 0x5B, 0x82, 0xFF,
    0x4A, 0x5C, 0x81, 0xFF, 0x4A, 0x5C, 0x81, 0xFF, 0x4D, 0x5F, 0x84, 0xFF, 0x4E, 0x60, 0x85, 0xFF,
    0x4E, 0x61, 0x84, 0xFF, 0x4F, 0x62, 0x85, 0xFF, 0x4F, 0x62, 0x85, 0xFF, 0x50, 0x63, 0x86, 0xFF,
    0x50, 0x63, 0x86, 0xFF, 0x51, 0x64, 0x87, 0xFF, 0x52, 0x65, 0x88, 0xFF, 0x51, 0x64, 0x87, 0xFF,
    0x51, 0x64, 0x87, 0xFF, 0x51, 0x64, 0x87, 0xFF, 0x50, 0x63, 0x86, 0xFF, 0x4F, 0x62, 0x85, 0xFF,
    0x4C, 0x5F, 0x82, 0xFF, 0x4A, 0x5D, 0x80, 0xFF, 0x4D, 0x5E, 0x7F, 0xFF, 0x4A, 0x5B, 0x7C, 0xFF,
    0x45, 0x56, 0x77, 0xFF, 0x3F, 0x50, 0x71, 0xFF, 0x39, 0x4A, 0x6B, 0xFF, 0x35, 0x46, 0x67, 0xFF,
    0x34, 0x43, 0x64, 0xFF, 0x32, 0x41, 0x62, 0xFF, 0x2B, 0x3C, 0x5D, 0xFF, 0x29, 0x3A, 0x5B, 0xFF,
    0x26, 0x37, 0x58, 0xFF, 0x24, 0x35, 0x56, 0xFF, 0x23, 0x34, 0x55, 0xFF, 0x22, 0x33, 0x54, 0xFF,
    0x22, 0x34, 0x53, 0xFF, 0x21, 0x33, 0x52, 0xFF, 0x22, 0x31, 0x51, 0xFF, 0x21, 0x31, 0x4E, 0xFF,
    0x22, 0x30, 0x4C, 0xFF, 0x23, 0x2F, 0x4B, 0xFF, 0x22, 0x2D, 0x48, 0xFF, 0x1B, 0x27, 0x3F, 0xFF,
    0x13, 0x1D, 0x35, 0xFF, 0x0C, 0x17, 0x2D, 0xFF, 0x09, 0x11, 0x28, 0xFF, 0x08, 0x0F, 0x23, 0xFF,
    0x06, 0x0D, 0x21, 0xFF, 0x06, 0x0B, 0x20, 0xFF, 0x06, 0x0B, 0x20, 0xFF, 0x05, 0x0B, 0x1E, 0xFF,
    0x07, 0x0D, 0x20, 0xFF, 0x0A, 0x10, 0x23, 0xFF, 0x0D, 0x14, 0x27, 0xFF, 0x13, 0x1A, 0x2D, 0xFF,
    0x17, 0x20, 0x34, 0xFF, 0x1A, 0x23, 0x37, 0xFF, 0x1C, 0x27, 0x3D, 0xFF, 0x23, 0x2E, 0x44, 0xFF,
    0x29, 0x36, 0x4C, 0xFF, 0x2C, 0x3A, 0x50, 0xFF, 0x34, 0x46, 0x5D, 0xFF, 0x3A, 0x4F, 0x65, 0xFF,
    0x3E, 0x53, 0x69, 0xFF, 0x3E, 0x53, 0x69, 0xFF, 0x3A, 0x4F, 0x65, 0xFF, 0x26, 0x3B, 0x51, 0xFF,
    0x16, 0x2B, 0x41, 0xFF, 0x17, 0x2C, 0x42, 0xFF, 0x21, 0x36, 0x4C, 0xFF, 0x21, 0x36, 0x4C, 0xFF,
    0x5E, 0x6C, 0xA6, 0xFF, 0x5E, 0x6D, 0xA5, 0xFF, 0x5E, 0x6C, 0xA6, 0xFF, 0x5C, 0x6B, 0xA3, 0xFF,
    0x5B, 0x6A, 0xA2, 0xFF, 0x5B, 0x6A, 0xA2, 0xFF, 0x5D, 0x6C, 0xA4, 0xFF, 0x5E, 0x6E, 0xA3, 0xFF,
    0x5D, 0x6D, 0xA2, 0xFF, 0x5A, 0x6B, 0x9E, 0xFF, 0x5A, 0x6B, 0x9E, 0xFF, 0x5E, 0x6F, 0xA2, 0xFF,
    0x61, 0x72, 0xA5, 0xFF, 0x5E, 0x6F, 0xA0, 0xFF, 0x5A, 0x6B, 0x9E, 0xFF, 0x57, 0x68, 0x99, 0xFF,
    0x5A, 0x6C, 0x9B, 0xFF, 0x5C, 0x6E, 0x9D, 0xFF, 0x5E, 0x70, 0x9F, 0xFF, 0x5B, 0x6E, 0x9B, 0xFF,
    0x50, 0x63, 0x90, 0xFF, 0x43, 0x56, 0x83, 0xFF, 0x3A, 0x4D, 0x7A, 0xFF, 0x38, 0x4B, 0x76, 0xFF,
    0x34, 0x45, 0x70, 0xFF, 0x2F, 0x41, 0x6A, 0xFF, 0x2A, 0x3C, 0x65, 0xFF, 0x27, 0x39, 0x62, 0xFF,
    0x26, 0x38, 0x61, 0xFF, 0x26, 0x39, 0x5F, 0xFF, 0x24, 0x36, 0x5F, 0xFF, 0x21, 0x34, 0x5A, 0xFF,
    0x25, 0x38, 0x5E, 0xFF, 0x2B, 0x3E, 0x63, 0xFF, 0x33, 0x46, 0x6C, 0xFF, 0x3A, 0x4D, 0x72, 0xFF,
    0x3D, 0x50, 0x76, 0xFF, 0x40, 0x53, 0x79, 0xFF, 0x42, 0x55, 0x7B, 0xFF, 0x43, 0x56, 0x7C, 0xFF,
    0x47, 0x59, 0x82, 0xFF, 0x47, 0x59, 0x82, 0xFF, 0x48, 0x5A, 0x83, 0xFF, 0x49, 0x5B, 0x84, 0xFF,
    0x4A, 0x5C, 0x85, 0xFF, 0x4B, 0x5D, 0x86, 0xFF, 0x4C, 0x5E, 0x87, 0xFF, 0x4C, 0x5E, 0x87, 0xFF,
    0x4E, 0x5E, 0x88, 0xFF, 0x4F, 0x5F, 0x89, 0xFF, 0x4F, 0x5F, 0x89, 0xFF, 0x4E, 0x5E, 0x88, 0xFF,
    0x4D, 0x5E, 0x85, 0xFF, 0x4C, 0x5D, 0x84, 0xFF, 0x4C, 0x5D, 0x84, 0xFF, 0x4D, 0x5E, 0x85, 0xFF,
    0x51, 0x63, 0x88, 0xFF, 0x51, 0x63, 0x88, 0xFF, 0x51, 0x64, 0x87, 0xFF, 0x52, 0x65, 0x88, 0xFF,
    0x52, 0x65, 0x88, 0xFF, 0x52, 0x65, 0x88, 0xFF, 0x52, 0x65, 0x88, 0xFF, 0x52, 0x65, 0x88, 0xFF,
    0x53, 0x65, 0x8A, 0xFF, 0x52, 0x64, 0x89, 0xFF, 0x52, 0x64, 0x89, 0xFF, 0x51, 0x63, 0x88, 0xFF,
    0x51, 0x64, 0x87, 0xFF, 0x4F, 0x62, 0x85, 0xFF, 0x4C, 0x5F, 0x82, 0xFF, 0x49, 0x5C, 0x7F, 0xFF,
    0x49, 0x59, 0x7D, 0xFF, 0x45, 0x55, 0x79, 0xFF, 0x3E, 0x4F, 0x70, 0xFF, 0x36, 0x47, 0x68, 0xFF,
    0x2F, 0x40, 0x61, 0xFF, 0x2A, 0x3B, 0x5C, 0xFF, 0x27, 0x38, 0x59, 0xFF, 0x26, 0x37, 0x58, 0xFF,
    0x22, 0x33, 0x54, 0xFF, 0x23, 0x34, 0x55, 0xFF, 0x22, 0x35, 0x56, 0xFF, 0x23, 0x36, 0x57, 0xFF,
    0x25, 0x38, 0x59, 0xFF, 0x26, 0x39, 0x5A, 0xFF, 0x27, 0x38, 0x59, 0xFF, 0x26, 0x38, 0x57, 0xFF,
    0x26, 0x35, 0x55, 0xFF, 0x24, 0x34, 0x51, 0xFF, 0x24, 0x32, 0x4E, 0xFF, 0x26, 0x32, 0x4E, 0xFF,
    0x26, 0x31, 0x4C, 0xFF, 0x20, 0x2C, 0x44, 0xFF, 0x18, 0x22, 0x3A, 0xFF, 0x0F, 0x1A, 0x30, 0xFF,
    0x08, 0x10, 0x27, 0xFF, 0x06, 0x0E, 0x25, 0xFF, 0x04, 0x0C, 0x23, 0xFF, 0x06, 0x0D, 0x21, 0xFF,
    0x05, 0x0C, 0x20, 0xFF, 0x04, 0x0B, 0x1F, 0xFF, 0x05, 0x0C, 0x1F, 0xFF, 0x08, 0x0F, 0x22, 0xFF,
    0x0A, 0x11, 0x25, 0xFF, 0x12, 0x19, 0x2D, 0xFF, 0x18, 0x21, 0x35, 0xFF, 0x1D, 0x26, 0x3A, 0xFF,
    0x1F, 0x2A, 0x40, 0xFF, 0x25, 0x30, 0x46, 0xFF, 0x29, 0x35, 0x4D, 0xFF, 0x2B, 0x39, 0x50, 0xFF,
    0x33, 0x43, 0x5A, 0xFF, 0x38, 0x4A, 0x61, 0xFF, 0x3B, 0x4D, 0x64, 0xFF, 0x3B, 0x4D, 0x64, 0xFF,
    0x35, 0x47, 0x5E, 0xFF, 0x24, 0x36, 0x4D, 0xFF, 0x17, 0x29, 0x40, 0xFF, 0x18, 0x2A, 0x41, 0xFF,
    0x2A, 0x3C, 0x53, 0xFF, 0x2A, 0x3C, 0x53, 0xFF, 0x62, 0x70, 0xAB, 0xFF, 0x63, 0x71, 0xAB, 0xFF,
    0x63, 0x71, 0xAC, 0xFF, 0x61, 0x6F, 0xA9, 0xFF, 0x5E, 0x6C, 0xA7, 0xFF, 0x5C, 0x6A, 0xA4, 0xFF,
    0x5E, 0x6C, 0xA6, 0xFF, 0x60, 0x6F, 0xA7, 0xFF, 0x5E, 0x6D, 0xA5, 0xFF, 0x5A, 0x6A, 0x9F, 0xFF,
    0x59, 0x68, 0xA0, 0xFF, 0x5D, 0x6D, 0xA2, 0xFF, 0x62, 0x72, 0xA7, 0xFF, 0x63, 0x74, 0xA7, 0xFF,
    0x5D, 0x6D, 0xA2, 0xFF, 0x57, 0x68, 0x9B, 0xFF, 0x59, 0x6A, 0x9B, 0xFF, 0x5B, 0x6D, 0x9C, 0xFF,
    0x5D, 0x6F, 0x9E, 0xFF, 0x5C, 0x6E, 0x9D, 0xFF, 0x53, 0x65, 0x94, 0xFF, 0x47, 0x5A, 0x87, 0xFF,
    0x3D, 0x50, 0x7D, 0xFF, 0x39, 0x4C, 0x79, 0xFF, 0x35, 0x45, 0x73, 0xFF, 0x31, 0x42, 0x6D, 0xFF,
    0x2C, 0x3D, 0x68, 0xFF, 0x29, 0x3B, 0x64, 0xFF, 0x27, 0x39, 0x62, 0xFF, 0x26, 0x38, 0x61, 0xFF,
    0x25, 0x37, 0x60, 0xFF, 0x24, 0x36, 0x5F, 0xFF, 0x29, 0x3B, 0x64, 0xFF, 0x30, 0x43, 0x69, 0xFF,
    0x3A, 0x4C, 0x75, 0xFF, 0x43, 0x56, 0x7C, 0xFF, 0x49, 0x5B, 0x84, 0xFF, 0x4B, 0x5E, 0x84, 0xFF,
    0x4B, 0x5D, 0x86, 0xFF, 0x4B, 0x5D, 0x86, 0xFF, 0x49, 0x5B, 0x84, 0xFF, 0x4A, 0x5C, 0x85, 0xFF,
    0x4A, 0x5C, 0x85, 0xFF, 0x4B, 0x5D, 0x86, 0xFF, 0x4B, 0x5D, 0x86, 0xFF, 0x4C, 0x5E, 0x87, 0xFF,
    0x4C, 0x5E, 0x87, 0xFF, 0x4D, 0x5F, 0x88, 0xFF, 0x50, 0x60, 0x8A, 0xFF, 0x50, 0x60, 0x8A, 0xFF,
    0x4F, 0x5F, 0x89, 0xFF, 0x4E, 0x5E, 0x88, 0xFF, 0x4D, 0x5E, 0x85, 0xFF, 0x4C, 0x5D, 0x84, 0xFF,
    0x4D, 0x5E, 0x85, 0xFF, 0x4E, 0x5F, 0x86, 0xFF, 0x54, 0x66, 0x8B, 0xFF, 0x54, 0x66, 0x8B, 0xFF,
    0x54, 0x67, 0x8A, 0xFF, 0x54, 0x67, 0x8A, 0xFF, 0x54, 0x67, 0x8A, 0xFF, 0x54, 0x67, 0x8A, 0xFF,
    0x54, 0x67, 0x8A, 0xFF, 0x54, 0x67, 0x8A, 0xFF, 0x54, 0x66, 0x8B, 0xFF, 0x53, 0x65, 0x8A, 0xFF,
    0x53, 0x65, 0x8A, 0xFF, 0x52, 0x64, 0x89, 0xFF, 0x51, 0x64, 0x87, 0xFF, 0x4E, 0x61, 0x84, 0xFF,
    0x4B, 0x5E, 0x81, 0xFF, 0x49, 0x5C, 0x7F, 0xFF, 0x46, 0x56, 0x7A, 0xFF, 0x40, 0x50, 0x74, 0xFF,
    0x38, 0x49, 0x6A, 0xFF, 0x2E, 0x3F, 0x60, 0xFF, 0x27, 0x38, 0x59, 0xFF, 0x22, 0x33, 0x54, 0xFF,
    0x20, 0x31, 0x52, 0xFF, 0x20, 0x31, 0x52, 0xFF, 0x22, 0x33, 0x54, 0xFF, 0x24, 0x35, 0x56, 0xFF,
    0x26, 0x39, 0x5A, 0xFF, 0x2A, 0x3D, 0x5E, 0xFF, 0x2D, 0x40, 0x61, 0xFF, 0x2D, 0x40, 0x61, 0xFF,
    0x2E, 0x3F, 0x60, 0xFF, 0x2C, 0x3D, 0x5E, 0xFF, 0x2B, 0x3A, 0x5A, 0xFF, 0x27, 0x37, 0x54, 0xFF,
    0x25, 0x33, 0x50, 0xFF, 0x25, 0x33, 0x4F, 0xFF, 0x28, 0x33, 0x4E, 0xFF, 0x24, 0x2F, 0x4A, 0xFF,
    0x1D, 0x27, 0x3F, 0xFF, 0x15, 0x1F, 0x37, 0xFF, 0x09, 0x11, 0x28, 0xFF, 0x06, 0x0E, 0x25, 0xFF,
    0x04, 0x0C, 0x23, 0xFF, 0x04, 0x0C, 0x23, 0xFF, 0x06, 0x0D, 0x21, 0xFF, 0x04, 0x0B, 0x1F, 0xFF,
    0x05, 0x0C, 0x20, 0xFF, 0x06, 0x0D, 0x20, 0xFF, 0x07, 0x0E, 0x22, 0xFF, 0x0F, 0x18, 0x2C, 0xFF,
    0x1A, 0x23, 0x37, 0xFF, 0x1E, 0x29, 0x3D, 0xFF, 0x22, 0x2D, 0x43, 0xFF, 0x24, 0x31, 0x47, 0xFF,
    0x28, 0x34, 0x4C, 0xFF, 0x29, 0x37, 0x4E, 0xFF, 0x29, 0x39, 0x50, 0xFF, 0x2F, 0x41, 0x58, 0xFF,
    0x36, 0x48, 0x5F, 0xFF, 0x34, 0x46, 0x5D, 0xFF, 0x2A, 0x3C, 0x53, 0xFF, 0x20, 0x32, 0x49, 0xFF,
    0x20, 0x32, 0x49, 0xFF, 0x28, 0x3A, 0x51, 0xFF, 0x30, 0x42, 0x59, 0xFF, 0x30, 0x42, 0x59, 0xFF,
    0x65, 0x74, 0xB2, 0xFF, 0x66, 0x76, 0xB1, 0xFF, 0x67, 0x76, 0xB4, 0xFF, 0x65, 0x75, 0xB0, 0xFF,
    0x61, 0x70, 0xAE, 0xFF, 0x5D, 0x6D, 0xA8, 0xFF, 0x5D, 0x6D, 0xA8, 0xFF, 0x5E, 0x6F, 0xA8, 0xFF,
    0x5F, 0x70, 0xA9, 0xFF, 0x5B, 0x6C, 0xA4, 0xFF, 0x58, 0x69, 0xA2, 0xFF, 0x5A, 0x6B, 0xA3, 0xFF,
    0x60, 0x71, 0xA9, 0xFF, 0x62, 0x74, 0xA9, 0xFF, 0x5E, 0x6F, 0xA7, 0xFF, 0x58, 0x6A, 0x9F, 0xFF,
    0x56, 0x6A, 0x9A, 0xFF, 0x57, 0x6B, 0x9B, 0xFF, 0x58, 0x6C, 0x9C, 0xFF, 0x59, 0x6D, 0x9D, 0xFF,
    0x52, 0x66, 0x96, 0xFF, 0x46, 0x5A, 0x89, 0xFF, 0x3D, 0x4F, 0x7E, 0xFF, 0x37, 0x4A, 0x77, 0xFF,
    0x34, 0x47, 0x74, 0xFF, 0x31, 0x44, 0x71, 0xFF, 0x2D, 0x40, 0x6D, 0xFF, 0x28, 0x3B, 0x66, 0xFF,
    0x28, 0x39, 0x64, 0xFF, 0x26, 0x37, 0x62, 0xFF, 0x26, 0x37, 0x62, 0xFF, 0x26, 0x37, 0x62, 0xFF,
    0x2B, 0x3E, 0x69, 0xFF, 0x32, 0x46, 0x6F, 0xFF, 0x3E, 0x51, 0x7C, 0xFF, 0x49, 0x5D, 0x86, 0xFF,
    0x4F, 0x62, 0x8D, 0xFF, 0x50, 0x64, 0x8D, 0xFF, 0x4D, 0x60, 0x8B, 0xFF, 0x4B, 0x5F, 0x88, 0xFF,
    0x48, 0x5C, 0x85, 0xFF, 0x48, 0x5C, 0x85, 0xFF, 0x49, 0x5D, 0x86, 0xFF, 0x49, 0x5D, 0x86, 0xFF,
    0x4A, 0x5E, 0x87, 0xFF, 0x4A, 0x5E, 0x87, 0xFF, 0x4B, 0x5F, 0x88, 0xFF, 0x4B, 0x5F, 0x88, 0xFF,
    0x4E, 0x60, 0x89, 0xFF, 0x4E, 0x60, 0x89, 0xFF, 0x4C, 0x5E, 0x87, 0xFF, 0x4B, 0x5D, 0x86, 0xFF,
    0x4A, 0x5D, 0x83, 0xFF, 0x4B, 0x5E, 0x84, 0xFF, 0x4D, 0x60, 0x86, 0xFF, 0x4F, 0x62, 0x88, 0xFF,
    0x52, 0x65, 0x8A, 0xFF, 0x53, 0x66, 0x8B, 0xFF, 0x53, 0x67, 0x8A, 0xFF, 0x53, 0x67, 0x8A, 0xFF,
    0x54, 0x68, 0x8B, 0xFF, 0x54, 0x68, 0x8B, 0xFF, 0x54, 0x69, 0x89, 0xFF, 0x54, 0x68, 0x8B, 0xFF,
    0x55, 0x67, 0x8C, 0xFF, 0x54, 0x66, 0x8B, 0xFF, 0x53, 0x65, 0x8A, 0xFF, 0x52, 0x64, 0x89, 0xFF,
    0x50, 0x63, 0x86, 0xFF, 0x4D, 0x60, 0x83, 0xFF, 0x4C, 0x5C, 0x80, 0xFF, 0x49, 0x59, 0x7D, 0xFF,
    0x44, 0x54, 0x78, 0xFF, 0x3E, 0x4E, 0x72, 0xFF, 0x35, 0x46, 0x67, 0xFF, 0x2C, 0x3D, 0x5E, 0xFF,
    0x27, 0x36, 0x57, 0xFF, 0x24, 0x33, 0x54, 0xFF, 0x24, 0x33, 0x54, 0xFF, 0x24, 0x33, 0x54, 0xFF,
    0x2A, 0x3B, 0x5C, 0xFF, 0x2C, 0x3D, 0x5E, 0xFF, 0x2D, 0x40, 0x61, 0xFF, 0x31, 0x44, 0x65, 0xFF,
    0x34, 0x47, 0x68, 0xFF, 0x34, 0x47, 0x68, 0xFF, 0x34, 0x45, 0x66, 0xFF, 0x32, 0x43, 0x64, 0xFF,
    0x30, 0x3F, 0x5F, 0xFF, 0x2A, 0x3A, 0x57, 0xFF, 0x27, 0x35, 0x52, 0xFF, 0x25, 0x33, 0x4F, 0xFF,
    0x29, 0x34, 0x4F, 0xFF, 0x27, 0x32, 0x4D, 0xFF, 0x22, 0x2C, 0x44, 0xFF, 0x1C, 0x26, 0x3E, 0xFF,
    0x0C, 0x16, 0x2E, 0xFF, 0x07, 0x11, 0x29, 0xFF, 0x04, 0x0F, 0x25, 0xFF, 0x03, 0x0E, 0x24, 0xFF,
    0x04, 0x0C, 0x23, 0xFF, 0x03, 0x0C, 0x20, 0xFF, 0x02, 0x0B, 0x1F, 0xFF, 0x03, 0x0C, 0x20, 0xFF,
    0x05, 0x0E, 0x22, 0xFF, 0x10, 0x19, 0x2D, 0xFF, 0x1D, 0x26, 0x3A, 0xFF, 0x21, 0x2C, 0x40, 0xFF,
    0x23, 0x2E, 0x44, 0xFF, 0x24, 0x31, 0x47, 0xFF, 0x26, 0x32, 0x4A, 0xFF, 0x27, 0x35, 0x4C, 0xFF,
    0x25, 0x35, 0x4C, 0xFF, 0x28, 0x3A, 0x51, 0xFF, 0x2E, 0x40, 0x57, 0xFF, 0x2E, 0x40, 0x57, 0xFF,
    0x26, 0x38, 0x4F, 0xFF, 0x22, 0x34, 0x4B, 0xFF, 0x27, 0x39, 0x50, 0xFF, 0x2C, 0x3E, 0x55, 0xFF,
    0x29, 0x3B, 0x52, 0xFF, 0x29, 0x3B, 0x52, 0xFF, 0x68, 0x77, 0xB6, 0xFF, 0x69, 0x78, 0xB6, 0xFF,
    0x6A, 0x79, 0xB7, 0xFF, 0x68, 0x77, 0xB5, 0xFF, 0x65, 0x74, 0xB2, 0xFF, 0x61, 0x70, 0xAE, 0xFF,
    0x60, 0x6F, 0xAD, 0xFF, 0x5F, 0x6F, 0xAA, 0xFF, 0x62, 0x72, 0xAD, 0xFF, 0x60, 0x71, 0xAA, 0xFF,
    0x5D, 0x6E, 0xA7, 0xFF, 0x5C, 0x6D, 0xA6, 0xFF, 0x5E, 0x6F, 0xA8, 0xFF, 0x61, 0x72, 0xAA, 0xFF,
    0x60, 0x71, 0xA9, 0xFF, 0x5D, 0x6F, 0xA4, 0xFF, 0x58, 0x6B, 0x9E, 0xFF, 0x57, 0x6B, 0x9B, 0xFF,
    0x57, 0x6B, 0x9B, 0xFF, 0x57, 0x6B, 0x9B, 0xFF, 0x52, 0x66, 0x96, 0xFF, 0x48, 0x5C, 0x8C, 0xFF,
    0x3E, 0x50, 0x7F, 0xFF, 0x38, 0x4A, 0x79, 0xFF, 0x36, 0x48, 0x77, 0xFF, 0x34, 0x47, 0x74, 0xFF,
    0x30, 0x43, 0x70, 0xFF, 0x2B, 0x3E, 0x6B, 0xFF, 0x29, 0x3A, 0x65, 0xFF, 0x27, 0x38, 0x63, 0xFF,
    0x28, 0x39, 0x64, 0xFF, 0x29, 0x3A, 0x65, 0xFF, 0x2D, 0x40, 0x6B, 0xFF, 0x36, 0x49, 0x74, 0xFF,
    0x44, 0x57, 0x82, 0xFF, 0x50, 0x63, 0x8E, 0xFF, 0x56, 0x69, 0x94, 0xFF, 0x55, 0x68, 0x93, 0xFF,
    0x51, 0x64, 0x8F, 0xFF, 0x4D, 0x60, 0x8B, 0xFF, 0x4A, 0x5E, 0x87, 0xFF, 0x4A, 0x5E, 0x87, 0xFF,
    0x4A, 0x5E, 0x87, 0xFF, 0x4A, 0x5E, 0x87, 0xFF, 0x4A, 0x5E, 0x87, 0xFF, 0x4A, 0x5E, 0x87, 0xFF,
    0x4A, 0x5E, 0x87, 0xFF, 0x4A, 0x5E, 0x87, 0xFF, 0x4A, 0x5C, 0x85, 0xFF, 0x49, 0x5B, 0x84, 0xFF,
    0x47, 0x59, 0x82, 0xFF, 0x46, 0x58, 0x81, 0xFF, 0x46, 0x59, 0x7F, 0xFF, 0x47, 0x5A, 0x80, 0xFF,
    0x4B, 0x5E, 0x84, 0xFF, 0x4D, 0x60, 0x86, 0xFF, 0x4F, 0x62, 0x87, 0xFF, 0x50, 0x63, 0x88, 0xFF,
    0x51, 0x65, 0x88, 0xFF, 0x52, 0x66, 0x89, 0xFF, 0x53, 0x67, 0x8A, 0xFF, 0x54, 0x68, 0x8B, 0xFF,
    0x55, 0x6A, 0x8A, 0xFF, 0x55, 0x6A, 0x8A, 0xFF, 0x55, 0x68, 0x8B, 0xFF, 0x54, 0x66, 0x8B, 0xFF,
    0x53, 0x65, 0x8A, 0xFF, 0x52, 0x64, 0x89, 0xFF, 0x4F, 0x62, 0x85, 0xFF, 0x4C, 0x5F, 0x82, 0xFF,
    0x4A, 0x5A, 0x7E, 0xFF, 0x48, 0x58, 0x7C, 0xFF, 0x41, 0x51, 0x75, 0xFF, 0x3C, 0x4C, 0x70, 0xFF,
    0x34, 0x45, 0x66, 0xFF, 0x2C, 0x3D, 0x5E, 0xFF, 0x2A, 0x39, 0x5A, 0xFF, 0x29, 0x38, 0x59, 0xFF,
    0x2A, 0x39, 0x5A, 0xFF, 0x2C, 0x3B, 0x5C, 0xFF, 0x31, 0x42, 0x63, 0xFF, 0x32, 0x43, 0x64, 0xFF,
    0x32, 0x45, 0x66, 0xFF, 0x34, 0x47, 0x68, 0xFF, 0x36, 0x49, 0x6A, 0xFF, 0x36, 0x49, 0x6A, 0xFF,
    0x36, 0x47, 0x68, 0xFF, 0x35, 0x46, 0x67, 0xFF, 0x34, 0x43, 0x63, 0xFF, 0x2E, 0x3E, 0x5B, 0xFF,
    0x2A, 0x38, 0x55, 0xFF, 0x27, 0x35, 0x51, 0xFF, 0x2A, 0x35, 0x50, 0xFF, 0x29, 0x34, 0x4F, 0xFF,
    0x28, 0x32, 0x4A, 0xFF, 0x24, 0x2E, 0x46, 0xFF, 0x12, 0x1C, 0x34, 0xFF, 0x0C, 0x16, 0x2E, 0xFF,
    0x06, 0x10, 0x28, 0xFF, 0x03, 0x0E, 0x24, 0xFF, 0x04, 0x0C, 0x23, 0xFF, 0x03, 0x0B, 0x22, 0xFF,
    0x03, 0x0C, 0x20, 0xFF, 0x04, 0x0D, 0x21, 0xFF, 0x07, 0x10, 0x24, 0xFF, 0x11, 0x1C, 0x30, 0xFF,
    0x1E, 0x29, 0x3D, 0xFF, 0x22, 0x30, 0x43, 0xFF, 0x22, 0x2F, 0x45, 0xFF, 0x23, 0x30, 0x46, 0xFF,
    0x24, 0x32, 0x49, 0xFF, 0x25, 0x33, 0x4A, 0xFF, 0x2A, 0x3A, 0x51, 0xFF, 0x25, 0x37, 0x4E, 0xFF,
    0x29, 0x3B, 0x52, 0xFF, 0x2C, 0x3E, 0x55, 0xFF, 0x29, 0x3B, 0x52, 0xFF, 0x28, 0x3A, 0x51, 0xFF,
    0x25, 0x37, 0x4E, 0xFF, 0x1E, 0x30, 0x47, 0xFF, 0x17, 0x29, 0x40, 0xFF, 0x17, 0x29, 0x40, 0xFF,
    0x67, 0x77, 0xB9, 0xFF, 0x67, 0x78, 0xB7, 0xFF, 0x67, 0x78, 0xB7, 0xFF, 0x66, 0x77, 0xB6, 0xFF,
    0x64, 0x75, 0xB4, 0xFF, 0x63, 0x75, 0xB2, 0xFF, 0x62, 0x74, 0xB1, 0xFF, 0x62, 0x74, 0xAF, 0xFF,
    0x65, 0x77, 0xB2, 0xFF, 0x65, 0x77, 0xB2, 0xFF, 0x62, 0x74, 0xAF, 0xFF, 0x5C, 0x6F, 0xA8, 0xFF,
    0x5A, 0x6D, 0xA6, 0xFF, 0x5D, 0x70, 0xA9, 0xFF, 0x61, 0x74, 0xAD, 0xFF, 0x61, 0x75, 0xAC, 0xFF,
    0x5C, 0x6E, 0xA3, 0xFF, 0x5A, 0x6D, 0xA0, 0xFF, 0x58, 0x6B, 0x9E, 0xFF, 0x58, 0x6B, 0x9E, 0xFF,
    0x54, 0x68, 0x98, 0xFF, 0x4A, 0x5E, 0x8E, 0xFF, 0x3F, 0x53, 0x83, 0xFF, 0x38, 0x4C, 0x7B, 0xFF,
    0x39, 0x4B, 0x7A, 0xFF, 0x37, 0x49, 0x78, 0xFF, 0x33, 0x46, 0x73, 0xFF, 0x2E, 0x41, 0x6E, 0xFF,
    0x29, 0x3C, 0x69, 0xFF, 0x27, 0x3A, 0x67, 0xFF, 0x28, 0x3B, 0x68, 0xFF, 0x2A, 0x3D, 0x6A, 0xFF,
    0x2F, 0x42, 0x6F, 0xFF, 0x39, 0x4C, 0x79, 0xFF, 0x48, 0x5B, 0x88, 0xFF, 0x56, 0x69, 0x96, 0xFF,
    0x5D, 0x70, 0x9D, 0xFF, 0x5C, 0x6F, 0x9C, 0xFF, 0x56, 0x69, 0x94, 0xFF, 0x51, 0x64, 0x8F, 0xFF,
    0x49, 0x5C, 0x87, 0xFF, 0x48, 0x5B, 0x86, 0xFF, 0x48, 0x5C, 0x85, 0xFF, 0x46, 0x5A, 0x83, 0xFF,
    0x45, 0x59, 0x82, 0xFF, 0x44, 0x58, 0x81, 0xFF, 0x43, 0x58, 0x7E, 0xFF, 0x43, 0x58, 0x7E, 0xFF,
    0x3F, 0x53, 0x7C, 0xFF, 0x3E, 0x52, 0x7B, 0xFF, 0x3D, 0x51, 0x7A, 0xFF, 0x3B, 0x4F, 0x78, 0xFF,
    0x3C, 0x51, 0x77, 0xFF, 0x3F, 0x54, 0x7A, 0xFF, 0x43, 0x58, 0x7E, 0xFF, 0x46, 0x5B, 0x81, 0xFF,
    0x49, 0x5F, 0x83, 0xFF, 0x4A, 0x60, 0x84, 0xFF, 0x4C, 0x62, 0x85, 0xFF, 0x4E, 0x64, 0x87, 0xFF,
    0x50, 0x67, 0x87, 0xFF, 0x52, 0x69, 0x89, 0xFF, 0x53, 0x6A, 0x8A, 0xFF, 0x56, 0x6B, 0x8B, 0xFF,
    0x56, 0x69, 0x8C, 0xFF, 0x54, 0x67, 0x8A, 0xFF, 0x53, 0x66, 0x89, 0xFF, 0x51, 0x64, 0x87, 0xFF,
    0x51, 0x61, 0x85, 0xFF, 0x4D, 0x5D, 0x81, 0xFF, 0x49, 0x59, 0x7D, 0xFF, 0x46, 0x56, 0x7A, 0xFF,
    0x3C, 0x4D, 0x6E, 0xFF, 0x38, 0x49, 0x6A, 0xFF, 0x33, 0x42, 0x63, 0xFF, 0x2D, 0x3C, 0x5D, 0xFF,
    0x2B, 0x3A, 0x5B, 0xFF, 0x2C, 0x3B, 0x5C, 0xFF, 0x30, 0x3F, 0x60, 0xFF, 0x32, 0x41, 0x62, 0xFF,
    0x32, 0x43, 0x64, 0xFF, 0x32, 0x43, 0x64, 0xFF, 0x32, 0x43, 0x64, 0xFF, 0x33, 0x44, 0x65, 0xFF,
    0x32, 0x45, 0x66, 0xFF, 0x33, 0x46, 0x67, 0xFF, 0x34, 0x45, 0x66, 0xFF, 0x34, 0x45, 0x66, 0xFF,
    0x35, 0x44, 0x64, 0xFF, 0x31, 0x41, 0x5E, 0xFF, 0x2E, 0x3C, 0x59, 0xFF, 0x2B, 0x39, 0x55, 0xFF,
    0x2D, 0x38, 0x53, 0xFF, 0x2C, 0x37, 0x52, 0xFF, 0x2B, 0x35, 0x4D, 0xFF, 0x29, 0x33, 0x4B, 0xFF,
    0x17, 0x22, 0x3D, 0xFF, 0x0F, 0x1B, 0x33, 0xFF, 0x06, 0x12, 0x2A, 0xFF, 0x01, 0x0D, 0x25, 0xFF,
    0x01, 0x0C, 0x22, 0xFF, 0x00, 0x0B, 0x21, 0xFF, 0x01, 0x0C, 0x20, 0xFF, 0x03, 0x0E, 0x22, 0xFF,
    0x0A, 0x15, 0x29, 0xFF, 0x15, 0x20, 0x34, 0xFF, 0x21, 0x2C, 0x42, 0xFF, 0x24, 0x31, 0x47, 0xFF,
    0x23, 0x30, 0x46, 0xFF, 0x22, 0x30, 0x46, 0xFF, 0x23, 0x31, 0x48, 0xFF, 0x25, 0x33, 0x4A, 0xFF,
    0x2D, 0x3D, 0x54, 0xFF, 0x27, 0x37, 0x4E, 0xFF, 0x2C, 0x3C, 0x53, 0xFF, 0x30, 0x40, 0x57, 0xFF,
    0x2C, 0x3C, 0x53, 0xFF, 0x29, 0x39, 0x50, 0xFF, 0x23, 0x33, 0x4A, 0xFF, 0x15, 0x25, 0x3C, 0xFF,
    0x0E, 0x1E, 0x35, 0xFF, 0x0E, 0x1E, 0x35, 0xFF, 0x67, 0x77, 0xBA, 0xFF, 0x66, 0x76, 0xB8, 0xFF,
    0x64, 0x74, 0xB6, 0xFF, 0x64, 0x75, 0xB4, 0xFF, 0x64, 0x75, 0xB4, 0xFF, 0x65, 0x76, 0xB5, 0xFF,
    0x66, 0x78, 0xB5, 0xFF, 0x65, 0x77, 0xB4, 0xFF, 0x67, 0x79, 0xB4, 0xFF, 0x6A, 0x7C, 0xB7, 0xFF,
    0x67, 0x79, 0xB4, 0xFF, 0x5F, 0x71, 0xAC, 0xFF, 0x59, 0x6B, 0xA6, 0xFF, 0x5C, 0x6E, 0xA9, 0xFF,
    0x62, 0x74, 0xAF, 0xFF, 0x66, 0x79, 0xB2, 0xFF, 0x5F, 0x74, 0xA8, 0xFF, 0x5A, 0x6F, 0xA2, 0xFF,
    0x58, 0x6D, 0xA0, 0xFF, 0x57, 0x6C, 0x9F, 0xFF, 0x54, 0x6A, 0x9A, 0xFF, 0x4D, 0x61, 0x91, 0xFF,
    0x41, 0x55, 0x85, 0xFF, 0x3A, 0x4E, 0x7E, 0xFF, 0x39, 0x4D, 0x7C, 0xFF, 0x37, 0x4B, 0x7A, 0xFF,
    0x36, 0x49, 0x76, 0xFF, 0x2E, 0x43, 0x70, 0xFF, 0x2A, 0x3D, 0x6A, 0xFF, 0x27, 0x3C, 0x69, 0xFF,
    0x28, 0x3D, 0x6A, 0xFF, 0x2B, 0x3F, 0x6E, 0xFF, 0x2E, 0x42, 0x71, 0xFF, 0x38, 0x4C, 0x7B, 0xFF,
    0x4A, 0x5C, 0x8B, 0xFF, 0x57, 0x6C, 0x99, 0xFF, 0x61, 0x73, 0xA2, 0xFF, 0x5F, 0x74, 0xA1, 0xFF,
    0x5A, 0x6D, 0x9A, 0xFF, 0x54, 0x67, 0x92, 0xFF, 0x45, 0x58, 0x83, 0xFF, 0x44, 0x57, 0x82, 0xFF,
    0x42, 0x55, 0x80, 0xFF, 0x40, 0x54, 0x7D, 0xFF, 0x3E, 0x52, 0x7B, 0xFF, 0x3C, 0x50, 0x79, 0xFF,
    0x3A, 0x4E, 0x77, 0xFF, 0x39, 0x4D, 0x76, 0xFF, 0x38, 0x4C, 0x75, 0xFF, 0x37, 0x4B, 0x74, 0xFF,
    0x35, 0x49, 0x72, 0xFF, 0x33, 0x47, 0x70, 0xFF, 0x34, 0x49, 0x6F, 0xFF, 0x38, 0x4D, 0x73, 0xFF,
    0x3D, 0x52, 0x78, 0xFF, 0x41, 0x56, 0x7C, 0xFF, 0x47, 0x5D, 0x81, 0xFF, 0x48, 0x5E, 0x82, 0xFF,
    0x4A, 0x60, 0x84, 0xFF, 0x4C, 0x62, 0x85, 0xFF, 0x4F, 0x65, 0x88, 0xFF, 0x51, 0x67, 0x8A, 0xFF,
    0x53, 0x69, 0x8C, 0xFF, 0x56, 0x6A, 0x8D, 0xFF, 0x56, 0x69, 0x8C, 0xFF, 0x54, 0x67, 0x8A, 0xFF,
    0x53, 0x65, 0x8A, 0xFF, 0x51, 0x64, 0x87, 0xFF, 0x50, 0x60, 0x85, 0xFF, 0x4C, 0x5C, 0x80, 0xFF,
    0x48, 0x58, 0x7D, 0xFF, 0x45, 0x55, 0x79, 0xFF, 0x36, 0x46, 0x6A, 0xFF, 0x33, 0x43, 0x67, 0xFF,
    0x2F, 0x3D, 0x61, 0xFF, 0x2B, 0x39, 0x5D, 0xFF, 0x2A, 0x38, 0x5C, 0xFF, 0x2D, 0x3B, 0x5F, 0xFF,
    0x31, 0x3F, 0x63, 0xFF, 0x34, 0x42, 0x66, 0xFF, 0x31, 0x41, 0x65, 0xFF, 0x30, 0x41, 0x62, 0xFF,
    0x2E, 0x3F, 0x60, 0xFF, 0x2E, 0x3F, 0x60, 0xFF, 0x2F, 0x40, 0x61, 0xFF, 0x31, 0x42, 0x63, 0xFF,
    0x34, 0x43, 0x64, 0xFF, 0x34, 0x43, 0x64, 0xFF, 0x38, 0x45, 0x65, 0xFF, 0x35, 0x42, 0x62, 0xFF,
    0x31, 0x3F, 0x5C, 0xFF, 0x31, 0x3D, 0x59, 0xFF, 0x30, 0x3B, 0x57, 0xFF, 0x2E, 0x39, 0x54, 0xFF,
    0x2E, 0x37, 0x52, 0xFF, 0x29, 0x34, 0x4F, 0xFF, 0x1B, 0x26, 0x41, 0xFF, 0x12, 0x1D, 0x38, 0xFF,
    0x07, 0x13, 0x2B, 0xFF, 0x01, 0x0D, 0x25, 0xFF, 0x01, 0x0C, 0x22, 0xFF, 0x00, 0x0B, 0x21, 0xFF,
    0x02, 0x0D, 0x23, 0xFF, 0x03, 0x0E, 0x22, 0xFF, 0x0D, 0x18, 0x2E, 0xFF, 0x18, 0x23, 0x39, 0xFF,
    0x22, 0x2F, 0x45, 0xFF, 0x26, 0x33, 0x49, 0xFF, 0x23, 0x31, 0x47, 0xFF, 0x22, 0x30, 0x46, 0xFF,
    0x22, 0x32, 0x49, 0xFF, 0x23, 0x33, 0x4A, 0xFF, 0x2A, 0x3A, 0x51, 0xFF, 0x26, 0x38, 0x4F, 0xFF,
    0x2F, 0x3F, 0x56, 0xFF, 0x31, 0x41, 0x58, 0xFF, 0x27, 0x37, 0x4E, 0xFF, 0x23, 0x33, 0x4A, 0xFF,
    0x21, 0x31, 0x48, 0xFF, 0x16, 0x26, 0x3D, 0xFF, 0x0E, 0x1E, 0x35, 0xFF, 0x0E, 0x1E, 0x35, 0xFF,
    0x70, 0x7C, 0xC2, 0xFF, 0x6E, 0x7B, 0xBF, 0xFF, 0x6C, 0x79, 0xBD, 0xFF, 0x69, 0x77, 0xB9, 0xFF,
    0x68, 0x77, 0xB6, 0xFF, 0x68, 0x77, 0xB6, 0xFF, 0x69, 0x78, 0xB6, 0xFF, 0x6A, 0x79, 0xB7, 0xFF,
    0x6D, 0x7D, 0xB8, 0xFF, 0x6A, 0x7A, 0xB5, 0xFF, 0x65, 0x74, 0xB2, 0xFF, 0x60, 0x6F, 0xAD, 0xFF,
    0x5D, 0x6C, 0xAA, 0xFF, 0x5E, 0x6D, 0xAB, 0xFF, 0x62, 0x71, 0xAF, 0xFF, 0x62, 0x74, 0xAF, 0xFF,
    0x62, 0x77, 0xAE, 0xFF, 0x5A, 0x70, 0xA4, 0xFF, 0x56, 0x6C, 0xA0, 0xFF, 0x58, 0x6F, 0xA1, 0xFF,
    0x55, 0x6C, 0x9C, 0xFF, 0x4C, 0x62, 0x92, 0xFF, 0x41, 0x58, 0x86, 0xFF, 0x3B, 0x52, 0x80, 0xFF,
    0x38, 0x4F, 0x7D, 0xFF, 0x37, 0x4E, 0x7C, 0xFF, 0x37, 0x4B, 0x7A, 0xFF, 0x32, 0x49, 0x77, 0xFF,
    0x30, 0x44, 0x73, 0xFF, 0x2A, 0x41, 0x6F, 0xFF, 0x27, 0x3E, 0x6C, 0xFF, 0x25, 0x3B, 0x6B, 0xFF,
    0x32, 0x48, 0x78, 0xFF, 0x3C, 0x52, 0x82, 0xFF, 0x4D, 0x61, 0x91, 0xFF, 0x57, 0x6E, 0x9C, 0xFF,
    0x61, 0x75, 0xA5, 0xFF, 0x5F, 0x76, 0xA4, 0xFF, 0x5B, 0x6F, 0x9E, 0xFF, 0x54, 0x69, 0x96, 0xFF,
    0x45, 0x5A, 0x87, 0xFF, 0x3F, 0x55, 0x7F, 0xFF, 0x3B, 0x4E, 0x79, 0xFF, 0x38, 0x4B, 0x76, 0xFF,
    0x38, 0x49, 0x74, 0xFF, 0x33, 0x44, 0x6F, 0xFF, 0x2F, 0x40, 0x6B, 0xFF, 0x2D, 0x3F, 0x68, 0xFF,
    0x2F, 0x43, 0x6C, 0xFF, 0x2B, 0x41, 0x6A, 0xFF, 0x29, 0x3D, 0x66, 0xFF, 0x27, 0x3B, 0x64, 0xFF,
    0x29, 0x3D, 0x66, 0xFF, 0x30, 0x44, 0x6D, 0xFF, 0x38, 0x4D, 0x73, 0xFF, 0x3E, 0x53, 0x79, 0xFF,
    0x3F, 0x54, 0x7A, 0xFF, 0x42, 0x57, 0x7D, 0xFF, 0x48, 0x5B, 0x81, 0xFF, 0x4C, 0x5F, 0x84, 0xFF,
    0x4E, 0x61, 0x86, 0xFF, 0x50, 0x63, 0x88, 0xFF, 0x52, 0x65, 0x8A, 0xFF, 0x54, 0x67, 0x8C, 0xFF,
    0x56, 0x68, 0x8D, 0xFF, 0x56, 0x68, 0x8D, 0xFF, 0x57, 0x66, 0x8D, 0xFF, 0x53, 0x63, 0x88, 0xFF,
    0x50, 0x5F, 0x86, 0xFF, 0x4B, 0x5B, 0x80, 0xFF, 0x43, 0x52, 0x79, 0xFF, 0x3C, 0x4C, 0x71, 0xFF,
    0x30, 0x40, 0x65, 0xFF, 0x2E, 0x3E, 0x63, 0xFF, 0x2E, 0x3B, 0x61, 0xFF, 0x2E, 0x3B, 0x61, 0xFF,
    0x30, 0x3D, 0x63, 0xFF, 0x31, 0x3E, 0x64, 0xFF, 0x2F, 0x3C, 0x62, 0xFF, 0x2D, 0x3A, 0x60, 0xFF,
    0x29, 0x39, 0x5E, 0xFF, 0x27, 0x37, 0x5B, 0xFF, 0x29, 0x37, 0x5B, 0xFF, 0x2B, 0x39, 0x5D, 0xFF,
    0x2D, 0x3B, 0x5F, 0xFF, 0x2C, 0x3A, 0x5E, 0xFF, 0x2C, 0x38, 0x5A, 0xFF, 0x2C, 0x38, 0x5A, 0xFF,
    0x33, 0x3E, 0x5E, 0xFF, 0x35, 0x40, 0x60, 0xFF, 0x35, 0x40, 0x5E, 0xFF, 0x33, 0x3E, 0x5A, 0xFF,
    0x32, 0x3D, 0x59, 0xFF, 0x31, 0x3C, 0x58, 0xFF, 0x30, 0x3B, 0x57, 0xFF, 0x2D, 0x38, 0x53, 0xFF,
    0x23, 0x30, 0x4A, 0xFF, 0x17, 0x25, 0x3C, 0xFF, 0x0B, 0x17, 0x2F, 0xFF, 0x02, 0x0E, 0x26, 0xFF,
    0x01, 0x0B, 0x23, 0xFF, 0x04, 0x0B, 0x24, 0xFF, 0x06, 0x0D, 0x26, 0xFF, 0x09, 0x11, 0x28, 0xFF,
    0x11, 0x18, 0x31, 0xFF, 0x20, 0x2A, 0x42, 0xFF, 0x29, 0x35, 0x4D, 0xFF, 0x2A, 0x36, 0x4E, 0xFF,
    0x26, 0x34, 0x4B, 0xFF, 0x20, 0x30, 0x47, 0xFF, 0x1D, 0x2F, 0x46, 0xFF, 0x23, 0x35, 0x4C, 0xFF,
    0x26, 0x37, 0x51, 0xFF, 0x2D, 0x41, 0x5A, 0xFF, 0x2C, 0x3D, 0x57, 0xFF, 0x25, 0x36, 0x50, 0xFF,
    0x24, 0x36, 0x4D, 0xFF, 0x1A, 0x2C, 0x43, 0xFF, 0x11, 0x23, 0x3A, 0xFF, 0x14, 0x26, 0x3D, 0xFF,
    0x15, 0x26, 0x3B, 0xFF, 0x17, 0x28, 0x3D, 0xFF, 0x72, 0x7E, 0xC6, 0xFF, 0x6E, 0x7D, 0xC2, 0xFF,
    0x6E, 0x7A, 0xC0, 0xFF, 0x6B, 0x78, 0xBC, 0xFF, 0x69, 0x77, 0xB9, 0xFF, 0x68, 0x77, 0xB6, 0xFF,
    0x68, 0x77, 0xB6, 0xFF, 0x68, 0x77, 0xB5, 0xFF, 0x6B, 0x7A, 0xB8, 0xFF, 0x69, 0x78, 0xB6, 0xFF,
    0x65, 0x74, 0xB2, 0xFF, 0x61, 0x70, 0xAE, 0xFF, 0x5E, 0x6D, 0xAC, 0xFF, 0x5F, 0x6E, 0xAD, 0xFF,
    0x62, 0x71, 0xB0, 0xFF, 0x62, 0x74, 0xB1, 0xFF, 0x64, 0x78, 0xB1, 0xFF, 0x5B, 0x73, 0xA9, 0xFF,
    0x55, 0x6D, 0xA3, 0xFF, 0x54, 0x6C, 0xA0, 0xFF, 0x55, 0x6C, 0x9E, 0xFF, 0x4D, 0x64, 0x94, 0xFF,
    0x43, 0x59, 0x89, 0xFF, 0x3A, 0x51, 0x7F, 0xFF, 0x38, 0x4F, 0x7D, 0xFF, 0x37, 0x4E, 0x7C, 0xFF,
    0x35, 0x4C, 0x7A, 0xFF, 0x32, 0x49, 0x77, 0xFF, 0x2F, 0x46, 0x74, 0xFF, 0x2B, 0x42, 0x70, 0xFF,
    0x27, 0x3E, 0x6E, 0xFF, 0x26, 0x3D, 0x6D, 0xFF, 0x2F, 0x44, 0x77, 0xFF, 0x3B, 0x50, 0x83, 0xFF,
    0x4B, 0x61, 0x91, 0xFF, 0x59, 0x6F, 0x9F, 0xFF, 0x61, 0x77, 0xA7, 0xFF, 0x61, 0x77, 0xA7, 0xFF,
    0x5B, 0x72, 0xA0, 0xFF, 0x53, 0x6A, 0x98, 0xFF, 0x46, 0x5B, 0x88, 0xFF, 0x3F, 0x54, 0x81, 0xFF,
    0x3B, 0x4E, 0x79, 0xFF, 0x38, 0x4B, 0x76, 0xFF, 0x37, 0x48, 0x73, 0xFF, 0x32, 0x43, 0x6E, 0xFF,
    0x2E, 0x3E, 0x69, 0xFF, 0x2B, 0x3C, 0x67, 0xFF, 0x26, 0x3A, 0x63, 0xFF, 0x22, 0x38, 0x61, 0xFF,
    0x22, 0x36, 0x5F, 0xFF, 0x21, 0x35, 0x5E, 0xFF, 0x24, 0x38, 0x61, 0xFF, 0x2B, 0x3F, 0x68, 0xFF,
    0x33, 0x48, 0x6E, 0xFF, 0x39, 0x4E, 0x74, 0xFF, 0x3D, 0x52, 0x78, 0xFF, 0x3F, 0x54, 0x7A, 0xFF,
    0x45, 0x58, 0x7E, 0xFF, 0x48, 0x5B, 0x81, 0xFF, 0x4B, 0x5E, 0x84, 0xFF, 0x4E, 0x61, 0x87, 0xFF,
    0x51, 0x64, 0x89, 0xFF, 0x53, 0x66, 0x8B, 0xFF, 0x55, 0x66, 0x8D, 0xFF, 0x56, 0x67, 0x8E, 0xFF,
    0x57, 0x66, 0x8D, 0xFF, 0x54, 0x63, 0x8A, 0xFF, 0x4F, 0x5E, 0x85, 0xFF, 0x49, 0x58, 0x7F, 0xFF,
    0x3F, 0x4E, 0x75, 0xFF, 0x37, 0x46, 0x6D, 0xFF, 0x2E, 0x3D, 0x64, 0xFF, 0x2D, 0x3C, 0x63, 0xFF,
    0x2D, 0x39, 0x61, 0xFF, 0x2D, 0x39, 0x61, 0xFF, 0x2E, 0x3A, 0x62, 0xFF, 0x2D, 0x39, 0x61, 0xFF,
    0x29, 0x35, 0x5D, 0xFF, 0x26, 0x32, 0x5A, 0xFF, 0x23, 0x33, 0x58, 0xFF, 0x21, 0x31, 0x56, 0xFF,
    0x23, 0x31, 0x55, 0xFF, 0x27, 0x35, 0x59, 0xFF, 0x2C, 0x38, 0x5C, 0xFF, 0x2C, 0x38, 0x5C, 0xFF,
    0x2C, 0x36, 0x58, 0xFF, 0x2C, 0x36, 0x58, 0xFF, 0x33, 0x3C, 0x5D, 0xFF, 0x35, 0x3E, 0x5F, 0xFF,
    0x35, 0x3F, 0x5D, 0xFF, 0x33, 0x3D, 0x5B, 0xFF, 0x32, 0x3D, 0x59, 0xFF, 0x32, 0x3D, 0x59, 0xFF,
    0x31, 0x3C, 0x58, 0xFF, 0x2D, 0x3A, 0x54, 0xFF, 0x26, 0x35, 0x4F, 0xFF, 0x1B, 0x2B, 0x42, 0xFF,
    0x0F, 0x1D, 0x34, 0xFF, 0x06, 0x12, 0x2A, 0xFF, 0x02, 0x0C, 0x24, 0xFF, 0x02, 0x09, 0x22, 0xFF,
    0x06, 0x0B, 0x24, 0xFF, 0x08, 0x0D, 0x26, 0xFF, 0x13, 0x1A, 0x33, 0xFF, 0x20, 0x2A, 0x42, 0xFF,
    0x2B, 0x35, 0x4D, 0xFF, 0x29, 0x37, 0x4E, 0xFF, 0x27, 0x35, 0x4C, 0xFF, 0x1F, 0x31, 0x48, 0xFF,
    0x1F, 0x31, 0x48, 0xFF, 0x22, 0x37, 0x4D, 0xFF, 0x24, 0x38, 0x51, 0xFF, 0x2A, 0x3E, 0x57, 0xFF,
    0x26, 0x3A, 0x53, 0xFF, 0x20, 0x34, 0x4D, 0xFF, 0x20, 0x32, 0x49, 0xFF, 0x18, 0x2A, 0x41, 0xFF,
    0x11, 0x23, 0x3A, 0xFF, 0x16, 0x28, 0x3F, 0xFF, 0x1F, 0x30, 0x45, 0xFF, 0x21, 0x32, 0x47, 0xFF,
    0x72, 0x7F, 0xC9, 0xFF, 0x70, 0x7F, 0xC7, 0xFF, 0x70, 0x7E, 0xC6, 0xFF, 0x6E, 0x7D, 0xC2, 0xFF,
    0x6C, 0x7C, 0xBF, 0xFF, 0x69, 0x79, 0xBB, 0xFF, 0x68, 0x78, 0xBA, 0xFF, 0x67, 0x78, 0xB7, 0xFF,
    0x68, 0x79, 0xB8, 0xFF, 0x66, 0x78, 0xB5, 0xFF, 0x64, 0x76, 0xB3, 0xFF, 0x60, 0x72, 0xAF, 0xFF,
    0x5E, 0x6F, 0xAE, 0xFF, 0x5E, 0x6F, 0xAE, 0xFF, 0x5F, 0x70, 0xAF, 0xFF, 0x61, 0x73, 0xB0, 0xFF,
    0x67, 0x7B, 0xB5, 0xFF, 0x60, 0x77, 0xAF, 0xFF, 0x59, 0x70, 0xA8, 0xFF, 0x55, 0x6D, 0xA3, 0xFF,
    0x55, 0x6B, 0x9F, 0xFF, 0x4F, 0x66, 0x98, 0xFF, 0x44, 0x5B, 0x8D, 0xFF, 0x39, 0x50, 0x80, 0xFF,
    0x39, 0x4F, 0x7F, 0xFF, 0x38, 0x4E, 0x7E, 0xFF, 0x36, 0x4D, 0x7B, 0xFF, 0x33, 0x4A, 0x78, 0xFF,
    0x30, 0x47, 0x75, 0xFF, 0x2D, 0x44, 0x72, 0xFF, 0x2A, 0x40, 0x70, 0xFF, 0x29, 0x3F, 0x6F, 0xFF,
    0x2C, 0x41, 0x74, 0xFF, 0x39, 0x4E, 0x81, 0xFF, 0x4B, 0x61, 0x91, 0xFF, 0x5A, 0x70, 0xA0, 0xFF,
    0x62, 0x79, 0xA9, 0xFF, 0x63, 0x7A, 0xAA, 0xFF, 0x5C, 0x73, 0xA1, 0xFF, 0x54, 0x6B, 0x99, 0xFF,
    0x45, 0x5C, 0x89, 0xFF, 0x40, 0x55, 0x82, 0xFF, 0x3C, 0x4F, 0x7C, 0xFF, 0x39, 0x4C, 0x79, 0xFF,
    0x38, 0x49, 0x74, 0xFF, 0x33, 0x44, 0x6F, 0xFF, 0x2F, 0x3F, 0x6A, 0xFF, 0x2C, 0x3D, 0x68, 0xFF,
    0x28, 0x3C, 0x65, 0xFF, 0x27, 0x3B, 0x64, 0xFF, 0x25, 0x39, 0x62, 0xFF, 0x24, 0x38, 0x61, 0xFF,
    0x25, 0x39, 0x62, 0xFF, 0x2A, 0x3E, 0x67, 0xFF, 0x30, 0x44, 0x6D, 0xFF, 0x34, 0x48, 0x71, 0xFF,
    0x3B, 0x4E, 0x74, 0xFF, 0x3D, 0x50, 0x76, 0xFF, 0x3F, 0x52, 0x78, 0xFF, 0x42, 0x55, 0x7B, 0xFF,
    0x46, 0x59, 0x7F, 0xFF, 0x4A, 0x5D, 0x83, 0xFF, 0x4F, 0x62, 0x88, 0xFF, 0x52, 0x65, 0x8B, 0xFF,
    0x54, 0x66, 0x8B, 0xFF, 0x56, 0x68, 0x8D, 0xFF, 0x55, 0x67, 0x8C, 0xFF, 0x52, 0x64, 0x89, 0xFF,
    0x4C, 0x5E, 0x83, 0xFF, 0x44, 0x56, 0x7B, 0xFF, 0x3A, 0x4A, 0x6F, 0xFF, 0x30, 0x40, 0x65, 0xFF,
    0x2B, 0x3B, 0x60, 0xFF, 0x2B, 0x3B, 0x60, 0xFF, 0x2B, 0x3B, 0x60, 0xFF, 0x2B, 0x3B, 0x60, 0xFF,
    0x2D, 0x3A, 0x60, 0xFF, 0x2A, 0x37, 0x5D, 0xFF, 0x24, 0x31, 0x57, 0xFF, 0x21, 0x2E, 0x54, 0xFF,
    0x1A, 0x2A, 0x4F, 0xFF, 0x18, 0x28, 0x4D, 0xFF, 0x1C, 0x2A, 0x4E, 0xFF, 0x22, 0x30, 0x54, 0xFF,
    0x2A, 0x36, 0x5A, 0xFF, 0x2C, 0x38, 0x5C, 0xFF, 0x2C, 0x36, 0x58, 0xFF, 0x2B, 0x35, 0x57, 0xFF,
    0x31, 0x3A, 0x5B, 0xFF, 0x34, 0x3D, 0x5E, 0xFF, 0x35, 0x3F, 0x5D, 0xFF, 0x34, 0x3E, 0x5C, 0xFF,
    0x33, 0x3E, 0x5A, 0xFF, 0x34, 0x3F, 0x5B, 0xFF, 0x31, 0x3D, 0x59, 0xFF, 0x2F, 0x3C, 0x56, 0xFF,
    0x2C, 0x3B, 0x55, 0xFF, 0x22, 0x32, 0x49, 0xFF, 0x15, 0x23, 0x3A, 0xFF, 0x0B, 0x17, 0x2F, 0xFF,
    0x04, 0x0E, 0x26, 0xFF, 0x00, 0x0A, 0x22, 0xFF, 0x02, 0x09, 0x22, 0xFF, 0x05, 0x0C, 0x25, 0xFF,
    0x16, 0x1D, 0x36, 0xFF, 0x22, 0x2C, 0x44, 0xFF, 0x2B, 0x35, 0x4D, 0xFF, 0x28, 0x36, 0x4D, 0xFF,
    0x28, 0x36, 0x4D, 0xFF, 0x21, 0x33, 0x4A, 0xFF, 0x21, 0x33, 0x4A, 0xFF, 0x24, 0x39, 0x4F, 0xFF,
    0x25, 0x39, 0x52, 0xFF, 0x26, 0x3A, 0x53, 0xFF, 0x21, 0x35, 0x4E, 0xFF, 0x1E, 0x32, 0x4B, 0xFF,
    0x1F, 0x31, 0x48, 0xFF, 0x18, 0x2A, 0x41, 0xFF, 0x17, 0x29, 0x40, 0xFF, 0x1F, 0x31, 0x48, 0xFF,
    0x25, 0x37, 0x4E, 0xFF, 0x25, 0x37, 0x4E, 0xFF, 0x74, 0x82, 0xCE, 0xFF, 0x72, 0x82, 0xCE, 0xFF,
    0x73, 0x82, 0xCB, 0xFF, 0x72, 0x81, 0xC9, 0xFF, 0x70, 0x7F, 0xC7, 0xFF, 0x6D, 0x7D, 0xC2, 0xFF,
    0x6C, 0x7C, 0xBF, 0xFF, 0x6B, 0x7B, 0xBD, 0xFF, 0x6A, 0x7A, 0xBC, 0xFF, 0x69, 0x7A, 0xB9, 0xFF,
    0x67, 0x78, 0xB7, 0xFF, 0x64, 0x75, 0xB4, 0xFF, 0x61, 0x72, 0xB1, 0xFF, 0x5F, 0x70, 0xAF, 0xFF,
    0x5F, 0x70, 0xAF, 0xFF, 0x5F, 0x70, 0xAF, 0xFF, 0x65, 0x78, 0xB5, 0xFF, 0x63, 0x79, 0xB3, 0xFF,
    0x60, 0x76, 0xB0, 0xFF, 0x59, 0x70, 0xA8, 0xFF, 0x57, 0x6C, 0xA3, 0xFF, 0x51, 0x67, 0x9B, 0xFF,
    0x45, 0x5B, 0x8F, 0xFF, 0x38, 0x4F, 0x81, 0xFF, 0x39, 0x4E, 0x81, 0xFF, 0x39, 0x4F, 0x7F, 0xFF,
    0x37, 0x4D, 0x7D, 0xFF, 0x35, 0x4C, 0x7A, 0xFF, 0x32, 0x49, 0x77, 0xFF, 0x2F, 0x46, 0x74, 0xFF,
    0x2C, 0x42, 0x72, 0xFF, 0x2B, 0x41, 0x71, 0xFF, 0x2B, 0x40, 0x73, 0xFF, 0x39, 0x4E, 0x81, 0xFF,
    0x4C, 0x62, 0x92, 0xFF, 0x5C, 0x72, 0xA2, 0xFF, 0x64, 0x7B, 0xAB, 0xFF, 0x63, 0x7A, 0xAA, 0xFF,
    0x5B, 0x72, 0xA0, 0xFF, 0x52, 0x69, 0x97, 0xFF, 0x45, 0x5C, 0x89, 0xFF, 0x3F, 0x56, 0x83, 0xFF,
    0x3B, 0x50, 0x7D, 0xFF, 0x3B, 0x4E, 0x7B, 0xFF, 0x3A, 0x4B, 0x76, 0xFF, 0x36, 0x47, 0x72, 0xFF,
    0x33, 0x43, 0x6E, 0xFF, 0x30, 0x41, 0x6C, 0xFF, 0x31, 0x45, 0x6E, 0xFF, 0x30, 0x44, 0x6D, 0xFF,
    0x2D, 0x41, 0x6A, 0xFF, 0x2A, 0x3E, 0x67, 0xFF, 0x28, 0x3C, 0x65, 0xFF, 0x29, 0x3D, 0x66, 0xFF,
    0x2C, 0x40, 0x69, 0xFF, 0x2E, 0x42, 0x6B, 0xFF, 0x36, 0x49, 0x6F, 0xFF, 0x38, 0x4B, 0x71, 0xFF,
    0x3A, 0x4D, 0x73, 0xFF, 0x3D, 0x50, 0x76, 0xFF, 0x41, 0x54, 0x7A, 0xFF, 0x46, 0x59, 0x7F, 0xFF,
    0x4C, 0x5F, 0x85, 0xFF, 0x50, 0x63, 0x89, 0xFF, 0x53, 0x65, 0x8A, 0xFF, 0x55, 0x67, 0x8C, 0xFF,
    0x55, 0x67, 0x8C, 0xFF, 0x52, 0x64, 0x89, 0xFF, 0x4C, 0x5E, 0x83, 0xFF, 0x41, 0x53, 0x78, 0xFF,
    0x36, 0x46, 0x6B, 0xFF, 0x2A, 0x3A, 0x5F, 0xFF, 0x28, 0x38, 0x5D, 0xFF, 0x29, 0x39, 0x5E, 0xFF,
    0x2B, 0x3B, 0x60, 0xFF, 0x2D, 0x3D, 0x62, 0xFF, 0x2E, 0x3B, 0x61, 0xFF, 0x2B, 0x38, 0x5E, 0xFF,
    0x25, 0x32, 0x58, 0xFF, 0x1F, 0x2F, 0x54, 0xFF, 0x16, 0x26, 0x4B, 0xFF, 0x15, 0x25, 0x4A, 0xFF,
    0x19, 0x27, 0x4B, 0xFF, 0x21, 0x2F, 0x53, 0xFF, 0x2B, 0x37, 0x5B, 0xFF, 0x2E, 0x3A, 0x5E, 0xFF,
    0x2E, 0x38, 0x5A, 0xFF, 0x2D, 0x37, 0x59, 0xFF, 0x30, 0x39, 0x5A, 0xFF, 0x33, 0x3C, 0x5D, 0xFF,
    0x35, 0x3F, 0x5D, 0xFF, 0x34, 0x3E, 0x5C, 0xFF, 0x35, 0x40, 0x5C, 0xFF, 0x35, 0x40, 0x5C, 0xFF,
    0x33, 0x3F, 0x5B, 0xFF, 0x30, 0x3C, 0x58, 0xFF, 0x2F, 0x3E, 0x58, 0xFF, 0x26, 0x36, 0x4D, 0xFF,
    0x1B, 0x29, 0x40, 0xFF, 0x0F, 0x1D, 0x34, 0xFF, 0x06, 0x12, 0x2A, 0xFF, 0x02, 0x0C, 0x24, 0xFF,
    0x05, 0x0C, 0x25, 0xFF, 0x08, 0x0F, 0x28, 0xFF, 0x1A, 0x21, 0x3A, 0xFF, 0x24, 0x2E, 0x46, 0xFF,
    0x29, 0x35, 0x4D, 0xFF, 0x28, 0x36, 0x4D, 0xFF, 0x27, 0x37, 0x4E, 0xFF, 0x23, 0x35, 0x4C, 0xFF,
    0x23, 0x35, 0x4C, 0xFF, 0x25, 0x3A, 0x50, 0xFF, 0x26, 0x3A, 0x53, 0xFF, 0x23, 0x37, 0x50, 0xFF,
    0x20, 0x34, 0x4D, 0xFF, 0x1F, 0x33, 0x4C, 0xFF, 0x20, 0x32, 0x49, 0xFF, 0x1E, 0x30, 0x47, 0xFF,
    0x24, 0x36, 0x4D, 0xFF, 0x2E, 0x40, 0x57, 0xFF, 0x2A, 0x3C, 0x53, 0xFF, 0x28, 0x3A, 0x51, 0xFF,
    0x73, 0x82, 0xD1, 0xFF, 0x71, 0x82, 0xD1, 0xFF, 0x73, 0x83, 0xD0, 0xFF, 0x72, 0x82, 0xCE, 0xFF,
    0x71, 0x81, 0xCD, 0xFF, 0x6F, 0x80, 0xC9, 0xFF, 0x6F, 0x7E, 0xC6, 0xFF, 0x6E, 0x7E, 0xC3, 0xFF,
    0x6D, 0x7E, 0xC1, 0xFF, 0x6C, 0x7E, 0xBF, 0xFF, 0x6B, 0x7D, 0xBE, 0xFF, 0x67, 0x79, 0xBA, 0xFF,
    0x65, 0x75, 0xB7, 0xFF, 0x61, 0x71, 0xB3, 0xFF, 0x60, 0x70, 0xB2, 0xFF, 0x60, 0x70, 0xB2, 0xFF,
    0x62, 0x74, 0xB3, 0xFF, 0x68, 0x7A, 0xB9, 0xFF, 0x69, 0x7B, 0xBA, 0xFF, 0x64, 0x77, 0xB4, 0xFF,
    0x5C, 0x70, 0xAA, 0xFF, 0x53, 0x67, 0xA0, 0xFF, 0x45, 0x5A, 0x91, 0xFF, 0x3A, 0x50, 0x84, 0xFF,
    0x3A, 0x51, 0x83, 0xFF, 0x39, 0x50, 0x80, 0xFF, 0x38, 0x4E, 0x7E, 0xFF, 0x36, 0x4C, 0x7C, 0xFF,
    0x33, 0x49, 0x79, 0xFF, 0x30, 0x46, 0x76, 0xFF, 0x2D, 0x44, 0x72, 0xFF, 0x2C, 0x42, 0x72, 0xFF,
    0x2B, 0x40, 0x73, 0xFF, 0x39, 0x4E, 0x81, 0xFF, 0x4C, 0x62, 0x92, 0xFF, 0x5C, 0x72, 0xA2, 0xFF,
    0x64, 0x7B, 0xAB, 0xFF, 0x63, 0x7A, 0xAA, 0xFF, 0x5A, 0x72, 0xA0, 0xFF, 0x51, 0x69, 0x97, 0xFF,
    0x45, 0x5C, 0x8A, 0xFF, 0x3F, 0x56, 0x84, 0xFF, 0x3C, 0x51, 0x7E, 0xFF, 0x3A, 0x4F, 0x7C, 0xFF,
    0x3B, 0x4E, 0x7B, 0xFF, 0x37, 0x4A, 0x77, 0xFF, 0x36, 0x47, 0x72, 0xFF, 0x34, 0x45, 0x70, 0xFF,
    0x33, 0x46, 0x71, 0xFF, 0x32, 0x45, 0x70, 0xFF, 0x2F, 0x42, 0x6D, 0xFF, 0x2C, 0x3F, 0x6A, 0xFF,
    0x29, 0x3C, 0x67, 0xFF, 0x29, 0x3C, 0x67, 0xFF, 0x2B, 0x3D, 0x66, 0xFF, 0x2D, 0x3F, 0x68, 0xFF,
    0x32, 0x44, 0x6D, 0xFF, 0x34, 0x46, 0x6F, 0xFF, 0x36, 0x48, 0x71, 0xFF, 0x38, 0x4A, 0x73, 0xFF,
    0x3D, 0x4E, 0x75, 0xFF, 0x43, 0x54, 0x7B, 0xFF, 0x48, 0x59, 0x80, 0xFF, 0x4C, 0x5D, 0x84, 0xFF,
    0x50, 0x62, 0x87, 0xFF, 0x53, 0x65, 0x8A, 0xFF, 0x54, 0x66, 0x8B, 0xFF, 0x52, 0x64, 0x89, 0xFF,
    0x4C, 0x5E, 0x83, 0xFF, 0x42, 0x54, 0x79, 0xFF, 0x33, 0x45, 0x6A, 0xFF, 0x28, 0x3A, 0x5F, 0xFF,
    0x29, 0x39, 0x5E, 0xFF, 0x2A, 0x3A, 0x5F, 0xFF, 0x2D, 0x3D, 0x62, 0xFF, 0x30, 0x40, 0x65, 0xFF,
    0x30, 0x40, 0x65, 0xFF, 0x2E, 0x3E, 0x63, 0xFF, 0x2A, 0x3A, 0x5F, 0xFF, 0x28, 0x38, 0x5D, 0xFF,
    0x1E, 0x2E, 0x53, 0xFF, 0x1A, 0x2C, 0x51, 0xFF, 0x1E, 0x2E, 0x53, 0xFF, 0x25, 0x35, 0x5A, 0xFF,
    0x2D, 0x3B, 0x5F, 0xFF, 0x30, 0x3C, 0x60, 0xFF, 0x31, 0x3B, 0x5D, 0xFF, 0x2F, 0x39, 0x5B, 0xFF,
    0x31, 0x3C, 0x5C, 0xFF, 0x34, 0x3F, 0x5F, 0xFF, 0x36, 0x41, 0x5F, 0xFF, 0x36, 0x41, 0x5F, 0xFF,
    0x36, 0x42, 0x5E, 0xFF, 0x36, 0x42, 0x5E, 0xFF, 0x35, 0x41, 0x5D, 0xFF, 0x32, 0x3E, 0x5A, 0xFF,
    0x2F, 0x3E, 0x58, 0xFF, 0x28, 0x37, 0x51, 0xFF, 0x20, 0x2D, 0x47, 0xFF, 0x15, 0x22, 0x3C, 0xFF,
    0x0C, 0x17, 0x32, 0xFF, 0x06, 0x11, 0x2C, 0xFF, 0x0A, 0x13, 0x2E, 0xFF, 0x0F, 0x18, 0x33, 0xFF,
    0x1E, 0x28, 0x40, 0xFF, 0x28, 0x32, 0x4A, 0xFF, 0x29, 0x35, 0x4D, 0xFF, 0x28, 0x36, 0x4D, 0xFF,
    0x28, 0x38, 0x4F, 0xFF, 0x25, 0x37, 0x4E, 0xFF, 0x24, 0x36, 0x4D, 0xFF, 0x26, 0x3B, 0x51, 0xFF,
    0x26, 0x3A, 0x53, 0xFF, 0x22, 0x36, 0x4F, 0xFF, 0x21, 0x35, 0x4E, 0xFF, 0x23, 0x37, 0x50, 0xFF,
    0x25, 0x37, 0x4E, 0xFF, 0x29, 0x3B, 0x52, 0xFF, 0x33, 0x45, 0x5C, 0xFF, 0x3C, 0x4E, 0x65, 0xFF,
    0x31, 0x43, 0x5A, 0xFF, 0x2D, 0x3F, 0x56, 0xFF, 0x72, 0x84, 0xD7, 0xFF, 0x72, 0x85, 0xD6, 0xFF,
    0x71, 0x84, 0xD5, 0xFF, 0x71, 0x82, 0xD1, 0xFF, 0x70, 0x82, 0xCF, 0xFF, 0x6E, 0x81, 0xCC, 0xFF,
    0x6C, 0x7F, 0xC8, 0xFF, 0x6E, 0x80, 0xC7, 0xFF, 0x6E, 0x81, 0xC5, 0xFF, 0x70, 0x81, 0xC4, 0xFF,
    0x6F, 0x80, 0xC3, 0xFF, 0x6C, 0x7E, 0xBF, 0xFF, 0x69, 0x7B, 0xBC, 0xFF, 0x67, 0x77, 0xB9, 0xFF,
    0x65, 0x75, 0xB7, 0xFF, 0x64, 0x74, 0xB6, 0xFF, 0x64, 0x75, 0xB8, 0xFF, 0x6A, 0x7B, 0xBE, 0xFF,
    0x6E, 0x80, 0xC1, 0xFF, 0x6C, 0x7E, 0xBD, 0xFF, 0x64, 0x77, 0xB4, 0xFF, 0x57, 0x6B, 0xA5, 0xFF,
    0x48, 0x5C, 0x95, 0xFF, 0x3D, 0x52, 0x89, 0xFF, 0x3B, 0x51, 0x85, 0xFF, 0x3A, 0x51, 0x83, 0xFF,
    0x39, 0x4E, 0x81, 0xFF, 0x36, 0x4C, 0x7C, 0xFF, 0x33, 0x49, 0x79, 0xFF, 0x30, 0x46, 0x76, 0xFF,
    0x2D, 0x44, 0x72, 0xFF, 0x2B, 0x42, 0x70, 0xFF, 0x2B, 0x41, 0x71, 0xFF, 0x39, 0x4E, 0x81, 0xFF,
    0x4C, 0x62, 0x92, 0xFF, 0x5C, 0x72, 0xA2, 0xFF, 0x65, 0x7C, 0xAC, 0xFF, 0x65, 0x7C, 0xAC, 0xFF,
    0x5C, 0x74, 0xA2, 0xFF, 0x54, 0x6C, 0x9A, 0xFF, 0x49, 0x60, 0x8E, 0xFF, 0x43, 0x5A, 0x88, 0xFF,
    0x3F, 0x54, 0x81, 0xFF, 0x3D, 0x52, 0x7F, 0xFF, 0x3C, 0x4F, 0x7C, 0xFF, 0x38, 0x4B, 0x78, 0xFF,
    0x36, 0x47, 0x72, 0xFF, 0x34, 0x45, 0x70, 0xFF, 0x32, 0x45, 0x70, 0xFF, 0x32, 0x45, 0x70, 0xFF,
    0x30, 0x43, 0x6E, 0xFF, 0x2F, 0x42, 0x6D, 0xFF, 0x2D, 0x40, 0x6B, 0xFF, 0x2D, 0x40, 0x6B, 0xFF,
    0x30, 0x42, 0x6B, 0xFF, 0x32, 0x44, 0x6D, 0xFF, 0x30, 0x42, 0x6B, 0xFF, 0x31, 0x43, 0x6C, 0xFF,
    0x34, 0x46, 0x6F, 0xFF, 0x37, 0x49, 0x72, 0xFF, 0x3B, 0x4C, 0x73, 0xFF, 0x3F, 0x50, 0x77, 0xFF,
    0x44, 0x55, 0x7C, 0xFF, 0x47, 0x58, 0x7F, 0xFF, 0x4D, 0x5F, 0x84, 0xFF, 0x50, 0x62, 0x87, 0xFF,
    0x52, 0x64, 0x89, 0xFF, 0x51, 0x63, 0x88, 0xFF, 0x4D, 0x5F, 0x84, 0xFF, 0x44, 0x56, 0x7B, 0xFF,
    0x37, 0x49, 0x6E, 0xFF, 0x2D, 0x3F, 0x64, 0xFF, 0x2C, 0x3C, 0x61, 0xFF, 0x2E, 0x3E, 0x63, 0xFF,
    0x30, 0x40, 0x65, 0xFF, 0x32, 0x42, 0x67, 0xFF, 0x34, 0x44, 0x69, 0xFF, 0x33, 0x43, 0x68, 0xFF,
    0x33, 0x43, 0x68, 0xFF, 0x32, 0x42, 0x67, 0xFF, 0x2A, 0x3C, 0x61, 0xFF, 0x29, 0x3B, 0x60, 0xFF,
    0x2C, 0x3C, 0x61, 0xFF, 0x2F, 0x3F, 0x64, 0xFF, 0x33, 0x41, 0x65, 0xFF, 0x32, 0x40, 0x64, 0xFF,
    0x32, 0x3E, 0x60, 0xFF, 0x33, 0x3D, 0x5F, 0xFF, 0x36, 0x41, 0x61, 0xFF, 0x38, 0x43, 0x63, 0xFF,
    0x3A, 0x45, 0x63, 0xFF, 0x3A, 0x45, 0x63, 0xFF, 0x3A, 0x46, 0x62, 0xFF, 0x39, 0x45, 0x61, 0xFF,
    0x37, 0x43, 0x5F, 0xFF, 0x32, 0x40, 0x5C, 0xFF, 0x2F, 0x3E, 0x58, 0xFF, 0x2B, 0x3A, 0x54, 0xFF,
    0x25, 0x32, 0x4C, 0xFF, 0x1C, 0x29, 0x43, 0xFF, 0x13, 0x1E, 0x39, 0xFF, 0x0E, 0x19, 0x34, 0xFF,
    0x14, 0x1D, 0x38, 0xFF, 0x1B, 0x24, 0x3F, 0xFF, 0x25, 0x2F, 0x47, 0xFF, 0x2A, 0x36, 0x4E, 0xFF,
    0x2A, 0x38, 0x4F, 0xFF, 0x28, 0x36, 0x4D, 0xFF, 0x28, 0x38, 0x4F, 0xFF, 0x28, 0x38, 0x4F, 0xFF,
    0x25, 0x37, 0x4E, 0xFF, 0x25, 0x3A, 0x50, 0xFF, 0x28, 0x3C, 0x55, 0xFF, 0x25, 0x39, 0x52, 0xFF,
    0x27, 0x3B, 0x54, 0xFF, 0x28, 0x3C, 0x55, 0xFF, 0x2A, 0x3C, 0x53, 0xFF, 0x34, 0x46, 0x5D, 0xFF,
    0x41, 0x53, 0x6A, 0xFF, 0x47, 0x59, 0x70, 0xFF, 0x32, 0x44, 0x5B, 0xFF, 0x2C, 0x3E, 0x55, 0xFF,
    0x78, 0x8C, 0xE1, 0xFF, 0x76, 0x8B, 0xDD, 0xFF, 0x73, 0x88, 0xDA, 0xFF, 0x72, 0x85, 0xD6, 0xFF,
    0x6E, 0x82, 0xD0, 0xFF, 0x6C, 0x80, 0xCD, 0xFF, 0x6B, 0x7F, 0xCC, 0xFF, 0x6D, 0x80, 0xCB, 0xFF,
    0x6D, 0x80, 0xC9, 0xFF, 0x70, 0x82, 0xC9, 0xFF, 0x70, 0x83, 0xC7, 0xFF, 0x6E, 0x81, 0xC4, 0xFF,
    0x6C, 0x7F, 0xC2, 0xFF, 0x6C, 0x7D, 0xC0, 0xFF, 0x6B, 0x7D, 0xBE, 0xFF, 0x6B, 0x7C, 0xBF, 0xFF,
    0x6A, 0x7A, 0xBF, 0xFF, 0x6B, 0x7A, 0xC2, 0xFF, 0x6F, 0x7F, 0xC4, 0xFF, 0x72, 0x83, 0xC6, 0xFF,
    0x6B, 0x7F, 0xC0, 0xFF, 0x5C, 0x71, 0xAF, 0xFF, 0x4A, 0x60, 0x9A, 0xFF, 0x3F, 0x56, 0x8E, 0xFF,
    0x3B, 0x53, 0x89, 0xFF, 0x3A, 0x52, 0x86, 0xFF, 0x39, 0x50, 0x82, 0xFF, 0x36, 0x4D, 0x7F, 0xFF,
    0x33, 0x49, 0x79, 0xFF, 0x2F, 0x45, 0x75, 0xFF, 0x2E, 0x42, 0x71, 0xFF, 0x2C, 0x40, 0x6F, 0xFF,
    0x2A, 0x40, 0x70, 0xFF, 0x38, 0x4E, 0x7E, 0xFF, 0x4A, 0x61, 0x91, 0xFF, 0x5B, 0x72, 0xA2, 0xFF,
    0x66, 0x7D, 0xAD, 0xFF, 0x68, 0x7F, 0xAF, 0xFF, 0x62, 0x79, 0xA9, 0xFF, 0x5A, 0x71, 0xA1, 0xFF,
    0x52, 0x6A, 0x98, 0xFF, 0x4B, 0x63, 0x91, 0xFF, 0x44, 0x5B, 0x89, 0xFF, 0x40, 0x57, 0x85, 0xFF,
    0x3D, 0x52, 0x7F, 0xFF, 0x37, 0x4C, 0x79, 0xFF, 0x33, 0x46, 0x73, 0xFF, 0x30, 0x43, 0x70, 0xFF,
    0x31, 0x44, 0x71, 0xFF, 0x31, 0x44, 0x71, 0xFF, 0x30, 0x43, 0x6E, 0xFF, 0x2E, 0x41, 0x6C, 0xFF,
    0x2C, 0x3F, 0x6A, 0xFF, 0x2C, 0x3F, 0x6A, 0xFF, 0x2F, 0x40, 0x6B, 0xFF, 0x31, 0x42, 0x6D, 0xFF,
    0x2E, 0x40, 0x69, 0xFF, 0x31, 0x43, 0x6C, 0xFF, 0x34, 0x46, 0x6F, 0xFF, 0x37, 0x49, 0x72, 0xFF,
    0x3A, 0x4A, 0x74, 0xFF, 0x3D, 0x4D, 0x77, 0xFF, 0x40, 0x50, 0x7A, 0xFF, 0x42, 0x53, 0x7A, 0xFF,
    0x49, 0x5C, 0x81, 0xFF, 0x4C, 0x5F, 0x84, 0xFF, 0x4F, 0x62, 0x87, 0xFF, 0x4F, 0x62, 0x87, 0xFF,
    0x4D, 0x60, 0x85, 0xFF, 0x46, 0x59, 0x7E, 0xFF, 0x3D, 0x4F, 0x74, 0xFF, 0x33, 0x45, 0x6A, 0xFF,
    0x2F, 0x41, 0x66, 0xFF, 0x30, 0x42, 0x67, 0xFF, 0x31, 0x43, 0x68, 0xFF, 0x32, 0x44, 0x69, 0xFF,
    0x35, 0x45, 0x6A, 0xFF, 0x36, 0x46, 0x6B, 0xFF, 0x38, 0x48, 0x6D, 0xFF, 0x39, 0x49, 0x6E, 0xFF,
    0x36, 0x48, 0x6D, 0xFF, 0x35, 0x47, 0x6C, 0xFF, 0x36, 0x48, 0x6D, 0xFF, 0x39, 0x49, 0x6E, 0xFF,
    0x3A, 0x48, 0x6C, 0xFF, 0x37, 0x45, 0x69, 0xFF, 0x38, 0x44, 0x66, 0xFF, 0x39, 0x45, 0x67, 0xFF,
    0x3C, 0x47, 0x67, 0xFF, 0x3E, 0x49, 0x69, 0xFF, 0x40, 0x4B, 0x69, 0xFF, 0x3F, 0x4A, 0x68, 0xFF,
    0x3C, 0x4A, 0x67, 0xFF, 0x3B, 0x49, 0x66, 0xFF, 0x38, 0x46, 0x62, 0xFF, 0x35, 0x43, 0x5F, 0xFF,
    0x31, 0x40, 0x5A, 0xFF, 0x2C, 0x3D, 0x57, 0xFF, 0x29, 0x38, 0x52, 0xFF, 0x20, 0x2F, 0x49, 0xFF,
    0x18, 0x25, 0x3F, 0xFF, 0x14, 0x21, 0x3B, 0xFF, 0x1B, 0x26, 0x41, 0xFF, 0x22, 0x2D, 0x48, 0xFF,
    0x28, 0x33, 0x4E, 0xFF, 0x2D, 0x38, 0x53, 0xFF, 0x2B, 0x39, 0x50, 0xFF, 0x28, 0x36, 0x4D, 0xFF,
    0x29, 0x39, 0x50, 0xFF, 0x29, 0x39, 0x50, 0xFF, 0x25, 0x37, 0x4E, 0xFF, 0x27, 0x39, 0x50, 0xFF,
    0x2D, 0x41, 0x5A, 0xFF, 0x2C, 0x40, 0x59, 0xFF, 0x30, 0x44, 0x5D, 0xFF, 0x30, 0x44, 0x5D, 0xFF,
    0x30, 0x42, 0x59, 0xFF, 0x3E, 0x50, 0x67, 0xFF, 0x4D, 0x5F, 0x76, 0xFF, 0x4D, 0x5F, 0x76, 0xFF,
    0x33, 0x45, 0x5C, 0xFF, 0x2C, 0x3E, 0x55, 0xFF, 0x7D, 0x95, 0xE9, 0xFF, 0x7A, 0x92, 0xE6, 0xFF,
    0x77, 0x8D, 0xDF, 0xFF, 0x72, 0x88, 0xDA, 0xFF, 0x6D, 0x84, 0xD4, 0xFF, 0x6B, 0x81, 0xCF, 0xFF,
    0x6A, 0x80, 0xCE, 0xFF, 0x6C, 0x80, 0xCD, 0xFF, 0x6B, 0x80, 0xCB, 0xFF, 0x6E, 0x81, 0xCA, 0xFF,
    0x6E, 0x82, 0xC9, 0xFF, 0x70, 0x83, 0xC7, 0xFF, 0x6F, 0x82, 0xC6, 0xFF, 0x6F, 0x82, 0xC5, 0xFF,
    0x71, 0x82, 0xC5, 0xFF, 0x71, 0x82, 0xC5, 0xFF, 0x70, 0x7F, 0xC8, 0xFF, 0x6D, 0x7C, 0xC5, 0xFF,
    0x6F, 0x7E, 0xC7, 0xFF, 0x73, 0x85, 0xCC, 0xFF, 0x71, 0x84, 0xC7, 0xFF, 0x61, 0x75, 0xB6, 0xFF,
    0x4E, 0x63, 0xA0, 0xFF, 0x42, 0x58, 0x92, 0xFF, 0x3C, 0x53, 0x8B, 0xFF, 0x3B, 0x53, 0x89, 0xFF,
    0x3A, 0x50, 0x84, 0xFF, 0x36, 0x4D, 0x7F, 0xFF, 0x33, 0x49, 0x79, 0xFF, 0x2E, 0x44, 0x74, 0xFF,
    0x2D, 0x41, 0x70, 0xFF, 0x2B, 0x3F, 0x6E, 0xFF, 0x29, 0x3F, 0x6F, 0xFF, 0x37, 0x4D, 0x7D, 0xFF,
    0x49, 0x60, 0x90, 0xFF, 0x5B, 0x72, 0xA2, 0xFF, 0x67, 0x7E, 0xAE, 0xFF, 0x6B, 0x82, 0xB2, 0xFF,
    0x67, 0x7E, 0xAE, 0xFF, 0x60, 0x77, 0xA7, 0xFF, 0x5B, 0x73, 0xA1, 0xFF, 0x53, 0x6B, 0x99, 0xFF,
    0x4C, 0x63, 0x91, 0xFF, 0x45, 0x5C, 0x8A, 0xFF, 0x40, 0x55, 0x82, 0xFF, 0x38, 0x4D, 0x7A, 0xFF,
    0x33, 0x46, 0x73, 0xFF, 0x2F, 0x42, 0x6F, 0xFF, 0x2E, 0x41, 0x6E, 0xFF, 0x2D, 0x40, 0x6D, 0xFF,
    0x2B, 0x3E, 0x69, 0xFF, 0x27, 0x3A, 0x65, 0xFF, 0x24, 0x37, 0x62, 0xFF, 0x22, 0x35, 0x60, 0xFF,
    0x25, 0x36, 0x61, 0xFF, 0x25, 0x36, 0x61, 0xFF, 0x2E, 0x3F, 0x6A, 0xFF, 0x30, 0x42, 0x6B, 0xFF,
    0x34, 0x46, 0x6F, 0xFF, 0x37, 0x49, 0x72, 0xFF, 0x3A, 0x4A, 0x74, 0xFF, 0x3C, 0x4C, 0x76, 0xFF,
    0x3D, 0x4D, 0x77, 0xFF, 0x3D, 0x4F, 0x78, 0xFF, 0x47, 0x5A, 0x80, 0xFF, 0x4B, 0x5E, 0x83, 0xFF,
    0x4E, 0x61, 0x86, 0xFF, 0x4F, 0x62, 0x87, 0xFF, 0x4D, 0x60, 0x85, 0xFF, 0x49, 0x5C, 0x81, 0xFF,
    0x40, 0x52, 0x77, 0xFF, 0x38, 0x4A, 0x6F, 0xFF, 0x33, 0x45, 0x6A, 0xFF, 0x33, 0x45, 0x6A, 0xFF,
    0x33, 0x45, 0x6A, 0xFF, 0x32, 0x44, 0x69, 0xFF, 0x35, 0x45, 0x6A, 0xFF, 0x37, 0x47, 0x6C, 0xFF,
    0x3A, 0x4A, 0x6F, 0xFF, 0x3A, 0x4C, 0x71, 0xFF, 0x3A, 0x4C, 0x71, 0xFF, 0x3A, 0x4C, 0x71, 0xFF,
    0x3B, 0x4D, 0x72, 0xFF, 0x3C, 0x4E, 0x73, 0xFF, 0x3D, 0x4D, 0x71, 0xFF, 0x3C, 0x4A, 0x6E, 0xFF,
    0x3E, 0x4A, 0x6E, 0xFF, 0x41, 0x4D, 0x6F, 0xFF, 0x40, 0x4A, 0x6C, 0xFF, 0x43, 0x4E, 0x6E, 0xFF,
    0x44, 0x4F, 0x6F, 0xFF, 0x43, 0x4E, 0x6C, 0xFF, 0x3F, 0x4D, 0x6A, 0xFF, 0x3E, 0x4C, 0x69, 0xFF,
    0x3A, 0x48, 0x64, 0xFF, 0x37, 0x45, 0x61, 0xFF, 0x31, 0x42, 0x5D, 0xFF, 0x2F, 0x40, 0x5A, 0xFF,
    0x2D, 0x3C, 0x56, 0xFF, 0x25, 0x34, 0x4E, 0xFF, 0x1D, 0x2A, 0x44, 0xFF, 0x19, 0x26, 0x40, 0xFF,
    0x1E, 0x2B, 0x45, 0xFF, 0x27, 0x34, 0x4E, 0xFF, 0x2B, 0x36, 0x51, 0xFF, 0x2E, 0x3B, 0x55, 0xFF,
    0x2B, 0x39, 0x50, 0xFF, 0x28, 0x36, 0x4D, 0xFF, 0x29, 0x39, 0x50, 0xFF, 0x29, 0x39, 0x50, 0xFF,
    0x25, 0x37, 0x4E, 0xFF, 0x26, 0x38, 0x4F, 0xFF, 0x32, 0x46, 0x5F, 0xFF, 0x33, 0x47, 0x60, 0xFF,
    0x39, 0x4D, 0x66, 0xFF, 0x36, 0x4A, 0x63, 0xFF, 0x36, 0x48, 0x5F, 0xFF, 0x45, 0x57, 0x6E, 0xFF,
    0x53, 0x65, 0x7C, 0xFF, 0x50, 0x62, 0x79, 0xFF, 0x39, 0x4B, 0x62, 0xFF, 0x31, 0x43, 0x5A, 0xFF,
    0x7D, 0x98, 0xE9, 0xFF, 0x7B, 0x96, 0xE7, 0xFF, 0x7A, 0x92, 0xE4, 0xFF, 0x77, 0x8F, 0xE1, 0xFF,
    0x74, 0x8D, 0xDD, 0xFF, 0x71, 0x88, 0xD6, 0xFF, 0x6C, 0x83, 0xD1, 0xFF, 0x6A, 0x81, 0xCD, 0xFF,
    0x6A, 0x81, 0xCD, 0xFF, 0x6C, 0x81, 0xCC, 0xFF, 0x6D, 0x83, 0xCB, 0xFF, 0x71, 0x85, 0xCC, 0xFF,
    0x72, 0x86, 0xCD, 0xFF, 0x73, 0x88, 0xCC, 0xFF, 0x75, 0x88, 0xCC, 0xFF, 0x74, 0x87, 0xCB, 0xFF,
    0x72, 0x82, 0xCE, 0xFF, 0x6F, 0x7F, 0xCB, 0xFF, 0x70, 0x80, 0xCC, 0xFF, 0x73, 0x84, 0xCD, 0xFF,
    0x75, 0x88, 0xCC, 0xFF, 0x71, 0x87, 0xC9, 0xFF, 0x5E, 0x75, 0xB3, 0xFF, 0x44, 0x5C, 0x98, 0xFF,
    0x3C, 0x55, 0x8D, 0xFF, 0x3A, 0x54, 0x8A, 0xFF, 0x37, 0x4F, 0x83, 0xFF, 0x33, 0x4C, 0x7E, 0xFF,
    0x33, 0x4A, 0x7A, 0xFF, 0x32, 0x49, 0x79, 0xFF, 0x2F, 0x45, 0x75, 0xFF, 0x29, 0x3F, 0x6F, 0xFF,
    0x28, 0x3E, 0x6E, 0xFF, 0x32, 0x48, 0x78, 0xFF, 0x48, 0x5F, 0x8F, 0xFF, 0x60, 0x77, 0xA7, 0xFF,
    0x6B, 0x85, 0xB4, 0xFF, 0x6B, 0x85, 0xB4, 0xFF, 0x69, 0x83, 0xB2, 0xFF, 0x6A, 0x84, 0xB3, 0xFF,
    0x5F, 0x79, 0xA8, 0xFF, 0x59, 0x73, 0xA2, 0xFF, 0x51, 0x69, 0x97, 0xFF, 0x46, 0x5E, 0x8C, 0xFF,
    0x3C, 0x53, 0x81, 0xFF, 0x33, 0x4A, 0x78, 0xFF, 0x2E, 0x42, 0x71, 0xFF, 0x2A, 0x3E, 0x6D, 0xFF,
    0x27, 0x3C, 0x69, 0xFF, 0x25, 0x3A, 0x67, 0xFF, 0x24, 0x39, 0x66, 0xFF, 0x20, 0x35, 0x62, 0xFF,
    0x1A, 0x2D, 0x5A, 0xFF, 0x13, 0x26, 0x53, 0xFF, 0x18, 0x2B, 0x58, 0xFF, 0x22, 0x35, 0x60, 0xFF,
    0x30, 0x43, 0x6E, 0xFF, 0x31, 0x44, 0x6F, 0xFF, 0x34, 0x45, 0x70, 0xFF, 0x36, 0x47, 0x72, 0xFF,
    0x38, 0x49, 0x74, 0xFF, 0x39, 0x4A, 0x75, 0xFF, 0x3B, 0x4D, 0x76, 0xFF, 0x3B, 0x4D, 0x76, 0xFF,
    0x45, 0x58, 0x7E, 0xFF, 0x48, 0x5D, 0x83, 0xFF, 0x4D, 0x62, 0x88, 0xFF, 0x4E, 0x63, 0x89, 0xFF,
    0x4F, 0x62, 0x88, 0xFF, 0x4B, 0x5E, 0x84, 0xFF, 0x44, 0x57, 0x7D, 0xFF, 0x3E, 0x51, 0x77, 0xFF,
    0x36, 0x49, 0x6F, 0xFF, 0x33, 0x46, 0x6C, 0xFF, 0x31, 0x42, 0x69, 0xFF, 0x32, 0x43, 0x6A, 0xFF,
    0x33, 0x44, 0x6B, 0xFF, 0x35, 0x46, 0x6D, 0xFF, 0x37, 0x48, 0x6F, 0xFF, 0x3A, 0x4B, 0x72, 0xFF,
    0x38, 0x49, 0x70, 0xFF, 0x39, 0x4C, 0x72, 0xFF, 0x3B, 0x4D, 0x72, 0xFF, 0x3C, 0x4E, 0x73, 0xFF,
    0x3E, 0x4E, 0x73, 0xFF, 0x3E, 0x4E, 0x72, 0xFF, 0x40, 0x4E, 0x72, 0xFF, 0x41, 0x50, 0x71, 0xFF,
    0x43, 0x4F, 0x71, 0xFF, 0x43, 0x50, 0x70, 0xFF, 0x42, 0x4F, 0x6F, 0xFF, 0x42, 0x4F, 0x6F, 0xFF,
    0x41, 0x4F, 0x6C, 0xFF, 0x40, 0x4E, 0x6B, 0xFF, 0x3D, 0x4D, 0x6A, 0xFF, 0x3D, 0x4E, 0x69, 0xFF,
    0x35, 0x46, 0x61, 0xFF, 0x32, 0x43, 0x5E, 0xFF, 0x2D, 0x3E, 0x59, 0xFF, 0x28, 0x39, 0x54, 0xFF,
    0x26, 0x34, 0x50, 0xFF, 0x25, 0x33, 0x4F, 0xFF, 0x26, 0x35, 0x4F, 0xFF, 0x27, 0x36, 0x50, 0xFF,
    0x2E, 0x3B, 0x55, 0xFF, 0x2D, 0x3C, 0x56, 0xFF, 0x2C, 0x3B, 0x55, 0xFF, 0x2B, 0x3A, 0x54, 0xFF,
    0x2B, 0x3B, 0x52, 0xFF, 0x2D, 0x3D, 0x54, 0xFF, 0x2F, 0x41, 0x58, 0xFF, 0x33, 0x45, 0x5C, 0xFF,
    0x38, 0x4A, 0x61, 0xFF, 0x44, 0x56, 0x6D, 0xFF, 0x3E, 0x50, 0x67, 0xFF, 0x31, 0x43, 0x5A, 0xFF,
    0x3C, 0x50, 0x69, 0xFF, 0x52, 0x66, 0x7F, 0xFF, 0x50, 0x64, 0x7D, 0xFF, 0x40, 0x54, 0x6D, 0xFF,
    0x2C, 0x40, 0x59, 0xFF, 0x2C, 0x40, 0x59, 0xFF, 0x7D, 0x9B, 0xEA, 0xFF, 0x7B, 0x99, 0xE8, 0xFF,
    0x78, 0x96, 0xE5, 0xFF, 0x75, 0x93, 0xE2, 0xFF, 0x74, 0x8F, 0xDF, 0xFF, 0x73, 0x8D, 0xDA, 0xFF,
    0x6F, 0x89, 0xD6, 0xFF, 0x6F, 0x86, 0xD4, 0xFF, 0x6E, 0x86, 0xD2, 0xFF, 0x6E, 0x85, 0xD1, 0xFF,
    0x6D, 0x84, 0xCF, 0xFF, 0x6F, 0x85, 0xCD, 0xFF, 0x72, 0x85, 0xCE, 0xFF, 0x72, 0x86, 0xCD, 0xFF,
    0x74, 0x86, 0xCD, 0xFF, 0x74, 0x85, 0xCE, 0xFF, 0x72, 0x82, 0xCE, 0xFF, 0x70, 0x80, 0xCD, 0xFF,
    0x71, 0x81, 0xCD, 0xFF, 0x6E, 0x81, 0xCA, 0xFF, 0x70, 0x84, 0xCB, 0xFF, 0x77, 0x8F, 0xD1, 0xFF,
    0x6B, 0x84, 0xC4, 0xFF, 0x4E, 0x68, 0xA4, 0xFF, 0x3C, 0x57, 0x90, 0xFF, 0x39, 0x53, 0x89, 0xFF,
    0x32, 0x4C, 0x82, 0xFF, 0x30, 0x48, 0x7C, 0xFF, 0x2D, 0x46, 0x78, 0xFF, 0x2C, 0x43, 0x73, 0xFF,
    0x2A, 0x40, 0x70, 0xFF, 0x28, 0x3E, 0x6E, 0xFF, 0x28, 0x3E, 0x6E, 0xFF, 0x33, 0x49, 0x79, 0xFF,
    0x47, 0x5E, 0x8E, 0xFF, 0x60, 0x77, 0xA7, 0xFF, 0x6C, 0x86, 0xB5, 0xFF, 0x6D, 0x87, 0xB6, 0xFF,
    0x6B, 0x85, 0xB4, 0xFF, 0x6B, 0x85, 0xB4, 0xFF, 0x61, 0x7B, 0xAA, 0xFF, 0x5A, 0x74, 0xA3, 0xFF,
    0x51, 0x69, 0x97, 0xFF, 0x45, 0x5D, 0x8B, 0xFF, 0x3C, 0x53, 0x81, 0xFF, 0x33, 0x4A, 0x78, 0xFF,
    0x2F, 0x43, 0x72, 0xFF, 0x2B, 0x3F, 0x6E, 0xFF, 0x2B, 0x3F, 0x6E, 0xFF, 0x2A, 0x3F, 0x6C, 0xFF,
    0x29, 0x3E, 0x6B, 0xFF, 0x21, 0x36, 0x63, 0xFF, 0x13, 0x28, 0x55, 0xFF, 0x0A, 0x1D, 0x4A, 0xFF,
    0x0E, 0x21, 0x4E, 0xFF, 0x19, 0x2C, 0x59, 0xFF, 0x30, 0x43, 0x6E, 0xFF, 0x30, 0x43, 0x6E, 0xFF,
    0x32, 0x45, 0x70, 0xFF, 0x36, 0x47, 0x72, 0xFF, 0x38, 0x49, 0x74, 0xFF, 0x3A, 0x4B, 0x76, 0xFF,
    0x3B, 0x4D, 0x76, 0xFF, 0x3C, 0x4E, 0x77, 0xFF, 0x42, 0x56, 0x7F, 0xFF, 0x48, 0x5D, 0x83, 0xFF,
    0x4D, 0x62, 0x88, 0xFF, 0x4F, 0x64, 0x8A, 0xFF, 0x50, 0x63, 0x89, 0xFF, 0x4D, 0x60, 0x86, 0xFF,
    0x46, 0x59, 0x7F, 0xFF, 0x40, 0x53, 0x79, 0xFF, 0x39, 0x4C, 0x72, 0xFF, 0x35, 0x48, 0x6E, 0xFF,
    0x33, 0x44, 0x6B, 0xFF, 0x33, 0x44, 0x6B, 0xFF, 0x34, 0x45, 0x6C, 0xFF, 0x35, 0x46, 0x6D, 0xFF,
    0x37, 0x48, 0x6F, 0xFF, 0x38, 0x4B, 0x71, 0xFF, 0x3A, 0x4D, 0x73, 0xFF, 0x3B, 0x4E, 0x74, 0xFF,
    0x3E, 0x50, 0x75, 0xFF, 0x3F, 0x51, 0x76, 0xFF, 0x40, 0x50, 0x75, 0xFF, 0x40, 0x50, 0x75, 0xFF,
    0x42, 0x50, 0x74, 0xFF, 0x43, 0x51, 0x75, 0xFF, 0x45, 0x51, 0x73, 0xFF, 0x45, 0x51, 0x73, 0xFF,
    0x44, 0x51, 0x71, 0xFF, 0x44, 0x51, 0x71, 0xFF, 0x43, 0x51, 0x6E, 0xFF, 0x41, 0x4F, 0x6C, 0xFF,
    0x3E, 0x4E, 0x6B, 0xFF, 0x3E, 0x4E, 0x6B, 0xFF, 0x38, 0x49, 0x64, 0xFF, 0x35, 0x46, 0x61, 0xFF,
    0x30, 0x41, 0x5C, 0xFF, 0x2B, 0x3C, 0x57, 0xFF, 0x29, 0x37, 0x53, 0xFF, 0x27, 0x35, 0x51, 0xFF,
    0x28, 0x37, 0x51, 0xFF, 0x29, 0x38, 0x52, 0xFF, 0x2D, 0x3C, 0x56, 0xFF, 0x2E, 0x3D, 0x57, 0xFF,
    0x2E, 0x3D, 0x57, 0xFF, 0x2D, 0x3C, 0x56, 0xFF, 0x2B, 0x3B, 0x52, 0xFF, 0x2C, 0x3C, 0x53, 0xFF,
    0x2F, 0x41, 0x58, 0xFF, 0x33, 0x45, 0x5C, 0xFF, 0x3A, 0x4C, 0x63, 0xFF, 0x45, 0x57, 0x6E, 0xFF,
    0x3E, 0x50, 0x67, 0xFF, 0x2F, 0x41, 0x58, 0xFF, 0x35, 0x49, 0x62, 0xFF, 0x47, 0x5B, 0x74, 0xFF,
    0x45, 0x59, 0x72, 0xFF, 0x37, 0x4B, 0x64, 0xFF, 0x2C, 0x40, 0x59, 0xFF, 0x2C, 0x40, 0x59, 0xFF,
    0x82, 0xA2, 0xED, 0xFF, 0x7F, 0x9F, 0xEA, 0xFF, 0x7B, 0x9B, 0xE7, 0xFF, 0x78, 0x98, 0xE4, 0xFF,
    0x76, 0x94, 0xE1, 0xFF, 0x74, 0x92, 0xDF, 0xFF, 0x74, 0x90, 0xDD, 0xFF, 0x74, 0x8E, 0xDB, 0xFF,
    0x72, 0x8C, 0xD9, 0xFF, 0x71, 0x89, 0xD5, 0xFF, 0x6F, 0x86, 0xD2, 0xFF, 0x6D, 0x84, 0xCF, 0xFF,
    0x6F, 0x84, 0xCF, 0xFF, 0x70, 0x86, 0xCE, 0xFF, 0x72, 0x85, 0xCE, 0xFF, 0x72, 0x85, 0xD0, 0xFF,
    0x72, 0x84, 0xD1, 0xFF, 0x70, 0x82, 0xCF, 0xFF, 0x71, 0x84, 0xCF, 0xFF, 0x69, 0x7F, 0xC7, 0xFF,
    0x68, 0x7E, 0xC5, 0xFF, 0x7A, 0x94, 0xD7, 0xFF, 0x7B, 0x96, 0xD6, 0xFF, 0x5F, 0x7B, 0xB7, 0xFF,
    0x43, 0x60, 0x99, 0xFF, 0x3A, 0x56, 0x8C, 0xFF, 0x2F, 0x4B, 0x81, 0xFF, 0x2C, 0x47, 0x7A, 0xFF,
    0x2A, 0x43, 0x75, 0xFF, 0x26, 0x3F, 0x71, 0xFF, 0x28, 0x3F, 0x71, 0xFF, 0x29, 0x40, 0x72, 0xFF,
    0x29, 0x40, 0x70, 0xFF, 0x32, 0x49, 0x79, 0xFF, 0x46, 0x5D, 0x8D, 0xFF, 0x5E, 0x75, 0xA5, 0xFF,
    0x6D, 0x87, 0xB6, 0xFF, 0x70, 0x8A, 0xB9, 0xFF, 0x6D, 0x89, 0xB8, 0xFF, 0x6C, 0x88, 0xB7, 0xFF,
    0x64, 0x7E, 0xAD, 0xFF, 0x5C, 0x76, 0xA5, 0xFF, 0x50, 0x6A, 0x99, 0xFF, 0x43, 0x5D, 0x8C, 0xFF,
    0x3A, 0x51, 0x81, 0xFF, 0x32, 0x49, 0x79, 0xFF, 0x2E, 0x44, 0x74, 0xFF, 0x2C, 0x43, 0x71, 0xFF,
    0x2E, 0x45, 0x73, 0xFF, 0x2F, 0x46, 0x74, 0xFF, 0x2E, 0x45, 0x73, 0xFF, 0x25, 0x3C, 0x6A, 0xFF,
    0x13, 0x2A, 0x57, 0xFF, 0x09, 0x1E, 0x4B, 0xFF, 0x0D, 0x22, 0x4F, 0xFF, 0x18, 0x2D, 0x5A, 0xFF,
    0x2D, 0x42, 0x6F, 0xFF, 0x2E, 0x43, 0x70, 0xFF, 0x2F, 0x45, 0x6F, 0xFF, 0x34, 0x47, 0x72, 0xFF,
    0x36, 0x49, 0x74, 0xFF, 0x38, 0x4B, 0x76, 0xFF, 0x3A, 0x4D, 0x78, 0xFF, 0x3B, 0x4F, 0x78, 0xFF,
    0x42, 0x56, 0x7F, 0xFF, 0x48, 0x5C, 0x85, 0xFF, 0x4E, 0x62, 0x8B, 0xFF, 0x50, 0x64, 0x8D, 0xFF,
    0x50, 0x64, 0x8D, 0xFF, 0x4E, 0x62, 0x8B, 0xFF, 0x48, 0x5C, 0x85, 0xFF, 0x42, 0x56, 0x7F, 0xFF,
    0x3C, 0x4E, 0x77, 0xFF, 0x38, 0x4A, 0x73, 0xFF, 0x34, 0x46, 0x6F, 0xFF, 0x33, 0x45, 0x6E, 0xFF,
    0x33, 0x45, 0x6E, 0xFF, 0x34, 0x46, 0x6F, 0xFF, 0x36, 0x48, 0x71, 0xFF, 0x38, 0x4A, 0x73, 0xFF,
    0x3E, 0x51, 0x77, 0xFF, 0x3D, 0x52, 0x78, 0xFF, 0x41, 0x54, 0x7A, 0xFF, 0x41, 0x54, 0x7A, 0xFF,
    0x42, 0x54, 0x79, 0xFF, 0x43, 0x53, 0x78, 0xFF, 0x45, 0x53, 0x77, 0xFF, 0x45, 0x53, 0x77, 0xFF,
    0x46, 0x55, 0x76, 0xFF, 0x46, 0x55, 0x76, 0xFF, 0x45, 0x54, 0x74, 0xFF, 0x44, 0x53, 0x73, 0xFF,
    0x43, 0x53, 0x70, 0xFF, 0x41, 0x51, 0x6E, 0xFF, 0x40, 0x50, 0x6D, 0xFF, 0x3F, 0x4F, 0x6C, 0xFF,
    0x39, 0x4B, 0x68, 0xFF, 0x36, 0x48, 0x65, 0xFF, 0x32, 0x44, 0x61, 0xFF, 0x2C, 0x3E, 0x5B, 0xFF,
    0x2A, 0x3B, 0x56, 0xFF, 0x28, 0x39, 0x54, 0xFF, 0x29, 0x3A, 0x55, 0xFF, 0x2A, 0x3B, 0x56, 0xFF,
    0x2B, 0x3C, 0x56, 0xFF, 0x2D, 0x3E, 0x58, 0xFF, 0x2E, 0x3F, 0x59, 0xFF, 0x2B, 0x3C, 0x56, 0xFF,
    0x2A, 0x3A, 0x51, 0xFF, 0x2A, 0x3A, 0x51, 0xFF, 0x2F, 0x3F, 0x56, 0xFF, 0x34, 0x44, 0x5B, 0xFF,
    0x3C, 0x4E, 0x65, 0xFF, 0x46, 0x58, 0x6F, 0xFF, 0x3E, 0x50, 0x67, 0xFF, 0x2F, 0x41, 0x58, 0xFF,
    0x30, 0x44, 0x5D, 0xFF, 0x3B, 0x4F, 0x68, 0xFF, 0x38, 0x4C, 0x65, 0xFF, 0x2E, 0x42, 0x5B, 0xFF,
    0x2A, 0x3E, 0x57, 0xFF, 0x2B, 0x3F, 0x58, 0xFF, 0x87, 0xAE, 0xF3, 0xFF, 0x83, 0xAA, 0xEF, 0xFF,
    0x7E, 0xA4, 0xEC, 0xFF, 0x7B, 0x9E, 0xE7, 0xFF, 0x77, 0x9A, 0xE3, 0xFF, 0x77, 0x97, 0xE2, 0xFF,
    0x76, 0x95, 0xE0, 0xFF, 0x77, 0x93, 0xE0, 0xFF, 0x73, 0x8F, 0xDC, 0xFF, 0x72, 0x8C, 0xD9, 0xFF,
    0x6F, 0x87, 0xD3, 0xFF, 0x6D, 0x84, 0xD0, 0xFF, 0x6E, 0x82, 0xCF, 0xFF, 0x6F, 0x84, 0xCF, 0xFF,
    0x73, 0x85, 0xD2, 0xFF, 0x73, 0x85, 0xD2, 0xFF, 0x75, 0x86, 0xD5, 0xFF, 0x6E, 0x82, 0xCF, 0xFF,
    0x70, 0x84, 0xD1, 0xFF, 0x67, 0x7F, 0xC7, 0xFF, 0x62, 0x7B, 0xC1, 0xFF, 0x75, 0x90, 0xD3, 0xFF,
    0x82, 0x9E, 0xDE, 0xFF, 0x73, 0x91, 0xCC, 0xFF, 0x52, 0x70, 0xA9, 0xFF, 0x40, 0x5E, 0x95, 0xFF,
    0x2D, 0x4C, 0x81, 0xFF, 0x29, 0x46, 0x79, 0xFF, 0x2A, 0x45, 0x78, 0xFF, 0x29, 0x42, 0x74, 0xFF,
    0x2B, 0x42, 0x74, 0xFF, 0x2E, 0x45, 0x77, 0xFF, 0x2B, 0x42, 0x72, 0xFF, 0x32, 0x49, 0x79, 0xFF,
    0x43, 0x5A, 0x8A, 0xFF, 0x5B, 0x72, 0xA2, 0xFF, 0x6C, 0x86, 0xB5, 0xFF, 0x73, 0x8D, 0xBC, 0xFF,
    0x70, 0x8C, 0xBB, 0xFF, 0x6E, 0x8A, 0xB9, 0xFF, 0x66, 0x80, 0xAF, 0xFF, 0x5E, 0x78, 0xA7, 0xFF,
    0x50, 0x6A, 0x99, 0xFF, 0x43, 0x5D, 0x8C, 0xFF, 0x3A, 0x51, 0x81, 0xFF, 0x33, 0x4A, 0x7A, 0xFF,
    0x31, 0x47, 0x77, 0xFF, 0x2F, 0x45, 0x75, 0xFF, 0x32, 0x49, 0x77, 0xFF, 0x34, 0x4B, 0x79, 0xFF,
    0x34, 0x4B, 0x79, 0xFF, 0x2D, 0x44, 0x72, 0xFF, 0x1F, 0x36, 0x63, 0xFF, 0x17, 0x2E, 0x5B, 0xFF,
    0x1B, 0x32, 0x5F, 0xFF, 0x26, 0x3B, 0x68, 0xFF, 0x2C, 0x41, 0x6E, 0xFF, 0x2D, 0x42, 0x6F, 0xFF,
    0x2F, 0x45, 0x6F, 0xFF, 0x32, 0x48, 0x72, 0xFF, 0x35, 0x4B, 0x75, 0xFF, 0x37, 0x4D, 0x77, 0xFF,
    0x3B, 0x4E, 0x79, 0xFF, 0x3C, 0x4F, 0x7A, 0xFF, 0x42, 0x55, 0x80, 0xFF, 0x47, 0x5B, 0x84, 0xFF,
    0x4E, 0x62, 0x8B, 0xFF, 0x51, 0x65, 0x8E, 0xFF, 0x52, 0x66, 0x8F, 0xFF, 0x50, 0x64, 0x8D, 0xFF,
    0x4B, 0x5F, 0x88, 0xFF, 0x46, 0x5A, 0x83, 0xFF, 0x3D, 0x4F, 0x78, 0xFF, 0x38, 0x4A, 0x73, 0xFF,
    0x34, 0x46, 0x6F, 0xFF, 0x33, 0x45, 0x6E, 0xFF, 0x34, 0x46, 0x6F, 0xFF, 0x34, 0x46, 0x6F, 0xFF,
    0x36, 0x48, 0x71, 0xFF, 0x39, 0x4B, 0x74, 0xFF, 0x3D, 0x52, 0x78, 0xFF, 0x3F, 0x54, 0x7A, 0xFF,
    0x42, 0x55, 0x7B, 0xFF, 0x43, 0x56, 0x7C, 0xFF, 0x44, 0x56, 0x7B, 0xFF, 0x43, 0x55, 0x7A, 0xFF,
    0x45, 0x55, 0x79, 0xFF, 0x47, 0x55, 0x79, 0xFF, 0x47, 0x56, 0x77, 0xFF, 0x47, 0x56, 0x77, 0xFF,
    0x46, 0x55, 0x75, 0xFF, 0x45, 0x54, 0x74, 0xFF, 0x44, 0x54, 0x71, 0xFF, 0x42, 0x52, 0x6F, 0xFF,
    0x40, 0x50, 0x6D, 0xFF, 0x3F, 0x4F, 0x6C, 0xFF, 0x3B, 0x4D, 0x6A, 0xFF, 0x38, 0x4A, 0x67, 0xFF,
    0x33, 0x45, 0x62, 0xFF, 0x2D, 0x3F, 0x5C, 0xFF, 0x2B, 0x3C, 0x57, 0xFF, 0x29, 0x3A, 0x55, 0xFF,
    0x2A, 0x3B, 0x56, 0xFF, 0x2B, 0x3C, 0x57, 0xFF, 0x2B, 0x3C, 0x56, 0xFF, 0x2E, 0x3F, 0x59, 0xFF,
    0x2F, 0x40, 0x5A, 0xFF, 0x2B, 0x3C, 0x56, 0xFF, 0x28, 0x38, 0x4F, 0xFF, 0x27, 0x37, 0x4E, 0xFF,
    0x2C, 0x3C, 0x53, 0xFF, 0x31, 0x41, 0x58, 0xFF, 0x3B, 0x4D, 0x64, 0xFF, 0x43, 0x55, 0x6C, 0xFF,
    0x3D, 0x4F, 0x66, 0xFF, 0x31, 0x43, 0x5A, 0xFF, 0x31, 0x45, 0x5E, 0xFF, 0x36, 0x4A, 0x63, 0xFF,
    0x30, 0x44, 0x5D, 0xFF, 0x28, 0x3C, 0x55, 0xFF, 0x29, 0x3D, 0x56, 0xFF, 0x29, 0x3D, 0x56, 0xFF,
    0x8E, 0xB9, 0xF8, 0xFF, 0x8A, 0xB5, 0xF4, 0xFF, 0x83, 0xAD, 0xEE, 0xFF, 0x7F, 0xA6, 0xEA, 0xFF,
    0x7A, 0xA1, 0xE5, 0xFF, 0x79, 0x9D, 0xE3, 0xFF, 0x78, 0x98, 0xE3, 0xFF, 0x77, 0x96, 0xE1, 0xFF,
    0x76, 0x92, 0xDF, 0xFF, 0x74, 0x8E, 0xDB, 0xFF, 0x71, 0x88, 0xD6, 0xFF, 0x6D, 0x84, 0xD2, 0xFF,
    0x6D, 0x83, 0xD1, 0xFF, 0x6E, 0x85, 0xD1, 0xFF, 0x71, 0x85, 0xD3, 0xFF, 0x72, 0x86, 0xD4, 0xFF,
    0x73, 0x87, 0xD5, 0xFF, 0x6B, 0x7F, 0xCC, 0xFF, 0x6E, 0x82, 0xCF, 0xFF, 0x6A, 0x82, 0xCA, 0xFF,
    0x60, 0x7A, 0xC0, 0xFF, 0x6A, 0x88, 0xC9, 0xFF, 0x7F, 0x9E, 0xDD, 0xFF, 0x84, 0xA4, 0xDF, 0xFF,
    0x63, 0x84, 0xBC, 0xFF, 0x4A, 0x69, 0xA0, 0xFF, 0x2F, 0x4F, 0x84, 0xFF, 0x26, 0x45, 0x78, 0xFF,
    0x2A, 0x45, 0x78, 0xFF, 0x2A, 0x45, 0x78, 0xFF, 0x2C, 0x45, 0x77, 0xFF, 0x2D, 0x46, 0x78, 0xFF,
    0x2E, 0x45, 0x75, 0xFF, 0x32, 0x49, 0x79, 0xFF, 0x3F, 0x56, 0x86, 0xFF, 0x55, 0x6C, 0x9C, 0xFF,
    0x68, 0x82, 0xB1, 0xFF, 0x73, 0x8D, 0xBC, 0xFF, 0x72, 0x8E, 0xBD, 0xFF, 0x70, 0x8C, 0xBB, 0xFF,
    0x65, 0x81, 0xB0, 0xFF, 0x5D, 0x79, 0xA8, 0xFF, 0x51, 0x6B, 0x9A, 0xFF, 0x44, 0x5E, 0x8D, 0xFF,
    0x3B, 0x55, 0x84, 0xFF, 0x35, 0x4F, 0x7E, 0xFF, 0x34, 0x4B, 0x7B, 0xFF, 0x33, 0x4A, 0x7A, 0xFF,
    0x34, 0x4C, 0x7A, 0xFF, 0x35, 0x4D, 0x7B, 0xFF, 0x35, 0x4D, 0x7B, 0xFF, 0x31, 0x49, 0x77, 0xFF,
    0x2A, 0x42, 0x70, 0xFF, 0x26, 0x3E, 0x6C, 0xFF, 0x28, 0x40, 0x6E, 0xFF, 0x2E, 0x45, 0x73, 0xFF,
    0x2C, 0x43, 0x70, 0xFF, 0x2D, 0x44, 0x71, 0xFF, 0x2F, 0x46, 0x73, 0xFF, 0x31, 0x48, 0x75, 0xFF,
    0x34, 0x4B, 0x78, 0xFF, 0x37, 0x4E, 0x7B, 0xFF, 0x3B, 0x50, 0x7D, 0xFF, 0x3C, 0x52, 0x7C, 0xFF,
    0x40, 0x56, 0x80, 0xFF, 0x46, 0x5C, 0x86, 0xFF, 0x4B, 0x61, 0x8B, 0xFF, 0x4E, 0x64, 0x8E, 0xFF,
    0x52, 0x65, 0x90, 0xFF, 0x51, 0x64, 0x8F, 0xFF, 0x4E, 0x61, 0x8C, 0xFF, 0x49, 0x5C, 0x87, 0xFF,
    0x3C, 0x4F, 0x7A, 0xFF, 0x37, 0x4A, 0x75, 0xFF, 0x34, 0x45, 0x70, 0xFF, 0x33, 0x44, 0x6F, 0xFF,
    0x33, 0x44, 0x6F, 0xFF, 0x34, 0x45, 0x70, 0xFF, 0x36, 0x47, 0x72, 0xFF, 0x39, 0x4B, 0x74, 0xFF,
    0x3C, 0x51, 0x77, 0xFF, 0x3E, 0x53, 0x79, 0xFF, 0x42, 0x55, 0x7B, 0xFF, 0x43, 0x56, 0x7C, 0xFF,
    0x44, 0x56, 0x7B, 0xFF, 0x43, 0x55, 0x7A, 0xFF, 0x45, 0x55, 0x79, 0xFF, 0x45, 0x55, 0x79, 0xFF,
    0x47, 0x56, 0x77, 0xFF, 0x47, 0x56, 0x77, 0xFF, 0x46, 0x55, 0x75, 0xFF, 0x45, 0x54, 0x74, 0xFF,
    0x43, 0x52, 0x72, 0xFF, 0x42, 0x51, 0x71, 0xFF, 0x3E, 0x50, 0x6D, 0xFF, 0x3D, 0x4F, 0x6C, 0xFF,
    0x3B, 0x4D, 0x6C, 0xFF, 0x38, 0x4A, 0x69, 0xFF, 0x33, 0x45, 0x62, 0xFF, 0x2D, 0x3F, 0x5C, 0xFF,
    0x28, 0x3A, 0x57, 0xFF, 0x26, 0x38, 0x55, 0xFF, 0x27, 0x3A, 0x55, 0xFF, 0x28, 0x3B, 0x56, 0xFF,
    0x2B, 0x3F, 0x58, 0xFF, 0x2E, 0x42, 0x5B, 0xFF, 0x31, 0x42, 0x5C, 0xFF, 0x2C, 0x3D, 0x57, 0xFF,
    0x28, 0x38, 0x4F, 0xFF, 0x26, 0x36, 0x4D, 0xFF, 0x2A, 0x3A, 0x51, 0xFF, 0x2F, 0x3F, 0x56, 0xFF,
    0x36, 0x48, 0x5F, 0xFF, 0x3B, 0x4D, 0x64, 0xFF, 0x38, 0x4A, 0x61, 0xFF, 0x33, 0x45, 0x5C, 0xFF,
    0x34, 0x48, 0x61, 0xFF, 0x34, 0x48, 0x61, 0xFF, 0x2D, 0x41, 0x5A, 0xFF, 0x26, 0x3A, 0x53, 0xFF,
    0x2B, 0x3F, 0x58, 0xFF, 0x2C, 0x40, 0x59, 0xFF, 0x93, 0xC1, 0xFB, 0xFF, 0x8F, 0xBD, 0xF7, 0xFF,
    0x8A, 0xB6, 0xF3, 0xFF, 0x84, 0xAF, 0xEE, 0xFF, 0x80, 0xA8, 0xE9, 0xFF, 0x7C, 0xA3, 0xE7, 0xFF,
    0x79, 0x9C, 0xE5, 0xFF, 0x79, 0x99, 0xE4, 0xFF, 0x78, 0x96, 0xE3, 0xFF, 0x76, 0x92, 0xDF, 0xFF,
    0x73, 0x8D, 0xDA, 0xFF, 0x70, 0x87, 0xD5, 0xFF, 0x6F, 0x85, 0xD3, 0xFF, 0x6E, 0x84, 0xD2, 0xFF,
    0x70, 0x84, 0xD2, 0xFF, 0x70, 0x84, 0xD2, 0xFF, 0x6F, 0x83, 0xD1, 0xFF, 0x69, 0x7D, 0xCA, 0xFF,
    0x68, 0x7F, 0xCA, 0xFF, 0x69, 0x82, 0xCA, 0xFF, 0x61, 0x7E, 0xC3, 0xFF, 0x61, 0x81, 0xC2, 0xFF,
    0x76, 0x97, 0xD6, 0xFF, 0x8D, 0xAF, 0xEA, 0xFF, 0x78, 0x98, 0xD3, 0xFF, 0x59, 0x7B, 0xB1, 0xFF,
    0x37, 0x56, 0x8D, 0xFF, 0x26, 0x46, 0x7B, 0xFF, 0x27, 0x44, 0x77, 0xFF, 0x2A, 0x45, 0x78, 0xFF,
    0x2C, 0x45, 0x77, 0xFF, 0x2C, 0x45, 0x77, 0xFF, 0x31, 0x48, 0x78, 0xFF, 0x32, 0x49, 0x79, 0xFF,
    0x3A, 0x51, 0x81, 0xFF, 0x4D, 0x64, 0x94, 0xFF, 0x62, 0x7C, 0xAB, 0xFF, 0x72, 0x8C, 0xBB, 0xFF,
    0x73, 0x8F, 0xBE, 0xFF, 0x70, 0x8C, 0xBB, 0xFF, 0x65, 0x81, 0xB0, 0xFF, 0x5E, 0x7A, 0xA9, 0xFF,
    0x54, 0x6E, 0x9D, 0xFF, 0x48, 0x62, 0x91, 0xFF, 0x40, 0x5A, 0x89, 0xFF, 0x3A, 0x54, 0x83, 0xFF,
    0x3A, 0x51, 0x81, 0xFF, 0x39, 0x50, 0x80, 0xFF, 0x39, 0x50, 0x80, 0xFF, 0x39, 0x51, 0x7F, 0xFF,
    0x37, 0x4F, 0x7D, 0xFF, 0x34, 0x4C, 0x7A, 0xFF, 0x30, 0x48, 0x76, 0xFF, 0x2E, 0x46, 0x74, 0xFF,
    0x2E, 0x46, 0x74, 0xFF, 0x2E, 0x46, 0x74, 0xFF, 0x30, 0x47, 0x74, 0xFF, 0x31, 0x48, 0x75, 0xFF,
    0x32, 0x49, 0x76, 0xFF, 0x35, 0x4C, 0x79, 0xFF, 0x37, 0x4E, 0x7B, 0xFF, 0x3A, 0x51, 0x7E, 0xFF,
    0x3B, 0x52, 0x7F, 0xFF, 0x3C, 0x53, 0x80, 0xFF, 0x41, 0x57, 0x81, 0xFF, 0x46, 0x5C, 0x86, 0xFF,
    0x4A, 0x60, 0x8A, 0xFF, 0x4D, 0x63, 0x8D, 0xFF, 0x51, 0x64, 0x8F, 0xFF, 0x51, 0x64, 0x8F, 0xFF,
    0x4F, 0x62, 0x8D, 0xFF, 0x4B, 0x5E, 0x89, 0xFF, 0x3F, 0x52, 0x7D, 0xFF, 0x39, 0x4C, 0x77, 0xFF,
    0x36, 0x47, 0x72, 0xFF, 0x34, 0x45, 0x70, 0xFF, 0x33, 0x44, 0x6F, 0xFF, 0x33, 0x44, 0x6F, 0xFF,
    0x35, 0x46, 0x71, 0xFF, 0x37, 0x48, 0x73, 0xFF, 0x38, 0x4C, 0x75, 0xFF, 0x3B, 0x50, 0x76, 0xFF,
    0x40, 0x53, 0x79, 0xFF, 0x42, 0x55, 0x7B, 0xFF, 0x44, 0x56, 0x7B, 0xFF, 0x43, 0x55, 0x7A, 0xFF,
    0x45, 0x55, 0x79, 0xFF, 0x45, 0x55, 0x79, 0xFF, 0x46, 0x55, 0x76, 0xFF, 0x45, 0x54, 0x75, 0xFF,
    0x45, 0x54, 0x74, 0xFF, 0x44, 0x53, 0x73, 0xFF, 0x43, 0x52, 0x72, 0xFF, 0x42, 0x51, 0x71, 0xFF,
    0x3F, 0x51, 0x6E, 0xFF, 0x3E, 0x50, 0x6D, 0xFF, 0x3B, 0x4D, 0x6C, 0xFF, 0x39, 0x4B, 0x6A, 0xFF,
    0x33, 0x45, 0x62, 0xFF, 0x2D, 0x3F, 0x5C, 0xFF, 0x28, 0x3A, 0x57, 0xFF, 0x26, 0x38, 0x55, 0xFF,
    0x26, 0x39, 0x54, 0xFF, 0x27, 0x3A, 0x55, 0xFF, 0x2E, 0x42, 0x5B, 0xFF, 0x30, 0x44, 0x5D, 0xFF,
    0x32, 0x43, 0x5D, 0xFF, 0x2D, 0x3E, 0x58, 0xFF, 0x29, 0x39, 0x50, 0xFF, 0x26, 0x36, 0x4D, 0xFF,
    0x29, 0x39, 0x50, 0xFF, 0x2C, 0x3C, 0x53, 0xFF, 0x2E, 0x40, 0x57, 0xFF, 0x33, 0x45, 0x5C, 0xFF,
    0x33, 0x45, 0x5C, 0xFF, 0x34, 0x46, 0x5D, 0xFF, 0x34, 0x48, 0x61, 0xFF, 0x31, 0x45, 0x5E, 0xFF,
    0x2A, 0x3E, 0x57, 0xFF, 0x29, 0x3D, 0x56, 0xFF, 0x32, 0x46, 0x5F, 0xFF, 0x33, 0x47, 0x60, 0xFF,
    0x94, 0xC5, 0xFD, 0xFF, 0x91, 0xC2, 0xFA, 0xFF, 0x8F, 0xBD, 0xF7, 0xFF, 0x89, 0xB7, 0xF1, 0xFF,
    0x85, 0xB0, 0xEF, 0xFF, 0x82, 0xAA, 0xEB, 0xFF, 0x7F, 0xA3, 0xE9, 0xFF, 0x7D, 0x9D, 0xE8, 0xFF,
    0x7E, 0x9C, 0xE9, 0xFF, 0x7C, 0x98, 0xE5, 0xFF, 0x78, 0x91, 0xE1, 0xFF, 0x75, 0x8C, 0xDC, 0xFF,
    0x71, 0x86, 0xD7, 0xFF, 0x6E, 0x83, 0xD4, 0xFF, 0x6C, 0x81, 0xD2, 0xFF, 0x6A, 0x80, 0xCE, 0xFF,
    0x6C, 0x80, 0xCE, 0xFF, 0x6B, 0x7F, 0xCC, 0xFF, 0x66, 0x7D, 0xC8, 0xFF, 0x66, 0x7F, 0xC7, 0xFF,
    0x64, 0x81, 0xC6, 0xFF, 0x5F, 0x7F, 0xC0, 0xFF, 0x6E, 0x8F, 0xCE, 0xFF, 0x8A, 0xAF, 0xE9, 0xFF,
    0x8C, 0xAE, 0xE9, 0xFF, 0x6D, 0x91, 0xC7, 0xFF, 0x46, 0x68, 0x9E, 0xFF, 0x2D, 0x4D, 0x82, 0xFF,
    0x27, 0x44, 0x77, 0xFF, 0x29, 0x46, 0x79, 0xFF, 0x2C, 0x47, 0x7A, 0xFF, 0x2D, 0x46, 0x78, 0xFF,
    0x34, 0x4B, 0x7B, 0xFF, 0x32, 0x49, 0x79, 0xFF, 0x33, 0x4D, 0x7C, 0xFF, 0x44, 0x5E, 0x8D, 0xFF,
    0x5C, 0x76, 0xA5, 0xFF, 0x6F, 0x89, 0xB8, 0xFF, 0x73, 0x8F, 0xBE, 0xFF, 0x70, 0x8C, 0xBB, 0xFF,
    0x65, 0x81, 0xB0, 0xFF, 0x5F, 0x7B, 0xAA, 0xFF, 0x55, 0x70, 0xA2, 0xFF, 0x4B, 0x66, 0x98, 0xFF,
    0x46, 0x5F, 0x91, 0xFF, 0x41, 0x5A, 0x8C, 0xFF, 0x3F, 0x58, 0x8A, 0xFF, 0x3D, 0x57, 0x86, 0xFF,
    0x3D, 0x57, 0x86, 0xFF, 0x3C, 0x56, 0x85, 0xFF, 0x3A, 0x54, 0x82, 0xFF, 0x37, 0x51, 0x7F, 0xFF,
    0x35, 0x4F, 0x7D, 0xFF, 0x33, 0x4D, 0x7B, 0xFF, 0x34, 0x4C, 0x7A, 0xFF, 0x33, 0x4B, 0x79, 0xFF,
    0x34, 0x4C, 0x7A, 0xFF, 0x35, 0x4D, 0x7B, 0xFF, 0x36, 0x4F, 0x7B, 0xFF, 0x38, 0x51, 0x7D, 0xFF,
    0x3B, 0x52, 0x7F, 0xFF, 0x3D, 0x54, 0x81, 0xFF, 0x3F, 0x56, 0x83, 0xFF, 0x3F, 0x56, 0x83, 0xFF,
    0x42, 0x57, 0x84, 0xFF, 0x46, 0x5B, 0x88, 0xFF, 0x49, 0x5E, 0x8B, 0xFF, 0x4B, 0x60, 0x8D, 0xFF,
    0x4C, 0x61, 0x8E, 0xFF, 0x4E, 0x63, 0x90, 0xFF, 0x4F, 0x62, 0x8F, 0xFF, 0x4C, 0x5F, 0x8C, 0xFF,
    0x45, 0x58, 0x85, 0xFF, 0x3F, 0x52, 0x7F, 0xFF, 0x38, 0x4B, 0x78, 0xFF, 0x34, 0x47, 0x74, 0xFF,
    0x33, 0x43, 0x71, 0xFF, 0x31, 0x41, 0x6F, 0xFF, 0x32, 0x42, 0x70, 0xFF, 0x34, 0x45, 0x70, 0xFF,
    0x35, 0x49, 0x72, 0xFF, 0x38, 0x4D, 0x73, 0xFF, 0x3C, 0x51, 0x77, 0xFF, 0x41, 0x54, 0x7A, 0xFF,
    0x43, 0x55, 0x7A, 0xFF, 0x43, 0x55, 0x7A, 0xFF, 0x45, 0x55, 0x79, 0xFF, 0x45, 0x55, 0x79, 0xFF,
    0x44, 0x53, 0x74, 0xFF, 0x44, 0x53, 0x74, 0xFF, 0x44, 0x53, 0x73, 0xFF, 0x44, 0x53, 0x73, 0xFF,
    0x41, 0x53, 0x72, 0xFF, 0x41, 0x53, 0x72, 0xFF, 0x40, 0x52, 0x6F, 0xFF, 0x3F, 0x51, 0x6E, 0xFF,
    0x3D, 0x4F, 0x6E, 0xFF, 0x3A, 0x4C, 0x6B, 0xFF, 0x34, 0x46, 0x65, 0xFF, 0x2E, 0x40, 0x5F, 0xFF,
    0x27, 0x3C, 0x58, 0xFF, 0x24, 0x39, 0x55, 0xFF, 0x25, 0x3A, 0x55, 0xFF, 0x26, 0x3B, 0x56, 0xFF,
    0x2F, 0x43, 0x5C, 0xFF, 0x2F, 0x43, 0x5C, 0xFF, 0x30, 0x41, 0x5B, 0xFF, 0x2C, 0x3D, 0x57, 0xFF,
    0x28, 0x38, 0x4F, 0xFF, 0x25, 0x35, 0x4C, 0xFF, 0x26, 0x36, 0x4D, 0xFF, 0x28, 0x38, 0x4F, 0xFF,
    0x2A, 0x3C, 0x53, 0xFF, 0x30, 0x42, 0x59, 0xFF, 0x34, 0x46, 0x5D, 0xFF, 0x35, 0x47, 0x5E, 0xFF,
    0x32, 0x46, 0x5F, 0xFF, 0x2B, 0x3F, 0x58, 0xFF, 0x28, 0x3C, 0x55, 0xFF, 0x2F, 0x43, 0x5C, 0xFF,
    0x38, 0x4D, 0x68, 0xFF, 0x38, 0x4D, 0x68, 0xFF, 0x97, 0xC8, 0xFA, 0xFF, 0x95, 0xC5, 0xF9, 0xFF,
    0x91, 0xC1, 0xF5, 0xFF, 0x8D, 0xBC, 0xF4, 0xFF, 0x8A, 0xB6, 0xF1, 0xFF, 0x86, 0xAF, 0xEE, 0xFF,
    0x83, 0xA7, 0xED, 0xFF, 0x7F, 0xA2, 0xEB, 0xFF, 0x82, 0xA2, 0xEE, 0xFF, 0x7F, 0x9D, 0xEC, 0xFF,
    0x7B, 0x96, 0xE6, 0xFF, 0x76, 0x8E, 0xE0, 0xFF, 0x72, 0x88, 0xDA, 0xFF, 0x6D, 0x83, 0xD5, 0xFF,
    0x69, 0x7F, 0xD1, 0xFF, 0x66, 0x7D, 0xCD, 0xFF, 0x6A, 0x80, 0xCE, 0xFF, 0x6D, 0x84, 0xD0, 0xFF,
    0x65, 0x7E, 0xC8, 0xFF, 0x64, 0x7D, 0xC5, 0xFF, 0x68, 0x82, 0xC8, 0xFF, 0x61, 0x7F, 0xC0, 0xFF,
    0x6A, 0x89, 0xC8, 0xFF, 0x85, 0xA7, 0xE2, 0xFF, 0x9C, 0xBE, 0xF9, 0xFF, 0x7F, 0xA2, 0xDA, 0xFF,
    0x54, 0x78, 0xAE, 0xFF, 0x33, 0x55, 0x8A, 0xFF, 0x28, 0x47, 0x7C, 0xFF, 0x2A, 0x47, 0x7A, 0xFF,
    0x2F, 0x4A, 0x7D, 0xFF, 0x31, 0x49, 0x7D, 0xFF, 0x34, 0x4D, 0x7F, 0xFF, 0x30, 0x4A, 0x79, 0xFF,
    0x30, 0x4A, 0x79, 0xFF, 0x3F, 0x59, 0x88, 0xFF, 0x59, 0x73, 0xA2, 0xFF, 0x6C, 0x88, 0xB7, 0xFF,
    0x72, 0x8E, 0xBD, 0xFF, 0x70, 0x8C, 0xBB, 0xFF, 0x65, 0x81, 0xB0, 0xFF, 0x60, 0x7C, 0xAB, 0xFF,
    0x57, 0x72, 0xA4, 0xFF, 0x4E, 0x69, 0x9B, 0xFF, 0x4A, 0x63, 0x95, 0xFF, 0x46, 0x5E, 0x92, 0xFF,
    0x43, 0x5B, 0x8F, 0xFF, 0x41, 0x5A, 0x8C, 0xFF, 0x40, 0x59, 0x8B, 0xFF, 0x41, 0x5B, 0x8A, 0xFF,
    0x41, 0x5B, 0x8A, 0xFF, 0x3E, 0x58, 0x86, 0xFF, 0x3B, 0x55, 0x84, 0xFF, 0x3B, 0x55, 0x83, 0xFF,
    0x3A, 0x54, 0x82, 0xFF, 0x3A, 0x54, 0x82, 0xFF, 0x38, 0x50, 0x7E, 0xFF, 0x37, 0x51, 0x7F, 0xFF,
    0x3A, 0x52, 0x80, 0xFF, 0x3C, 0x55, 0x81, 0xFF, 0x3D, 0x56, 0x82, 0xFF, 0x3F, 0x58, 0x84, 0xFF,
    0x40, 0x59, 0x85, 0xFF, 0x42, 0x59, 0x86, 0xFF, 0x41, 0x58, 0x85, 0xFF, 0x46, 0x5B, 0x88, 0xFF,
    0x49, 0x5D, 0x8C, 0xFF, 0x4A, 0x5F, 0x8C, 0xFF, 0x4B, 0x60, 0x8D, 0xFF, 0x4D, 0x62, 0x8F, 0xFF,
    0x4C, 0x61, 0x8E, 0xFF, 0x4B, 0x60, 0x8D, 0xFF, 0x4A, 0x5D, 0x8A, 0xFF, 0x41, 0x56, 0x83, 0xFF,
    0x3B, 0x4E, 0x7B, 0xFF, 0x35, 0x48, 0x75, 0xFF, 0x31, 0x44, 0x71, 0xFF, 0x2E, 0x41, 0x6E, 0xFF,
    0x2D, 0x40, 0x6D, 0xFF, 0x2F, 0x42, 0x6D, 0xFF, 0x33, 0x47, 0x70, 0xFF, 0x36, 0x4A, 0x73, 0xFF,
    0x3B, 0x4F, 0x78, 0xFF, 0x3E, 0x53, 0x79, 0xFF, 0x42, 0x55, 0x7B, 0xFF, 0x43, 0x55, 0x7A, 0xFF,
    0x44, 0x56, 0x7B, 0xFF, 0x44, 0x57, 0x7A, 0xFF, 0x41, 0x51, 0x75, 0xFF, 0x42, 0x53, 0x74, 0xFF,
    0x42, 0x53, 0x74, 0xFF, 0x42, 0x53, 0x74, 0xFF, 0x42, 0x53, 0x74, 0xFF, 0x41, 0x53, 0x72, 0xFF,
    0x41, 0x53, 0x72, 0xFF, 0x40, 0x52, 0x71, 0xFF, 0x3E, 0x50, 0x6F, 0xFF, 0x3B, 0x4D, 0x6C, 0xFF,
    0x36, 0x48, 0x67, 0xFF, 0x2F, 0x41, 0x60, 0xFF, 0x28, 0x3D, 0x59, 0xFF, 0x25, 0x3A, 0x56, 0xFF,
    0x26, 0x3B, 0x56, 0xFF, 0x29, 0x3C, 0x57, 0xFF, 0x2E, 0x42, 0x5B, 0xFF, 0x2D, 0x41, 0x5A, 0xFF,
    0x2D, 0x3E, 0x58, 0xFF, 0x29, 0x3A, 0x54, 0xFF, 0x26, 0x36, 0x4D, 0xFF, 0x23, 0x33, 0x4A, 0xFF,
    0x23, 0x33, 0x4A, 0xFF, 0x21, 0x33, 0x4A, 0xFF, 0x2A, 0x3C, 0x53, 0xFF, 0x31, 0x43, 0x5A, 0xFF,
    0x36, 0x48, 0x5F, 0xFF, 0x35, 0x4A, 0x60, 0xFF, 0x2F, 0x43, 0x5C, 0xFF, 0x24, 0x3A, 0x53, 0xFF,
    0x26, 0x3C, 0x55, 0xFF, 0x32, 0x47, 0x62, 0xFF, 0x3A, 0x51, 0x6B, 0xFF, 0x3B, 0x51, 0x6D, 0xFF,
    0x9C, 0xCD, 0xF9, 0xFF, 0x9B, 0xCC, 0xF8, 0xFF, 0x99, 0xC9, 0xF9, 0xFF, 0x95, 0xC4, 0xF7, 0xFF,
    0x92, 0xBD, 0xF6, 0xFF, 0x8A, 0xB3, 0xF1, 0xFF, 0x85, 0xAA, 0xEE, 0xFF, 0x80, 0xA3, 0xEC, 0xFF,
    0x81, 0xA1, 0xED, 0xFF, 0x7E, 0x9C, 0xEB, 0xFF, 0x79, 0x96, 0xE7, 0xFF, 0x77, 0x91, 0xE5, 0xFF,
    0x74, 0x8E, 0xE2, 0xFF, 0x72, 0x8A, 0xDE, 0xFF, 0x6C, 0x84, 0xD8, 0xFF, 0x68, 0x80, 0xD2, 0xFF,
    0x6D, 0x88, 0xD8, 0xFF, 0x6A, 0x84, 0xD0, 0xFF, 0x69, 0x82, 0xCC, 0xFF, 0x67, 0x7F, 0xC7, 0xFF,
    0x65, 0x7B, 0xC2, 0xFF, 0x63, 0x7B, 0xBD, 0xFF, 0x66, 0x81, 0xC1, 0xFF, 0x6B, 0x89, 0xC4, 0xFF,
    0x91, 0xB3, 0xEE, 0xFF, 0x94, 0xB9, 0xF1, 0xFF, 0x74, 0x9A, 0xD0, 0xFF, 0x48, 0x6D, 0xA1, 0xFF,
    0x37, 0x57, 0x8C, 0xFF, 0x2F, 0x4E, 0x83, 0xFF, 0x32, 0x4A, 0x80, 0xFF, 0x39, 0x51, 0x87, 0xFF,
    0x33, 0x4B, 0x7F, 0xFF, 0x32, 0x4D, 0x7F, 0xFF, 0x31, 0x4C, 0x7E, 0xFF, 0x34, 0x4F, 0x81, 0xFF,
    0x49, 0x65, 0x94, 0xFF, 0x65, 0x81, 0xB0, 0xFF, 0x72, 0x8E, 0xBD, 0xFF, 0x6E, 0x8C, 0xBB, 0xFF,
    0x69, 0x87, 0xB6, 0xFF, 0x63, 0x81, 0xB0, 0xFF, 0x5C, 0x77, 0xA9, 0xFF, 0x53, 0x6E, 0xA0, 0xFF,
    0x4D, 0x68, 0x9B, 0xFF, 0x48, 0x62, 0x98, 0xFF, 0x47, 0x5F, 0x95, 0xFF, 0x45, 0x5D, 0x93, 0xFF,
    0x43, 0x5E, 0x90, 0xFF, 0x42, 0x5D, 0x8F, 0xFF, 0x41, 0x5C, 0x8E, 0xFF, 0x40, 0x5C, 0x8B, 0xFF,
    0x40, 0x5B, 0x8D, 0xFF, 0x3F, 0x5B, 0x8A, 0xFF, 0x3D, 0x59, 0x88, 0xFF, 0x3B, 0x57, 0x86, 0xFF,
    0x3F, 0x59, 0x88, 0xFF, 0x3D, 0x59, 0x88, 0xFF, 0x40, 0x5A, 0x89, 0xFF, 0x40, 0x5A, 0x88, 0xFF,
    0x40, 0x5A, 0x88, 0xFF, 0x3F, 0x59, 0x87, 0xFF, 0x3E, 0x58, 0x86, 0xFF, 0x3E, 0x58, 0x86, 0xFF,
    0x43, 0x5A, 0x88, 0xFF, 0x42, 0x59, 0x87, 0xFF, 0x43, 0x59, 0x89, 0xFF, 0x45, 0x5C, 0x8A, 0xFF,
    0x48, 0x5F, 0x8D, 0xFF, 0x4A, 0x61, 0x8F, 0xFF, 0x49, 0x60, 0x8E, 0xFF, 0x47, 0x5E, 0x8C, 0xFF,
    0x47, 0x5B, 0x8A, 0xFF, 0x43, 0x5A, 0x88, 0xFF, 0x40, 0x55, 0x82, 0xFF, 0x38, 0x4D, 0x7A, 0xFF,
    0x30, 0x45, 0x72, 0xFF, 0x2A, 0x3F, 0x6C, 0xFF, 0x29, 0x3E, 0x6B, 0xFF, 0x29, 0x3E, 0x6B, 0xFF,
    0x29, 0x3F, 0x69, 0xFF, 0x2D, 0x43, 0x6D, 0xFF, 0x34, 0x4A, 0x74, 0xFF, 0x3D, 0x51, 0x7A, 0xFF,
    0x42, 0x56, 0x7F, 0xFF, 0x45, 0x57, 0x80, 0xFF, 0x42, 0x54, 0x7D, 0xFF, 0x40, 0x53, 0x79, 0xFF,
    0x41, 0x52, 0x79, 0xFF, 0x41, 0x53, 0x78, 0xFF, 0x41, 0x53, 0x78, 0xFF, 0x40, 0x53, 0x76, 0xFF,
    0x40, 0x53, 0x76, 0xFF, 0x3E, 0x51, 0x72, 0xFF, 0x3F, 0x50, 0x71, 0xFF, 0x3F, 0x51, 0x70, 0xFF,
    0x3E, 0x52, 0x71, 0xFF, 0x3A, 0x4F, 0x6B, 0xFF, 0x35, 0x4A, 0x66, 0xFF, 0x2F, 0x44, 0x60, 0xFF,
    0x2D, 0x3F, 0x5C, 0xFF, 0x2A, 0x3C, 0x59, 0xFF, 0x2A, 0x3D, 0x58, 0xFF, 0x2C, 0x3D, 0x58, 0xFF,
    0x2A, 0x3B, 0x55, 0xFF, 0x29, 0x3A, 0x54, 0xFF, 0x29, 0x3A, 0x54, 0xFF, 0x2A, 0x3B, 0x55, 0xFF,
    0x25, 0x37, 0x4E, 0xFF, 0x1D, 0x2F, 0x46, 0xFF, 0x1B, 0x2D, 0x44, 0xFF, 0x1B, 0x30, 0x46, 0xFF,
    0x20, 0x35, 0x4A, 0xFF, 0x32, 0x47, 0x5C, 0xFF, 0x39, 0x4E, 0x63, 0xFF, 0x32, 0x47, 0x5D, 0xFF,
    0x2A, 0x40, 0x59, 0xFF, 0x28, 0x40, 0x58, 0xFF, 0x2C, 0x45, 0x5F, 0xFF, 0x35, 0x4D, 0x69, 0xFF,
    0x38, 0x52, 0x70, 0xFF, 0x3A, 0x54, 0x72, 0xFF, 0x9C, 0xCE, 0xF8, 0xFF, 0x9B, 0xCC, 0xF8, 0xFF,
    0x99, 0xCA, 0xF8, 0xFF, 0x96, 0xC5, 0xF8, 0xFF, 0x92, 0xBD, 0xF6, 0xFF, 0x8B, 0xB4, 0xF2, 0xFF,
    0x85, 0xAA, 0xEE, 0xFF, 0x80, 0xA3, 0xEC, 0xFF, 0x7D, 0x9D, 0xE9, 0xFF, 0x7B, 0x9A, 0xE9, 0xFF,
    0x79, 0x95, 0xE9, 0xFF, 0x77, 0x93, 0xE7, 0xFF, 0x78, 0x91, 0xE7, 0xFF, 0x75, 0x8E, 0xE4, 0xFF,
    0x6F, 0x88, 0xDE, 0xFF, 0x6B, 0x85, 0xD9, 0xFF, 0x6A, 0x88, 0xD7, 0xFF, 0x66, 0x83, 0xCE, 0xFF,
    0x65, 0x7D, 0xC9, 0xFF, 0x64, 0x7A, 0xC2, 0xFF, 0x64, 0x78, 0xBF, 0xFF, 0x64, 0x7A, 0xBC, 0xFF,
    0x69, 0x7F, 0xC0, 0xFF, 0x6B, 0x87, 0xC4, 0xFF, 0x89, 0xAB, 0xE6, 0xFF, 0x97, 0xBC, 0xF4, 0xFF,
    0x8B, 0xB1, 0xE7, 0xFF, 0x68, 0x8E, 0xC4, 0xFF, 0x51, 0x73, 0xA8, 0xFF, 0x3D, 0x5C, 0x91, 0xFF,
    0x35, 0x4C, 0x84, 0xFF, 0x37, 0x4E, 0x86, 0xFF, 0x32, 0x4C, 0x82, 0xFF, 0x33, 0x4E, 0x81, 0xFF,
    0x32, 0x4D, 0x80, 0xFF, 0x35, 0x50, 0x82, 0xFF, 0x48, 0x63, 0x95, 0xFF, 0x63, 0x7F, 0xAE, 0xFF,
    0x70, 0x8E, 0xBD, 0xFF, 0x71, 0x8F, 0xBE, 0xFF, 0x6B, 0x89, 0xB8, 0xFF, 0x65, 0x83, 0xB2, 0xFF,
    0x5E, 0x79, 0xAB, 0xFF, 0x55, 0x70, 0xA2, 0xFF, 0x4E, 0x69, 0x9C, 0xFF, 0x4A, 0x64, 0x9A, 0xFF,
    0x49, 0x60, 0x98, 0xFF, 0x48, 0x60, 0x96, 0xFF, 0x44, 0x5F, 0x92, 0xFF, 0x43, 0x5E, 0x90, 0xFF,
    0x42, 0x5D, 0x8F, 0xFF, 0x42, 0x5D, 0x8F, 0xFF, 0x41, 0x5C, 0x8E, 0xFF, 0x40, 0x5B, 0x8D, 0xFF,
    0x3F, 0x5B, 0x8A, 0xFF, 0x3D, 0x59, 0x88, 0xFF, 0x3E, 0x5A, 0x89, 0xFF, 0x3E, 0x5A, 0x89, 0xFF,
    0x3F, 0x5B, 0x8A, 0xFF, 0x3F, 0x5B, 0x8A, 0xFF, 0x3F, 0x5C, 0x89, 0xFF, 0x3E, 0x5B, 0x88, 0xFF,
    0x3D, 0x5A, 0x87, 0xFF, 0x3E, 0x58, 0x86, 0xFF, 0x42, 0x59, 0x89, 0xFF, 0x42, 0x58, 0x88, 0xFF,
    0x42, 0x58, 0x88, 0xFF, 0x44, 0x5A, 0x8A, 0xFF, 0x48, 0x5F, 0x8D, 0xFF, 0x49, 0x60, 0x8E, 0xFF,
    0x48, 0x5F, 0x8D, 0xFF, 0x46, 0x5D, 0x8B, 0xFF, 0x47, 0x5E, 0x8C, 0xFF, 0x44, 0x5B, 0x89, 0xFF,
    0x3F, 0x56, 0x83, 0xFF, 0x37, 0x4E, 0x7B, 0xFF, 0x2F, 0x46, 0x73, 0xFF, 0x2A, 0x41, 0x6E, 0xFF,
    0x2B, 0x40, 0x6D, 0xFF, 0x2B, 0x40, 0x6D, 0xFF, 0x29, 0x3E, 0x6B, 0xFF, 0x2C, 0x41, 0x6E, 0xFF,
    0x32, 0x48, 0x72, 0xFF, 0x38, 0x4E, 0x78, 0xFF, 0x3E, 0x51, 0x7C, 0xFF, 0x3F, 0x52, 0x7D, 0xFF,
    0x3E, 0x52, 0x7B, 0xFF, 0x3C, 0x50, 0x79, 0xFF, 0x40, 0x53, 0x79, 0xFF, 0x40, 0x53, 0x79, 0xFF,
    0x40, 0x52, 0x77, 0xFF, 0x40, 0x52, 0x77, 0xFF, 0x3F, 0x52, 0x75, 0xFF, 0x3E, 0x51, 0x74, 0xFF,
    0x3F, 0x50, 0x71, 0xFF, 0x3C, 0x50, 0x6F, 0xFF, 0x3E, 0x52, 0x71, 0xFF, 0x39, 0x4F, 0x6B, 0xFF,
    0x35, 0x4A, 0x66, 0xFF, 0x30, 0x45, 0x61, 0xFF, 0x2D, 0x3F, 0x5C, 0xFF, 0x2B, 0x3D, 0x5A, 0xFF,
    0x2C, 0x3D, 0x58, 0xFF, 0x2C, 0x3D, 0x58, 0xFF, 0x29, 0x3A, 0x54, 0xFF, 0x27, 0x38, 0x52, 0xFF,
    0x26, 0x37, 0x51, 0xFF, 0x25, 0x36, 0x50, 0xFF, 0x20, 0x32, 0x49, 0xFF, 0x19, 0x2B, 0x42, 0xFF,
    0x17, 0x2C, 0x42, 0xFF, 0x1B, 0x30, 0x45, 0xFF, 0x24, 0x39, 0x4E, 0xFF, 0x35, 0x4B, 0x5D, 0xFF,
    0x3B, 0x50, 0x65, 0xFF, 0x32, 0x4A, 0x5E, 0xFF, 0x2A, 0x42, 0x5A, 0xFF, 0x27, 0x40, 0x5A, 0xFF,
    0x2C, 0x44, 0x60, 0xFF, 0x32, 0x4C, 0x6A, 0xFF, 0x3A, 0x56, 0x75, 0xFF, 0x3B, 0x57, 0x76, 0xFF,
    0x9B, 0xCD, 0xFB, 0xFF, 0x9A, 0xCB, 0xFB, 0xFF, 0x98, 0xC9, 0xFB, 0xFF, 0x94, 0xC4, 0xF8, 0xFF,
    0x90, 0xBC, 0xF7, 0xFF, 0x89, 0xB4, 0xF3, 0xFF, 0x84, 0xAB, 0xF0, 0xFF, 0x80, 0xA5, 0xEF, 0xFF,
    0x7D, 0x9F, 0xEB, 0xFF, 0x7D, 0x9C, 0xEB, 0xFF, 0x7C, 0x98, 0xEC, 0xFF, 0x7B, 0x97, 0xEB, 0xFF,
    0x7C, 0x96, 0xEA, 0xFF, 0x78, 0x92, 0xE6, 0xFF, 0x72, 0x8C, 0xE0, 0xFF, 0x6D, 0x88, 0xD9, 0xFF,
    0x65, 0x80, 0xD0, 0xFF, 0x63, 0x7D, 0xC9, 0xFF, 0x62, 0x7A, 0xC6, 0xFF, 0x65, 0x7B, 0xC3, 0xFF,
    0x68, 0x7C, 0xC3, 0xFF, 0x6A, 0x7F, 0xC3, 0xFF, 0x6C, 0x82, 0xC4, 0xFF, 0x6C, 0x88, 0xC5, 0xFF,
    0x70, 0x90, 0xCB, 0xFF, 0x7B, 0xA0, 0xD8, 0xFF, 0x77, 0x9D, 0xD3, 0xFF, 0x65, 0x89, 0xBF, 0xFF,
    0x53, 0x75, 0xAB, 0xFF, 0x40, 0x5E, 0x95, 0xFF, 0x34, 0x4D, 0x85, 0xFF, 0x36, 0x4D, 0x85, 0xFF,
    0x32, 0x4C, 0x82, 0xFF, 0x33, 0x4E, 0x81, 0xFF, 0x33, 0x4E, 0x81, 0xFF, 0x36, 0x51, 0x83, 0xFF,
    0x45, 0x60, 0x92, 0xFF, 0x5E, 0x79, 0xAB, 0xFF, 0x71, 0x8D, 0xBC, 0xFF, 0x78, 0x94, 0xC3, 0xFF,
    0x70, 0x8C, 0xBB, 0xFF, 0x6A, 0x86, 0xB5, 0xFF, 0x61, 0x7C, 0xAE, 0xFF, 0x58, 0x73, 0xA5, 0xFF,
    0x53, 0x6B, 0x9F, 0xFF, 0x4F, 0x67, 0x9B, 0xFF, 0x4D, 0x65, 0x9B, 0xFF, 0x4C, 0x64, 0x9A, 0xFF,
    0x46, 0x61, 0x94, 0xFF, 0x45, 0x60, 0x92, 0xFF, 0x44, 0x5F, 0x91, 0xFF, 0x43, 0x5E, 0x90, 0xFF,
    0x43, 0x5E, 0x90, 0xFF, 0x42, 0x5D, 0x8F, 0xFF, 0x41, 0x5D, 0x8C, 0xFF, 0x40, 0x5C, 0x8B, 0xFF,
    0x40, 0x5C, 0x8B, 0xFF, 0x40, 0x5C, 0x8B, 0xFF, 0x40, 0x5C, 0x8B, 0xFF, 0x40, 0x5C, 0x8B, 0xFF,
    0x3F, 0x5B, 0x8A, 0xFF, 0x3E, 0x5A, 0x89, 0xFF, 0x3E, 0x5B, 0x88, 0xFF, 0x3F, 0x59, 0x87, 0xFF,
    0x42, 0x59, 0x89, 0xFF, 0x40, 0x57, 0x87, 0xFF, 0x40, 0x58, 0x86, 0xFF, 0x42, 0x5A, 0x88, 0xFF,
    0x46, 0x5D, 0x8B, 0xFF, 0x48, 0x5F, 0x8D, 0xFF, 0x47, 0x5E, 0x8C, 0xFF, 0x45, 0x5C, 0x8A, 0xFF,
    0x48, 0x5F, 0x8D, 0xFF, 0x45, 0x5C, 0x8A, 0xFF, 0x3F, 0x56, 0x83, 0xFF, 0x37, 0x4E, 0x7B, 0xFF,
    0x30, 0x45, 0x72, 0xFF, 0x2B, 0x40, 0x6D, 0xFF, 0x2A, 0x3F, 0x6C, 0xFF, 0x2A, 0x3F, 0x6C, 0xFF,
    0x28, 0x3D, 0x6A, 0xFF, 0x2A, 0x3F, 0x6C, 0xFF, 0x30, 0x43, 0x6E, 0xFF, 0x35, 0x48, 0x73, 0xFF,
    0x3A, 0x4E, 0x77, 0xFF, 0x3C, 0x50, 0x79, 0xFF, 0x3E, 0x50, 0x79, 0xFF, 0x3E, 0x50, 0x79, 0xFF,
    0x3F, 0x52, 0x78, 0xFF, 0x3F, 0x52, 0x77, 0xFF, 0x40, 0x52, 0x77, 0xFF, 0x40, 0x52, 0x77, 0xFF,
    0x41, 0x51, 0x75, 0xFF, 0x40, 0x50, 0x74, 0xFF, 0x3F, 0x50, 0x71, 0xFF, 0x3C, 0x50, 0x6F, 0xFF,
    0x3D, 0x51, 0x70, 0xFF, 0x39, 0x4F, 0x6B, 0xFF, 0x36, 0x4B, 0x67, 0xFF, 0x31, 0x46, 0x62, 0xFF,
    0x2E, 0x41, 0x5C, 0xFF, 0x2B, 0x3E, 0x59, 0xFF, 0x2C, 0x3D, 0x58, 0xFF, 0x2B, 0x3C, 0x57, 0xFF,
    0x27, 0x38, 0x52, 0xFF, 0x23, 0x34, 0x4E, 0xFF, 0x20, 0x31, 0x4B, 0xFF, 0x1E, 0x2F, 0x49, 0xFF,
    0x18, 0x2A, 0x41, 0xFF, 0x13, 0x25, 0x3C, 0xFF, 0x14, 0x29, 0x3F, 0xFF, 0x1A, 0x2F, 0x44, 0xFF,
    0x2A, 0x3F, 0x54, 0xFF, 0x37, 0x4D, 0x5F, 0xFF, 0x39, 0x51, 0x65, 0xFF, 0x32, 0x4A, 0x5E, 0xFF,
    0x2B, 0x43, 0x5B, 0xFF, 0x29, 0x42, 0x5C, 0xFF, 0x2E, 0x46, 0x62, 0xFF, 0x34, 0x4E, 0x6C, 0xFF,
    0x3F, 0x5B, 0x7A, 0xFF, 0x40, 0x5C, 0x7B, 0xFF, 0x99, 0xC9, 0xFD, 0xFF, 0x97, 0xC7, 0xFB, 0xFF,
    0x95, 0xC4, 0xFA, 0xFF, 0x92, 0xC0, 0xFA, 0xFF, 0x8F, 0xBA, 0xF9, 0xFF, 0x89, 0xB3, 0xF6, 0xFF,
    0x84, 0xAA, 0xF2, 0xFF, 0x80, 0xA5, 0xEF, 0xFF, 0x83, 0xA5, 0xF1, 0xFF, 0x80, 0xA1, 0xF0, 0xFF,
    0x7F, 0x9D, 0xEE, 0xFF, 0x7D, 0x99, 0xED, 0xFF, 0x7D, 0x97, 0xEB, 0xFF, 0x78, 0x93, 0xE4, 0xFF,
    0x71, 0x8B, 0xDF, 0xFF, 0x6B, 0x86, 0xD7, 0xFF, 0x65, 0x81, 0xCE, 0xFF, 0x66, 0x80, 0xCC, 0xFF,
    0x68, 0x81, 0xCB, 0xFF, 0x6C, 0x82, 0xCA, 0xFF, 0x70, 0x83, 0xCC, 0xFF, 0x6E, 0x83, 0xC7, 0xFF,
    0x68, 0x80, 0xC2, 0xFF, 0x63, 0x7E, 0xBE, 0xFF, 0x54, 0x73, 0xB0, 0xFF, 0x55, 0x77, 0xB2, 0xFF,
    0x4F, 0x72, 0xAA, 0xFF, 0x49, 0x6D, 0xA3, 0xFF, 0x48, 0x6A, 0xA0, 0xFF, 0x41, 0x5F, 0x96, 0xFF,
    0x39, 0x52, 0x8A, 0xFF, 0x38, 0x51, 0x89, 0xFF, 0x2F, 0x49, 0x7F, 0xFF, 0x33, 0x4D, 0x83, 0xFF,
    0x35, 0x50, 0x83, 0xFF, 0x39, 0x54, 0x87, 0xFF, 0x43, 0x5E, 0x91, 0xFF, 0x57, 0x72, 0xA4, 0xFF,
    0x6E, 0x89, 0xBB, 0xFF, 0x7C, 0x98, 0xC7, 0xFF, 0x73, 0x8F, 0xBE, 0xFF, 0x6D, 0x89, 0xB8, 0xFF,
    0x64, 0x7F, 0xB1, 0xFF, 0x5B, 0x76, 0xA8, 0xFF, 0x57, 0x6F, 0xA3, 0xFF, 0x52, 0x6A, 0x9E, 0xFF,
    0x50, 0x68, 0x9E, 0xFF, 0x4E, 0x66, 0x9A, 0xFF, 0x47, 0x62, 0x95, 0xFF, 0x46, 0x61, 0x93, 0xFF,
    0x45, 0x60, 0x92, 0xFF, 0x44, 0x5F, 0x91, 0xFF, 0x44, 0x5F, 0x91, 0xFF, 0x43, 0x5E, 0x90, 0xFF,
    0x42, 0x5E, 0x8D, 0xFF, 0x41, 0x5D, 0x8C, 0xFF, 0x41, 0x5D, 0x8C, 0xFF, 0x41, 0x5D, 0x8C, 0xFF,
    0x41, 0x5D, 0x8C, 0xFF, 0x40, 0x5C, 0x8B, 0xFF, 0x3F, 0x5B, 0x8A, 0xFF, 0x3E, 0x5A, 0x89, 0xFF,
    0x3D, 0x5A, 0x87, 0xFF, 0x3D, 0x5A, 0x87, 0xFF, 0x41, 0x58, 0x88, 0xFF, 0x40, 0x57, 0x87, 0xFF,
    0x40, 0x58, 0x86, 0xFF, 0x42, 0x5A, 0x88, 0xFF, 0x46, 0x5D, 0x8B, 0xFF, 0x47, 0x5E, 0x8C, 0xFF,
    0x47, 0x5E, 0x8C, 0xFF, 0x46, 0x5D, 0x8B, 0xFF, 0x47, 0x5E, 0x8C, 0xFF, 0x43, 0x5A, 0x88, 0xFF,
    0x3C, 0x53, 0x80, 0xFF, 0x32, 0x49, 0x76, 0xFF, 0x2B, 0x40, 0x6D, 0xFF, 0x24, 0x39, 0x66, 0xFF,
    0x22, 0x37, 0x64, 0xFF, 0x22, 0x37, 0x64, 0xFF, 0x25, 0x3A, 0x67, 0xFF, 0x26, 0x3B, 0x68, 0xFF,
    0x2B, 0x3E, 0x69, 0xFF, 0x30, 0x43, 0x6E, 0xFF, 0x36, 0x4A, 0x73, 0xFF, 0x3A, 0x4E, 0x77, 0xFF,
    0x3E, 0x50, 0x79, 0xFF, 0x3F, 0x52, 0x78, 0xFF, 0x3F, 0x52, 0x78, 0xFF, 0x3F, 0x52, 0x77, 0xFF,
    0x40, 0x52, 0x77, 0xFF, 0x3F, 0x51, 0x76, 0xFF, 0x41, 0x51, 0x75, 0xFF, 0x40, 0x50, 0x74, 0xFF,
    0x3F, 0x50, 0x71, 0xFF, 0x3E, 0x50, 0x6F, 0xFF, 0x3B, 0x4F, 0x6E, 0xFF, 0x38, 0x4E, 0x6A, 0xFF,
    0x36, 0x4B, 0x67, 0xFF, 0x32, 0x47, 0x63, 0xFF, 0x30, 0x43, 0x5E, 0xFF, 0x2C, 0x3F, 0x5A, 0xFF,
    0x2B, 0x3C, 0x57, 0xFF, 0x29, 0x3A, 0x55, 0xFF, 0x25, 0x36, 0x50, 0xFF, 0x20, 0x31, 0x4B, 0xFF,
    0x1B, 0x2C, 0x46, 0xFF, 0x17, 0x28, 0x42, 0xFF, 0x11, 0x23, 0x3A, 0xFF, 0x0F, 0x21, 0x38, 0xFF,
    0x12, 0x27, 0x3D, 0xFF, 0x1A, 0x2F, 0x45, 0xFF, 0x2E, 0x43, 0x58, 0xFF, 0x37, 0x4D, 0x5F, 0xFF,
    0x35, 0x4D, 0x61, 0xFF, 0x2E, 0x45, 0x5B, 0xFF, 0x2B, 0x43, 0x5B, 0xFF, 0x2B, 0x44, 0x5E, 0xFF,
    0x32, 0x4A, 0x66, 0xFF, 0x3A, 0x54, 0x72, 0xFF, 0x46, 0x62, 0x81, 0xFF, 0x47, 0x63, 0x82, 0xFF,
    0x91, 0xC1, 0xFB, 0xFF, 0x90, 0xC0, 0xFA, 0xFF, 0x8E, 0xBD, 0xFA, 0xFF, 0x8C, 0xBB, 0xF9, 0xFF,
    0x8B, 0xB6, 0xF9, 0xFF, 0x86, 0xB0, 0xF5, 0xFF, 0x81, 0xA8, 0xF2, 0xFF, 0x80, 0xA4, 0xF0, 0xFF,
    0x84, 0xA5, 0xF4, 0xFF, 0x81, 0xA2, 0xF1, 0xFF, 0x7E, 0x9C, 0xED, 0xFF, 0x7B, 0x99, 0xEA, 0xFF,
    0x79, 0x96, 0xE7, 0xFF, 0x75, 0x93, 0xE2, 0xFF, 0x71, 0x8C, 0xDD, 0xFF, 0x6D, 0x88, 0xD8, 0xFF,
    0x71, 0x8B, 0xD8, 0xFF, 0x6F, 0x89, 0xD5, 0xFF, 0x6E, 0x87, 0xD1, 0xFF, 0x6E, 0x84, 0xCC, 0xFF,
    0x6D, 0x80, 0xC9, 0xFF, 0x68, 0x7D, 0xC1, 0xFF, 0x5E, 0x76, 0xB8, 0xFF, 0x55, 0x70, 0xB0, 0xFF,
    0x4D, 0x6A, 0xA7, 0xFF, 0x48, 0x68, 0xA3, 0xFF, 0x43, 0x64, 0x9C, 0xFF, 0x43, 0x64, 0x9C, 0xFF,
    0x47, 0x65, 0x9E, 0xFF, 0x42, 0x5F, 0x98, 0xFF, 0x3B, 0x56, 0x8F, 0xFF, 0x39, 0x52, 0x8A, 0xFF,
    0x33, 0x4D, 0x83, 0xFF, 0x34, 0x50, 0x86, 0xFF, 0x38, 0x54, 0x8A, 0xFF, 0x3B, 0x58, 0x8B, 0xFF,
    0x41, 0x5E, 0x91, 0xFF, 0x50, 0x6E, 0x9F, 0xFF, 0x6A, 0x85, 0xB7, 0xFF, 0x7D, 0x98, 0xCA, 0xFF,
    0x77, 0x92, 0xC4, 0xFF, 0x72, 0x8D, 0xBF, 0xFF, 0x6C, 0x85, 0xB7, 0xFF, 0x63, 0x7C, 0xAE, 0xFF,
    0x5C, 0x74, 0xA8, 0xFF, 0x56, 0x6E, 0xA2, 0xFF, 0x52, 0x6A, 0xA0, 0xFF, 0x50, 0x68, 0x9C, 0xFF,
    0x49, 0x64, 0x97, 0xFF, 0x47, 0x62, 0x94, 0xFF, 0x45, 0x60, 0x92, 0xFF, 0x44, 0x5F, 0x91, 0xFF,
    0x43, 0x5E, 0x90, 0xFF, 0x43, 0x5E, 0x90, 0xFF, 0x42, 0x5D, 0x8F, 0xFF, 0x41, 0x5C, 0x8E, 0xFF,
    0x42, 0x5E, 0x8D, 0xFF, 0x41, 0x5D, 0x8C, 0xFF, 0x40, 0x5C, 0x8B, 0xFF, 0x3F, 0x5B, 0x8A, 0xFF,
    0x3E, 0x5A, 0x89, 0xFF, 0x3D, 0x59, 0x88, 0xFF, 0x3C, 0x58, 0x87, 0xFF, 0x3C, 0x58, 0x87, 0xFF,
    0x41, 0x59, 0x87, 0xFF, 0x41, 0x59, 0x87, 0xFF, 0x41, 0x59, 0x87, 0xFF, 0x42, 0x5A, 0x88, 0xFF,
    0x43, 0x5B, 0x89, 0xFF, 0x44, 0x5C, 0x8A, 0xFF, 0x45, 0x5C, 0x8A, 0xFF, 0x46, 0x5D, 0x8B, 0xFF,
    0x42, 0x59, 0x86, 0xFF, 0x3E, 0x55, 0x82, 0xFF, 0x38, 0x4D, 0x7A, 0xFF, 0x2E, 0x43, 0x70, 0xFF,
    0x23, 0x38, 0x65, 0xFF, 0x1B, 0x30, 0x5D, 0xFF, 0x18, 0x2D, 0x5A, 0xFF, 0x17, 0x2C, 0x59, 0xFF,
    0x20, 0x33, 0x60, 0xFF, 0x22, 0x35, 0x62, 0xFF, 0x25, 0x38, 0x63, 0xFF, 0x2B, 0x3E, 0x69, 0xFF,
    0x34, 0x46, 0x6F, 0xFF, 0x39, 0x4B, 0x74, 0xFF, 0x3D, 0x4F, 0x78, 0xFF, 0x3F, 0x52, 0x78, 0xFF,
    0x40, 0x51, 0x78, 0xFF, 0x40, 0x52, 0x77, 0xFF, 0x3F, 0x51, 0x76, 0xFF, 0x3F, 0x51, 0x76, 0xFF,
    0x40, 0x50, 0x74, 0xFF, 0x3F, 0x4F, 0x73, 0xFF, 0x3E, 0x4F, 0x70, 0xFF, 0x3E, 0x50, 0x6F, 0xFF,
    0x39, 0x4D, 0x6C, 0xFF, 0x38, 0x4D, 0x69, 0xFF, 0x38, 0x4A, 0x67, 0xFF, 0x35, 0x47, 0x64, 0xFF,
    0x32, 0x43, 0x5E, 0xFF, 0x2E, 0x3F, 0x5A, 0xFF, 0x2A, 0x3B, 0x56, 0xFF, 0x27, 0x38, 0x53, 0xFF,
    0x24, 0x33, 0x4D, 0xFF, 0x1F, 0x2E, 0x48, 0xFF, 0x18, 0x29, 0x43, 0xFF, 0x14, 0x25, 0x3F, 0xFF,
    0x0E, 0x20, 0x37, 0xFF, 0x0D, 0x1F, 0x36, 0xFF, 0x13, 0x28, 0x3E, 0xFF, 0x1C, 0x31, 0x47, 0xFF,
    0x2F, 0x44, 0x59, 0xFF, 0x34, 0x49, 0x5E, 0xFF, 0x30, 0x47, 0x5D, 0xFF, 0x2B, 0x42, 0x58, 0xFF,
    0x2C, 0x44, 0x5C, 0xFF, 0x30, 0x49, 0x63, 0xFF, 0x39, 0x51, 0x6D, 0xFF, 0x43, 0x5D, 0x7B, 0xFF,
    0x4B, 0x67, 0x86, 0xFF, 0x4C, 0x67, 0x89, 0xFF, 0x87, 0xB8, 0xF6, 0xFF, 0x86, 0xB6, 0xF6, 0xFF,
    0x87, 0xB4, 0xF7, 0xFF, 0x86, 0xB3, 0xF6, 0xFF, 0x86, 0xB0, 0xF5, 0xFF, 0x82, 0xAC, 0xF3, 0xFF,
    0x7F, 0xA6, 0xF1, 0xFF, 0x7E, 0xA2, 0xEE, 0xFF, 0x7E, 0x9F, 0xEE, 0xFF, 0x7B, 0x9C, 0xEB, 0xFF,
    0x79, 0x97, 0xE8, 0xFF, 0x77, 0x96, 0xE5, 0xFF, 0x78, 0x96, 0xE5, 0xFF, 0x75, 0x93, 0xE2, 0xFF,
    0x74, 0x8F, 0xDF, 0xFF, 0x70, 0x8C, 0xD9, 0xFF, 0x71, 0x8B, 0xD7, 0xFF, 0x70, 0x88, 0xD4, 0xFF,
    0x6A, 0x81, 0xCC, 0xFF, 0x63, 0x7B, 0xC3, 0xFF, 0x60, 0x76, 0xBE, 0xFF, 0x5F, 0x73, 0xBA, 0xFF,
    0x57, 0x6E, 0xB2, 0xFF, 0x51, 0x69, 0xAB, 0xFF, 0x4D, 0x68, 0xA8, 0xFF, 0x47, 0x64, 0xA1, 0xFF,
    0x42, 0x60, 0x9B, 0xFF, 0x3B, 0x5C, 0x94, 0xFF, 0x3A, 0x58, 0x91, 0xFF, 0x3A, 0x57, 0x90, 0xFF,
    0x3B, 0x56, 0x8F, 0xFF, 0x38, 0x53, 0x8C, 0xFF, 0x3F, 0x5A, 0x92, 0xFF, 0x39, 0x58, 0x8D, 0xFF,
    0x38, 0x57, 0x8C, 0xFF, 0x3E, 0x5A, 0x90, 0xFF, 0x42, 0x5E, 0x94, 0xFF, 0x4D, 0x6A, 0x9D, 0xFF,
    0x64, 0x7F, 0xB2, 0xFF, 0x77, 0x92, 0xC4, 0xFF, 0x7D, 0x98, 0xCA, 0xFF, 0x79, 0x94, 0xC6, 0xFF,
    0x74, 0x8D, 0xBF, 0xFF, 0x6C, 0x85, 0xB7, 0xFF, 0x64, 0x7C, 0xB0, 0xFF, 0x5D, 0x75, 0xA9, 0xFF,
    0x56, 0x6E, 0xA4, 0xFF, 0x52, 0x6A, 0x9E, 0xFF, 0x4B, 0x66, 0x99, 0xFF, 0x49, 0x64, 0x96, 0xFF,
    0x46, 0x61, 0x93, 0xFF, 0x44, 0x5F, 0x91, 0xFF, 0x43, 0x5E, 0x90, 0xFF, 0x42, 0x5D, 0x8F, 0xFF,
    0x41, 0x5C, 0x8E, 0xFF, 0x40, 0x5B, 0x8D, 0xFF, 0x41, 0x5D, 0x8C, 0xFF, 0x40, 0x5C, 0x8B, 0xFF,
    0x3F, 0x5B, 0x8A, 0xFF, 0x3D, 0x59, 0x88, 0xFF, 0x3B, 0x57, 0x86, 0xFF, 0x3A, 0x56, 0x85, 0xFF,
    0x3A, 0x56, 0x85, 0xFF, 0x39, 0x55, 0x84, 0xFF, 0x3E, 0x58, 0x86, 0xFF, 0x41, 0x59, 0x87, 0xFF,
    0x42, 0x5A, 0x88, 0xFF, 0x3F, 0x57, 0x85, 0xFF, 0x3B, 0x53, 0x81, 0xFF, 0x3A, 0x52, 0x80, 0xFF,
    0x3C, 0x53, 0x81, 0xFF, 0x3E, 0x55, 0x83, 0xFF, 0x39, 0x50, 0x7D, 0xFF, 0x36, 0x4D, 0x7A, 0xFF,
    0x32, 0x47, 0x74, 0xFF, 0x29, 0x3E, 0x6B, 0xFF, 0x1F, 0x34, 0x61, 0xFF, 0x17, 0x2C, 0x59, 0xFF,
    0x14, 0x29, 0x56, 0xFF, 0x13, 0x28, 0x55, 0xFF, 0x1B, 0x2E, 0x5B, 0xFF, 0x1C, 0x2F, 0x5C, 0xFF,
    0x20, 0x33, 0x5E, 0xFF, 0x27, 0x3A, 0x65, 0xFF, 0x30, 0x42, 0x6B, 0xFF, 0x36, 0x48, 0x71, 0xFF,
    0x39, 0x4B, 0x74, 0xFF, 0x3B, 0x4E, 0x74, 0xFF, 0x3E, 0x4F, 0x76, 0xFF, 0x3E, 0x50, 0x75, 0xFF,
    0x3E, 0x50, 0x75, 0xFF, 0x3D, 0x4F, 0x74, 0xFF, 0x3F, 0x4F, 0x73, 0xFF, 0x3D, 0x4D, 0x71, 0xFF,
    0x3C, 0x4D, 0x6E, 0xFF, 0x3C, 0x4E, 0x6D, 0xFF, 0x39, 0x4B, 0x6A, 0xFF, 0x37, 0x4C, 0x68, 0xFF,
    0x38, 0x4A, 0x67, 0xFF, 0x35, 0x47, 0x64, 0xFF, 0x33, 0x44, 0x5F, 0xFF, 0x2D, 0x3E, 0x59, 0xFF,
    0x28, 0x39, 0x54, 0xFF, 0x25, 0x36, 0x51, 0xFF, 0x22, 0x31, 0x4B, 0xFF, 0x1E, 0x2D, 0x47, 0xFF,
    0x18, 0x29, 0x43, 0xFF, 0x14, 0x25, 0x3F, 0xFF, 0x10, 0x22, 0x39, 0xFF, 0x0F, 0x21, 0x38, 0xFF,
    0x15, 0x2A, 0x40, 0xFF, 0x20, 0x35, 0x4B, 0xFF, 0x31, 0x46, 0x5B, 0xFF, 0x33, 0x48, 0x5D, 0xFF,
    0x2E, 0x45, 0x5B, 0xFF, 0x2C, 0x42, 0x5B, 0xFF, 0x31, 0x48, 0x62, 0xFF, 0x37, 0x4F, 0x6B, 0xFF,
    0x3F, 0x59, 0x77, 0xFF, 0x4B, 0x64, 0x84, 0xFF, 0x4F, 0x6A, 0x8C, 0xFF, 0x50, 0x6B, 0x8D, 0xFF,
    0x81, 0xAE, 0xF2, 0xFF, 0x80, 0xAD, 0xF1, 0xFF, 0x80, 0xAC, 0xF3, 0xFF, 0x80, 0xAC, 0xF3, 0xFF,
    0x81, 0xAA, 0xF3, 0xFF, 0x7F, 0xA7, 0xF2, 0xFF, 0x7C, 0xA3, 0xEE, 0xFF, 0x7C, 0xA0, 0xEE, 0xFF,
    0x7A, 0x9B, 0xEA, 0xFF, 0x78, 0x99, 0xE8, 0xFF, 0x77, 0x96, 0xE5, 0xFF, 0x76, 0x95, 0xE4, 0xFF,
    0x76, 0x94, 0xE3, 0xFF, 0x75, 0x91, 0xDE, 0xFF, 0x71, 0x8D, 0xDA, 0xFF, 0x6C, 0x89, 0xD4, 0xFF,
    0x65, 0x7F, 0xCB, 0xFF, 0x65, 0x7E, 0xC8, 0xFF, 0x60, 0x77, 0xC2, 0xFF, 0x59, 0x71, 0xB9, 0xFF,
    0x58, 0x6E, 0xB6, 0xFF, 0x57, 0x6D, 0xB4, 0xFF, 0x54, 0x6B, 0xAF, 0xFF, 0x50, 0x68, 0xAA, 0xFF,
    0x47, 0x62, 0xA2, 0xFF, 0x3F, 0x5C, 0x99, 0xFF, 0x3A, 0x57, 0x94, 0xFF, 0x39, 0x57, 0x92, 0xFF,
    0x3E, 0x5C, 0x97, 0xFF, 0x4A, 0x68, 0xA3, 0xFF, 0x52, 0x6E, 0xAA, 0xFF, 0x4E, 0x6C, 0xA5, 0xFF,
    0x50, 0x6F, 0xA6, 0xFF, 0x40, 0x5F, 0x96, 0xFF, 0x35, 0x54, 0x8B, 0xFF, 0x39, 0x58, 0x8D, 0xFF,
    0x3F, 0x5E, 0x93, 0xFF, 0x48, 0x67, 0x9C, 0xFF, 0x59, 0x75, 0xAB, 0xFF, 0x69, 0x86, 0xB9, 0xFF,
    0x84, 0x9F, 0xD2, 0xFF, 0x81, 0x9C, 0xCF, 0xFF, 0x7D, 0x95, 0xC9, 0xFF, 0x76, 0x8E, 0xC2, 0xFF,
    0x6E, 0x86, 0xBA, 0xFF, 0x64, 0x7C, 0xB0, 0xFF, 0x5B, 0x73, 0xA7, 0xFF, 0x55, 0x6D, 0xA1, 0xFF,
    0x4E, 0x69, 0x9C, 0xFF, 0x4B, 0x66, 0x99, 0xFF, 0x48, 0x63, 0x96, 0xFF, 0x45, 0x60, 0x93, 0xFF,
    0x43, 0x5E, 0x90, 0xFF, 0x42, 0x5D, 0x8F, 0xFF, 0x40, 0x5B, 0x8D, 0xFF, 0x3F, 0x5A, 0x8C, 0xFF,
    0x40, 0x5B, 0x8D, 0xFF, 0x3F, 0x5A, 0x8C, 0xFF, 0x3D, 0x59, 0x88, 0xFF, 0x3B, 0x57, 0x86, 0xFF,
    0x39, 0x55, 0x84, 0xFF, 0x38, 0x54, 0x83, 0xFF, 0x37, 0x53, 0x82, 0xFF, 0x37, 0x53, 0x82, 0xFF,
    0x39, 0x53, 0x81, 0xFF, 0x3C, 0x56, 0x84, 0xFF, 0x3D, 0x55, 0x83, 0xFF, 0x37, 0x4F, 0x7D, 0xFF,
    0x2E, 0x46, 0x74, 0xFF, 0x28, 0x40, 0x6E, 0xFF, 0x2A, 0x41, 0x6E, 0xFF, 0x2E, 0x45, 0x72, 0xFF,
    0x30, 0x47, 0x74, 0xFF, 0x2F, 0x46, 0x73, 0xFF, 0x2D, 0x42, 0x6F, 0xFF, 0x27, 0x3C, 0x69, 0xFF,
    0x1F, 0x35, 0x5F, 0xFF, 0x1A, 0x30, 0x5A, 0xFF, 0x18, 0x2E, 0x58, 0xFF, 0x17, 0x2D, 0x57, 0xFF,
    0x1A, 0x2D, 0x5A, 0xFF, 0x1C, 0x2F, 0x5C, 0xFF, 0x23, 0x34, 0x5F, 0xFF, 0x29, 0x3A, 0x65, 0xFF,
    0x2F, 0x41, 0x6A, 0xFF, 0x33, 0x45, 0x6E, 0xFF, 0x37, 0x47, 0x71, 0xFF, 0x37, 0x48, 0x6F, 0xFF,
    0x3C, 0x4D, 0x74, 0xFF, 0x3C, 0x4E, 0x73, 0xFF, 0x3D, 0x4D, 0x72, 0xFF, 0x3D, 0x4D, 0x72, 0xFF,
    0x3E, 0x4C, 0x70, 0xFF, 0x3D, 0x4B, 0x6F, 0xFF, 0x3C, 0x4B, 0x6C, 0xFF, 0x39, 0x4B, 0x6A, 0xFF,
    0x37, 0x49, 0x68, 0xFF, 0x37, 0x49, 0x66, 0xFF, 0x37, 0x49, 0x66, 0xFF, 0x35, 0x47, 0x64, 0xFF,
    0x33, 0x44, 0x5F, 0xFF, 0x2D, 0x3E, 0x59, 0xFF, 0x29, 0x37, 0x53, 0xFF, 0x25, 0x33, 0x4F, 0xFF,
    0x20, 0x2F, 0x49, 0xFF, 0x1D, 0x2C, 0x46, 0xFF, 0x19, 0x2A, 0x44, 0xFF, 0x17, 0x28, 0x42, 0xFF,
    0x13, 0x25, 0x3C, 0xFF, 0x13, 0x25, 0x3C, 0xFF, 0x19, 0x2E, 0x44, 0xFF, 0x24, 0x39, 0x4F, 0xFF,
    0x34, 0x49, 0x5E, 0xFF, 0x35, 0x4A, 0x5F, 0xFF, 0x30, 0x47, 0x5D, 0xFF, 0x31, 0x47, 0x60, 0xFF,
    0x38, 0x4F, 0x69, 0xFF, 0x3F, 0x57, 0x73, 0xFF, 0x46, 0x60, 0x7E, 0xFF, 0x51, 0x6A, 0x8A, 0xFF,
    0x51, 0x6C, 0x8E, 0xFF, 0x53, 0x6E, 0x90, 0xFF, 0x7E, 0xA7, 0xF0, 0xFF, 0x7C, 0xA7, 0xF0, 0xFF,
    0x7E, 0xA7, 0xF0, 0xFF, 0x7E, 0xA6, 0xF1, 0xFF, 0x7E, 0xA6, 0xF1, 0xFF, 0x7D, 0xA4, 0xEF, 0xFF,
    0x7D, 0xA1, 0xEF, 0xFF, 0x7B, 0x9F, 0xED, 0xFF, 0x7B, 0x9C, 0xEB, 0xFF, 0x79, 0x9A, 0xE9, 0xFF,
    0x78, 0x97, 0xE6, 0xFF, 0x77, 0x95, 0xE2, 0xFF, 0x77, 0x93, 0xE0, 0xFF, 0x72, 0x8F, 0xDA, 0xFF,
    0x6B, 0x88, 0xD3, 0xFF, 0x67, 0x81, 0xCD, 0xFF, 0x5F, 0x78, 0xC2, 0xFF, 0x5F, 0x78, 0xC2, 0xFF,
    0x5D, 0x74, 0xBF, 0xFF, 0x57, 0x6F, 0xB7, 0xFF, 0x53, 0x6B, 0xB3, 0xFF, 0x53, 0x69, 0xB0, 0xFF,
    0x4F, 0x65, 0xAC, 0xFF, 0x4A, 0x61, 0xA5, 0xFF, 0x43, 0x5D, 0x9F, 0xFF, 0x3C, 0x57, 0x97, 0xFF,
    0x3C, 0x57, 0x97, 0xFF, 0x47, 0x64, 0xA1, 0xFF, 0x5D, 0x7A, 0xB7, 0xFF, 0x76, 0x94, 0xCF, 0xFF,
    0x7B, 0x9B, 0xD6, 0xFF, 0x71, 0x91, 0xCC, 0xFF, 0x5B, 0x7C, 0xB4, 0xFF, 0x43, 0x65, 0x9B, 0xFF,
    0x30, 0x52, 0x88, 0xFF, 0x33, 0x52, 0x89, 0xFF, 0x3C, 0x5B, 0x92, 0xFF, 0x44, 0x63, 0x98, 0xFF,
    0x52, 0x6E, 0xA4, 0xFF, 0x5D, 0x79, 0xAF, 0xFF, 0x89, 0xA3, 0xD9, 0xFF, 0x86, 0xA1, 0xD4, 0xFF,
    0x84, 0x9C, 0xD0, 0xFF, 0x7D, 0x95, 0xC9, 0xFF, 0x74, 0x8C, 0xC0, 0xFF, 0x69, 0x81, 0xB5, 0xFF,
    0x5E, 0x76, 0xAA, 0xFF, 0x57, 0x6F, 0xA3, 0xFF, 0x50, 0x6B, 0x9E, 0xFF, 0x4D, 0x68, 0x9B, 0xFF,
    0x49, 0x64, 0x97, 0xFF, 0x46, 0x61, 0x94, 0xFF, 0x43, 0x5E, 0x90, 0xFF, 0x42, 0x5D, 0x8F, 0xFF,
    0x40, 0x5B, 0x8D, 0xFF, 0x3F, 0x5A, 0x8C, 0xFF, 0x3F, 0x5A, 0x8C, 0xFF, 0x3D, 0x58, 0x8A, 0xFF,
    0x3B, 0x57, 0x86, 0xFF, 0x39, 0x55, 0x84, 0xFF, 0x37, 0x53, 0x82, 0xFF, 0x36, 0x52, 0x81, 0xFF,
    0x35, 0x51, 0x80, 0xFF, 0x35, 0x51, 0x80, 0xFF, 0x34, 0x4E, 0x7C, 0xFF, 0x37, 0x51, 0x7F, 0xFF,
    0x38, 0x50, 0x7E, 0xFF, 0x2F, 0x47, 0x75, 0xFF, 0x22, 0x3A, 0x68, 0xFF, 0x19, 0x31, 0x5F, 0xFF,
    0x1B, 0x32, 0x5F, 0xFF, 0x1F, 0x36, 0x63, 0xFF, 0x2A, 0x41, 0x6E, 0xFF, 0x2A, 0x41, 0x6E, 0xFF,
    0x2B, 0x40, 0x6D, 0xFF, 0x27, 0x3C, 0x69, 0xFF, 0x22, 0x38, 0x62, 0xFF, 0x1E, 0x34, 0x5E, 0xFF,
    0x1D, 0x33, 0x5D, 0xFF, 0x1E, 0x34, 0x5E, 0xFF, 0x1D, 0x30, 0x5D, 0xFF, 0x1F, 0x32, 0x5F, 0xFF,
    0x25, 0x36, 0x61, 0xFF, 0x2B, 0x3C, 0x67, 0xFF, 0x30, 0x42, 0x6B, 0xFF, 0x33, 0x45, 0x6E, 0xFF,
    0x35, 0x45, 0x6F, 0xFF, 0x35, 0x46, 0x6D, 0xFF, 0x3A, 0x4B, 0x72, 0xFF, 0x3A, 0x4C, 0x71, 0xFF,
    0x3B, 0x4B, 0x70, 0xFF, 0x3B, 0x4B, 0x70, 0xFF, 0x3C, 0x4A, 0x6E, 0xFF, 0x3B, 0x49, 0x6D, 0xFF,
    0x3A, 0x49, 0x6A, 0xFF, 0x39, 0x48, 0x68, 0xFF, 0x36, 0x48, 0x67, 0xFF, 0x36, 0x48, 0x65, 0xFF,
    0x37, 0x49, 0x66, 0xFF, 0x35, 0x47, 0x64, 0xFF, 0x33, 0x44, 0x5F, 0xFF, 0x2C, 0x3D, 0x58, 0xFF,
    0x28, 0x36, 0x52, 0xFF, 0x24, 0x32, 0x4E, 0xFF, 0x1F, 0x2E, 0x48, 0xFF, 0x1D, 0x2C, 0x46, 0xFF,
    0x1B, 0x2C, 0x46, 0xFF, 0x1A, 0x2B, 0x45, 0xFF, 0x16, 0x28, 0x3F, 0xFF, 0x15, 0x27, 0x3E, 0xFF,
    0x1C, 0x31, 0x47, 0xFF, 0x26, 0x3B, 0x51, 0xFF, 0x36, 0x4B, 0x60, 0xFF, 0x35, 0x4C, 0x62, 0xFF,
    0x33, 0x49, 0x62, 0xFF, 0x35, 0x4D, 0x65, 0xFF, 0x3D, 0x55, 0x71, 0xFF, 0x44, 0x5C, 0x78, 0xFF,
    0x49, 0x62, 0x82, 0xFF, 0x51, 0x6D, 0x8C, 0xFF, 0x52, 0x6D, 0x8F, 0xFF, 0x54, 0x6F, 0x91, 0xFF,
    0x7B, 0xA2, 0xED, 0xFF, 0x7A, 0xA2, 0xED, 0xFF, 0x7B, 0xA2, 0xED, 0xFF, 0x7A, 0xA0, 0xEE, 0xFF,
    0x7A, 0xA0, 0xEE, 0xFF, 0x7C, 0xA0, 0xEE, 0xFF, 0x7E, 0xA2, 0xF0, 0xFF, 0x82, 0xA3, 0xF2, 0xFF,
    0x81, 0xA1, 0xED, 0xFF, 0x7E, 0x9E, 0xEA, 0xFF, 0x79, 0x97, 0xE4, 0xFF, 0x72, 0x91, 0xDC, 0xFF,
    0x6C, 0x89, 0xD4, 0xFF, 0x65, 0x82, 0xCC, 0xFF, 0x60, 0x7B, 0xC5, 0xFF, 0x5C, 0x77, 0xC1, 0xFF,
    0x5D, 0x76, 0xC0, 0xFF, 0x5F, 0x76, 0xC1, 0xFF, 0x5E, 0x77, 0xBF, 0xFF, 0x5A, 0x73, 0xBB, 0xFF,
    0x53, 0x6C, 0xB4, 0xFF, 0x4C, 0x65, 0xAB, 0xFF, 0x46, 0x5F, 0xA5, 0xFF, 0x43, 0x5D, 0xA0, 0xFF,
    0x3F, 0x56, 0x9A, 0xFF, 0x4A, 0x64, 0xA6, 0xFF, 0x5F, 0x7A, 0xBA, 0xFF, 0x6E, 0x8B, 0xC8, 0xFF,
    0x7E, 0x9B, 0xD8, 0xFF, 0x92, 0xB1, 0xEE, 0xFF, 0x90, 0xB2, 0xEE, 0xFF, 0x77, 0x9C, 0xD6, 0xFF,
    0x60, 0x85, 0xBD, 0xFF, 0x45, 0x6A, 0xA2, 0xFF, 0x30, 0x53, 0x8B, 0xFF, 0x32, 0x53, 0x8B, 0xFF,
    0x3D, 0x5B, 0x94, 0xFF, 0x40, 0x5F, 0x96, 0xFF, 0x41, 0x5F, 0x96, 0xFF, 0x44, 0x60, 0x96, 0xFF,
    0x6D, 0x87, 0xBD, 0xFF, 0x88, 0xA2, 0xD8, 0xFF, 0x8E, 0xA9, 0xDC, 0xFF, 0x80, 0x9B, 0xCE, 0xFF,
    0x78, 0x93, 0xC5, 0xFF, 0x6F, 0x8A, 0xBC, 0xFF, 0x63, 0x7E, 0xB0, 0xFF, 0x5F, 0x7A, 0xAC, 0xFF,
    0x57, 0x72, 0xA5, 0xFF, 0x51, 0x6C, 0x9F, 0xFF, 0x49, 0x64, 0x97, 0xFF, 0x45, 0x60, 0x93, 0xFF,
    0x44, 0x5F, 0x92, 0xFF, 0x43, 0x5E, 0x91, 0xFF, 0x41, 0x5C, 0x8E, 0xFF, 0x3E, 0x59, 0x8B, 0xFF,
    0x3E, 0x59, 0x8B, 0xFF, 0x3C, 0x57, 0x89, 0xFF, 0x39, 0x54, 0x86, 0xFF, 0x35, 0x50, 0x82, 0xFF,
    0x32, 0x4E, 0x7D, 0xFF, 0x2F, 0x4B, 0x7A, 0xFF, 0x2E, 0x4A, 0x79, 0xFF, 0x2D, 0x49, 0x78, 0xFF,
    0x31, 0x4B, 0x79, 0xFF, 0x2D, 0x47, 0x75, 0xFF, 0x27, 0x41, 0x6F, 0xFF, 0x21, 0x3B, 0x69, 0xFF,
    0x21, 0x3A, 0x66, 0xFF, 0x22, 0x3B, 0x67, 0xFF, 0x25, 0x3C, 0x69, 0xFF, 0x27, 0x3E, 0x6B, 0xFF,
    0x2A, 0x41, 0x6E, 0xFF, 0x28, 0x3F, 0x6C, 0xFF, 0x27, 0x3D, 0x67, 0xFF, 0x24, 0x3A, 0x64, 0xFF,
    0x24, 0x37, 0x62, 0xFF, 0x24, 0x37, 0x62, 0xFF, 0x24, 0x37, 0x62, 0xFF, 0x24, 0x37, 0x62, 0xFF,
    0x28, 0x38, 0x66, 0xFF, 0x28, 0x38, 0x66, 0xFF, 0x2A, 0x3B, 0x66, 0xFF, 0x2C, 0x3D, 0x68, 0xFF,
    0x31, 0x41, 0x6B, 0xFF, 0x33, 0x43, 0x6D, 0xFF, 0x35, 0x45, 0x6F, 0xFF, 0x35, 0x46, 0x6D, 0xFF,
    0x37, 0x46, 0x6D, 0xFF, 0x36, 0x46, 0x6B, 0xFF, 0x37, 0x44, 0x6A, 0xFF, 0x36, 0x43, 0x69, 0xFF,
    0x36, 0x44, 0x68, 0xFF, 0x36, 0x44, 0x68, 0xFF, 0x38, 0x44, 0x66, 0xFF, 0x37, 0x46, 0x66, 0xFF,
    0x34, 0x46, 0x65, 0xFF, 0x34, 0x46, 0x63, 0xFF, 0x37, 0x47, 0x64, 0xFF, 0x38, 0x48, 0x65, 0xFF,
    0x39, 0x47, 0x63, 0xFF, 0x33, 0x41, 0x5D, 0xFF, 0x2A, 0x38, 0x54, 0xFF, 0x23, 0x31, 0x4D, 0xFF,
    0x22, 0x31, 0x4B, 0xFF, 0x20, 0x2F, 0x49, 0xFF, 0x1D, 0x2E, 0x48, 0xFF, 0x1D, 0x2E, 0x48, 0xFF,
    0x1C, 0x2E, 0x45, 0xFF, 0x1C, 0x2E, 0x45, 0xFF, 0x1D, 0x32, 0x48, 0xFF, 0x22, 0x37, 0x4D, 0xFF,
    0x30, 0x47, 0x5D, 0xFF, 0x35, 0x4C, 0x62, 0xFF, 0x3A, 0x50, 0x69, 0xFF, 0x3A, 0x52, 0x6A, 0xFF,
    0x3B, 0x53, 0x6F, 0xFF, 0x44, 0x5C, 0x78, 0xFF, 0x4C, 0x65, 0x85, 0xFF, 0x51, 0x6D, 0x8C, 0xFF,
    0x55, 0x70, 0x92, 0xFF, 0x54, 0x70, 0x93, 0xFF, 0x78, 0x9C, 0xEA, 0xFF, 0x79, 0x9D, 0xEB, 0xFF,
    0x7A, 0x9E, 0xEC, 0xFF, 0x7B, 0x9F, 0xED, 0xFF, 0x7D, 0x9E, 0xED, 0xFF, 0x7D, 0x9E, 0xED, 0xFF,
    0x80, 0x9F, 0xEE, 0xFF, 0x80, 0xA0, 0xEC, 0xFF, 0x78, 0x98, 0xE4, 0xFF, 0x73, 0x92, 0xDD, 0xFF,
    0x6B, 0x8A, 0xD5, 0xFF, 0x67, 0x84, 0xCF, 0xFF, 0x63, 0x80, 0xCA, 0xFF, 0x60, 0x7D, 0xC7, 0xFF,
    0x5E, 0x79, 0xC3, 0xFF, 0x5B, 0x76, 0xC0, 0xFF, 0x5E, 0x75, 0xC0, 0xFF, 0x5A, 0x71, 0xBC, 0xFF,
    0x54, 0x6D, 0xB5, 0xFF, 0x4E, 0x67, 0xAF, 0xFF, 0x4B, 0x64, 0xAC, 0xFF, 0x4C, 0x65, 0xAD, 0xFF,
    0x50, 0x6A, 0xB0, 0xFF, 0x54, 0x6D, 0xB3, 0xFF, 0x6F, 0x85, 0xCC, 0xFF, 0x72, 0x89, 0xCD, 0xFF,
    0x78, 0x92, 0xD4, 0xFF, 0x7A, 0x96, 0xD6, 0xFF, 0x7D, 0x9C, 0xDB, 0xFF, 0x8D, 0xAF, 0xEB, 0xFF,
    0x94, 0xB8, 0xF4, 0xFF, 0x88, 0xAD, 0xE9, 0xFF, 0x68, 0x8E, 0xC8, 0xFF, 0x52, 0x79, 0xB0, 0xFF,
    0x3C, 0x61, 0x99, 0xFF, 0x35, 0x58, 0x90, 0xFF, 0x39, 0x5A, 0x92, 0xFF, 0x3E, 0x5C, 0x95, 0xFF,
    0x3D, 0x5B, 0x94, 0xFF, 0x3C, 0x5A, 0x91, 0xFF, 0x51, 0x6C, 0xA4, 0xFF, 0x73, 0x8D, 0xC3, 0xFF,
    0x87, 0xA1, 0xD7, 0xFF, 0x86, 0xA1, 0xD4, 0xFF, 0x80, 0x9B, 0xCD, 0xFF, 0x74, 0x8F, 0xC1, 0xFF,
    0x68, 0x83, 0xB5, 0xFF, 0x65, 0x80, 0xB2, 0xFF, 0x59, 0x74, 0xA7, 0xFF, 0x52, 0x6D, 0xA0, 0xFF,
    0x4A, 0x65, 0x98, 0xFF, 0x45, 0x60, 0x93, 0xFF, 0x44, 0x5F, 0x92, 0xFF, 0x43, 0x5E, 0x91, 0xFF,
    0x40, 0x5B, 0x8D, 0xFF, 0x3D, 0x58, 0x8A, 0xFF, 0x3C, 0x57, 0x89, 0xFF, 0x3A, 0x55, 0x87, 0xFF,
    0x37, 0x52, 0x84, 0xFF, 0x33, 0x4E, 0x80, 0xFF, 0x30, 0x4C, 0x7B, 0xFF, 0x2D, 0x49, 0x78, 0xFF,
    0x2C, 0x48, 0x77, 0xFF, 0x2B, 0x47, 0x76, 0xFF, 0x30, 0x4A, 0x78, 0xFF, 0x2D, 0x47, 0x75, 0xFF,
    0x28, 0x42, 0x70, 0xFF, 0x24, 0x3E, 0x6C, 0xFF, 0x24, 0x3D, 0x69, 0xFF, 0x25, 0x3E, 0x6A, 0xFF,
    0x28, 0x3F, 0x6C, 0xFF, 0x29, 0x40, 0x6D, 0xFF, 0x2A, 0x41, 0x6E, 0xFF, 0x29, 0x40, 0x6D, 0xFF,
    0x28, 0x3E, 0x68, 0xFF, 0x26, 0x3C, 0x66, 0xFF, 0x27, 0x3A, 0x65, 0xFF, 0x27, 0x3A, 0x65, 0xFF,
    0x28, 0x3B, 0x66, 0xFF, 0x28, 0x3B, 0x66, 0xFF, 0x2B, 0x3B, 0x69, 0xFF, 0x2B, 0x3B, 0x69, 0xFF,
    0x2C, 0x3D, 0x68, 0xFF, 0x2E, 0x3F, 0x6A, 0xFF, 0x32, 0x42, 0x6C, 0xFF, 0x34, 0x44, 0x6E, 0xFF,
    0x35, 0x45, 0x6F, 0xFF, 0x35, 0x46, 0x6D, 0xFF, 0x36, 0x45, 0x6C, 0xFF, 0x35, 0x45, 0x6A, 0xFF,
    0x35, 0x42, 0x68, 0xFF, 0x34, 0x41, 0x67, 0xFF, 0x33, 0x41, 0x65, 0xFF, 0x34, 0x42, 0x66, 0xFF,
    0x37, 0x43, 0x65, 0xFF, 0x38, 0x45, 0x65, 0xFF, 0x36, 0x45, 0x65, 0xFF, 0x34, 0x46, 0x63, 0xFF,
    0x36, 0x46, 0x63, 0xFF, 0x37, 0x47, 0x64, 0xFF, 0x39, 0x47, 0x63, 0xFF, 0x33, 0x41, 0x5D, 0xFF,
    0x2B, 0x39, 0x55, 0xFF, 0x24, 0x32, 0x4E, 0xFF, 0x22, 0x31, 0x4B, 0xFF, 0x20, 0x2F, 0x49, 0xFF,
    0x1D, 0x2E, 0x48, 0xFF, 0x1E, 0x2F, 0x49, 0xFF, 0x1D, 0x2F, 0x46, 0xFF, 0x1E, 0x30, 0x47, 0xFF,
    0x1F, 0x34, 0x4A, 0xFF, 0x24, 0x39, 0x4F, 0xFF, 0x30, 0x47, 0x5D, 0xFF, 0x36, 0x4D, 0x63, 0xFF,
    0x3A, 0x52, 0x6A, 0xFF, 0x3C, 0x53, 0x6D, 0xFF, 0x3D, 0x55, 0x71, 0xFF, 0x44, 0x5E, 0x7C, 0xFF,
    0x4E, 0x67, 0x87, 0xFF, 0x53, 0x6E, 0x90, 0xFF, 0x55, 0x71, 0x94, 0xFF, 0x55, 0x71, 0x94, 0xFF,
    0x7B, 0x9B, 0xE7, 0xFF, 0x7C, 0x9C, 0xE8, 0xFF, 0x7D, 0x9D, 0xE9, 0xFF, 0x7C, 0x9C, 0xE8, 0xFF,
    0x7B, 0x99, 0xE6, 0xFF, 0x78, 0x96, 0xE3, 0xFF, 0x77, 0x95, 0xE2, 0xFF, 0x76, 0x95, 0xE0, 0xFF,
    0x69, 0x88, 0xD3, 0xFF, 0x66, 0x83, 0xCE, 0xFF, 0x60, 0x7D, 0xC8, 0xFF, 0x60, 0x7B, 0xC5, 0xFF,
    0x61, 0x7C, 0xC6, 0xFF, 0x61, 0x7C, 0xC6, 0xFF, 0x5D, 0x79, 0xC0, 0xFF, 0x59, 0x75, 0xBC, 0xFF,
    0x4F, 0x67, 0xAF, 0xFF, 0x4D, 0x65, 0xAD, 0xFF, 0x4C, 0x65, 0xAD, 0xFF, 0x4E, 0x6A, 0xB1, 0xFF,
    0x56, 0x72, 0xB9, 0xFF, 0x62, 0x7E, 0xC5, 0xFF, 0x6F, 0x88, 0xD0, 0xFF, 0x76, 0x8F, 0xD5, 0xFF,
    0x88, 0x9E, 0xE5, 0xFF, 0x83, 0x9A, 0xDE, 0xFF, 0x7D, 0x97, 0xDA, 0xFF, 0x73, 0x8F, 0xD0, 0xFF,
    0x6B, 0x8C, 0xCB, 0xFF, 0x78, 0x9B, 0xDA, 0xFF, 0x89, 0xB1, 0xEC, 0xFF, 0x90, 0xBA, 0xF5, 0xFF,
    0x70, 0x9B, 0xD4, 0xFF, 0x5F, 0x8A, 0xC3, 0xFF, 0x4A, 0x72, 0xAC, 0xFF, 0x3C, 0x62, 0x9C, 0xFF,
    0x38, 0x5D, 0x97, 0xFF, 0x39, 0x5C, 0x94, 0xFF, 0x3B, 0x59, 0x92, 0xFF, 0x38, 0x56, 0x8D, 0xFF,
    0x3B, 0x56, 0x8E, 0xFF, 0x5B, 0x77, 0xAD, 0xFF, 0x78, 0x94, 0xCA, 0xFF, 0x84, 0xA1, 0xD4, 0xFF,
    0x83, 0xA1, 0xD2, 0xFF, 0x78, 0x96, 0xC7, 0xFF, 0x6B, 0x89, 0xB8, 0xFF, 0x67, 0x85, 0xB6, 0xFF,
    0x5D, 0x78, 0xAB, 0xFF, 0x56, 0x71, 0xA4, 0xFF, 0x4D, 0x68, 0x9B, 0xFF, 0x47, 0x62, 0x95, 0xFF,
    0x44, 0x5F, 0x92, 0xFF, 0x43, 0x5E, 0x91, 0xFF, 0x3F, 0x5A, 0x8D, 0xFF, 0x3C, 0x57, 0x8A, 0xFF,
    0x39, 0x54, 0x86, 0xFF, 0x37, 0x52, 0x84, 0xFF, 0x34, 0x4F, 0x81, 0xFF, 0x30, 0x4B, 0x7D, 0xFF,
    0x2D, 0x48, 0x7A, 0xFF, 0x2B, 0x46, 0x78, 0xFF, 0x29, 0x44, 0x76, 0xFF, 0x29, 0x45, 0x74, 0xFF,
    0x2E, 0x48, 0x76, 0xFF, 0x2D, 0x48, 0x74, 0xFF, 0x2B, 0x46, 0x72, 0xFF, 0x29, 0x44, 0x70, 0xFF,
    0x2A, 0x43, 0x6F, 0xFF, 0x2A, 0x43, 0x6F, 0xFF, 0x2C, 0x43, 0x70, 0xFF, 0x2C, 0x43, 0x70, 0xFF,
    0x2B, 0x43, 0x6D, 0xFF, 0x29, 0x41, 0x6B, 0xFF, 0x2A, 0x40, 0x6A, 0xFF, 0x29, 0x3F, 0x69, 0xFF,
    0x2A, 0x3D, 0x68, 0xFF, 0x2C, 0x3F, 0x6A, 0xFF, 0x2D, 0x40, 0x6B, 0xFF, 0x2E, 0x41, 0x6C, 0xFF,
    0x30, 0x40, 0x6E, 0xFF, 0x31, 0x40, 0x6E, 0xFF, 0x31, 0x41, 0x6C, 0xFF, 0x32, 0x42, 0x6D, 0xFF,
    0x36, 0x44, 0x6E, 0xFF, 0x37, 0x45, 0x6F, 0xFF, 0x37, 0x45, 0x6F, 0xFF, 0x37, 0x46, 0x6D, 0xFF,
    0x38, 0x44, 0x6C, 0xFF, 0x36, 0x43, 0x69, 0xFF, 0x33, 0x40, 0x66, 0xFF, 0x30, 0x3D, 0x63, 0xFF,
    0x31, 0x3D, 0x61, 0xFF, 0x33, 0x3F, 0x63, 0xFF, 0x35, 0x41, 0x63, 0xFF, 0x36, 0x43, 0x63, 0xFF,
    0x36, 0x45, 0x65, 0xFF, 0x35, 0x45, 0x62, 0xFF, 0x37, 0x45, 0x62, 0xFF, 0x38, 0x46, 0x63, 0xFF,
    0x38, 0x46, 0x62, 0xFF, 0x33, 0x41, 0x5D, 0xFF, 0x2E, 0x3A, 0x56, 0xFF, 0x28, 0x34, 0x50, 0xFF,
    0x23, 0x32, 0x4C, 0xFF, 0x21, 0x30, 0x4A, 0xFF, 0x1F, 0x30, 0x4A, 0xFF, 0x20, 0x31, 0x4B, 0xFF,
    0x20, 0x32, 0x49, 0xFF, 0x21, 0x33, 0x4A, 0xFF, 0x22, 0x37, 0x4D, 0xFF, 0x27, 0x3C, 0x52, 0xFF,
    0x2F, 0x45, 0x5E, 0xFF, 0x36, 0x4C, 0x65, 0xFF, 0x3B, 0x52, 0x6C, 0xFF, 0x3E, 0x55, 0x6F, 0xFF,
    0x40, 0x58, 0x74, 0xFF, 0x47, 0x61, 0x7F, 0xFF, 0x51, 0x6A, 0x8A, 0xFF, 0x55, 0x70, 0x92, 0xFF,
    0x57, 0x73, 0x96, 0xFF, 0x57, 0x72, 0x97, 0xFF, 0x81, 0x9D, 0xEA, 0xFF, 0x80, 0x9D, 0xE8, 0xFF,
    0x7E, 0x9B, 0xE6, 0xFF, 0x79, 0x96, 0xE1, 0xFF, 0x75, 0x8F, 0xDB, 0xFF, 0x70, 0x8A, 0xD6, 0xFF,
    0x6C, 0x86, 0xD2, 0xFF, 0x6B, 0x86, 0xD0, 0xFF, 0x68, 0x82, 0xCE, 0xFF, 0x65, 0x80, 0xCA, 0xFF,
    0x62, 0x7D, 0xC7, 0xFF, 0x60, 0x7B, 0xC5, 0xFF, 0x5F, 0x7A, 0xC4, 0xFF, 0x5B, 0x76, 0xC0, 0xFF,
    0x56, 0x72, 0xB9, 0xFF, 0x53, 0x6C, 0xB4, 0xFF, 0x4C, 0x65, 0xAD, 0xFF, 0x51, 0x6A, 0xB2, 0xFF,
    0x58, 0x74, 0xBB, 0xFF, 0x62, 0x80, 0xC7, 0xFF, 0x6F, 0x8D, 0xD4, 0xFF, 0x78, 0x96, 0xDD, 0xFF,
    0x7E, 0x9A, 0xE1, 0xFF, 0x81, 0x9A, 0xE2, 0xFF, 0x75, 0x8D, 0xD5, 0xFF, 0x72, 0x88, 0xCF, 0xFF,
    0x6A, 0x83, 0xC9, 0xFF, 0x61, 0x7C, 0xBF, 0xFF, 0x58, 0x78, 0xB9, 0xFF, 0x61, 0x86, 0xC4, 0xFF,
    0x79, 0xA2, 0xE0, 0xFF, 0x8F, 0xBB, 0xF6, 0xFF, 0x79, 0xA7, 0xE1, 0xFF, 0x69, 0x96, 0xCF, 0xFF,
    0x55, 0x80, 0xB9, 0xFF, 0x47, 0x6F, 0xA9, 0xFF, 0x40, 0x66, 0xA0, 0xFF, 0x3B, 0x60, 0x9A, 0xFF,
    0x39, 0x59, 0x94, 0xFF, 0x37, 0x55, 0x8E, 0xFF, 0x37, 0x54, 0x8D, 0xFF, 0x4C, 0x67, 0x9F, 0xFF,
    0x65, 0x81, 0xB7, 0xFF, 0x79, 0x96, 0xC9, 0xFF, 0x83, 0xA0, 0xD3, 0xFF, 0x7B, 0x9B, 0xCC, 0xFF,
    0x6F, 0x90, 0xBE, 0xFF, 0x67, 0x88, 0xB6, 0xFF, 0x60, 0x7D, 0xB0, 0xFF, 0x5A, 0x75, 0xA8, 0xFF,
    0x50, 0x6B, 0x9E, 0xFF, 0x49, 0x64, 0x97, 0xFF, 0x45, 0x60, 0x93, 0xFF, 0x42, 0x5D, 0x90, 0xFF,
    0x3E, 0x59, 0x8C, 0xFF, 0x3B, 0x56, 0x89, 0xFF, 0x38, 0x53, 0x85, 0xFF, 0x35, 0x50, 0x82, 0xFF,
    0x32, 0x4D, 0x7F, 0xFF, 0x2E, 0x49, 0x7B, 0xFF, 0x2B, 0x46, 0x78, 0xFF, 0x29, 0x44, 0x76, 0xFF,
    0x28, 0x43, 0x75, 0xFF, 0x28, 0x44, 0x73, 0xFF, 0x2C, 0x46, 0x74, 0xFF, 0x2D, 0x48, 0x74, 0xFF,
    0x2E, 0x49, 0x75, 0xFF, 0x2E, 0x49, 0x75, 0xFF, 0x30, 0x49, 0x75, 0xFF, 0x2F, 0x48, 0x74, 0xFF,
    0x30, 0x47, 0x74, 0xFF, 0x2F, 0x46, 0x73, 0xFF, 0x2C, 0x44, 0x6E, 0xFF, 0x2B, 0x43, 0x6D, 0xFF,
    0x2C, 0x42, 0x6C, 0xFF, 0x2B, 0x41, 0x6B, 0xFF, 0x2E, 0x41, 0x6C, 0xFF, 0x30, 0x43, 0x6E, 0xFF,
    0x32, 0x45, 0x70, 0xFF, 0x35, 0x46, 0x71, 0xFF, 0x36, 0x45, 0x73, 0xFF, 0x36, 0x45, 0x73, 0xFF,
    0x35, 0x45, 0x70, 0xFF, 0x35, 0x45, 0x70, 0xFF, 0x38, 0x46, 0x70, 0xFF, 0x38, 0x46, 0x70, 0xFF,
    0x37, 0x45, 0x6F, 0xFF, 0x36, 0x45, 0x6C, 0xFF, 0x36, 0x42, 0x6A, 0xFF, 0x34, 0x41, 0x67, 0xFF,
    0x30, 0x3D, 0x63, 0xFF, 0x2D, 0x3A, 0x60, 0xFF, 0x2F, 0x3B, 0x5F, 0xFF, 0x31, 0x3D, 0x61, 0xFF,
    0x34, 0x40, 0x62, 0xFF, 0x36, 0x43, 0x63, 0xFF, 0x38, 0x45, 0x65, 0xFF, 0x35, 0x45, 0x62, 0xFF,
    0x36, 0x44, 0x61, 0xFF, 0x37, 0x45, 0x62, 0xFF, 0x37, 0x45, 0x61, 0xFF, 0x34, 0x42, 0x5E, 0xFF,
    0x30, 0x3C, 0x58, 0xFF, 0x2B, 0x37, 0x53, 0xFF, 0x25, 0x34, 0x4E, 0xFF, 0x23, 0x32, 0x4C, 0xFF,
    0x23, 0x32, 0x4C, 0xFF, 0x22, 0x33, 0x4D, 0xFF, 0x24, 0x36, 0x4D, 0xFF, 0x25, 0x37, 0x4E, 0xFF,
    0x26, 0x3B, 0x51, 0xFF, 0x29, 0x3E, 0x54, 0xFF, 0x2E, 0x44, 0x5D, 0xFF, 0x36, 0x4C, 0x65, 0xFF,
    0x3D, 0x54, 0x6E, 0xFF, 0x41, 0x58, 0x72, 0xFF, 0x44, 0x5C, 0x7A, 0xFF, 0x4A, 0x63, 0x83, 0xFF,
    0x52, 0x6D, 0x8F, 0xFF, 0x57, 0x71, 0x95, 0xFF, 0x5A, 0x75, 0x9A, 0xFF, 0x5B, 0x76, 0x9B, 0xFF,
    0x81, 0x98, 0xE4, 0xFF, 0x7F, 0x96, 0xE1, 0xFF, 0x7B, 0x92, 0xDD, 0xFF, 0x75, 0x8C, 0xD7, 0xFF,
    0x6D, 0x86, 0xD0, 0xFF, 0x68, 0x81, 0xCB, 0xFF, 0x65, 0x7E, 0xC8, 0xFF, 0x64, 0x7D, 0xC5, 0xFF,
    0x6B, 0x84, 0xCE, 0xFF, 0x68, 0x81, 0xC9, 0xFF, 0x62, 0x7B, 0xC3, 0xFF, 0x5C, 0x75, 0xBD, 0xFF,
    0x57, 0x70, 0xB8, 0xFF, 0x55, 0x6E, 0xB6, 0xFF, 0x57, 0x70, 0xB8, 0xFF, 0x58, 0x71, 0xB9, 0xFF,
    0x69, 0x83, 0xC9, 0xFF, 0x6C, 0x86, 0xCC, 0xFF, 0x70, 0x8C, 0xD3, 0xFF, 0x73, 0x91, 0xD8, 0xFF,
    0x73, 0x93, 0xDA, 0xFF, 0x6F, 0x8F, 0xD6, 0xFF, 0x6A, 0x87, 0xD1, 0xFF, 0x66, 0x82, 0xC9, 0xFF,
    0x62, 0x7A, 0xC2, 0xFF, 0x64, 0x7A, 0xC1, 0xFF, 0x61, 0x7A, 0xC0, 0xFF, 0x5E, 0x79, 0xBC, 0xFF,
    0x56, 0x79, 0xB9, 0xFF, 0x59, 0x80, 0xBE, 0xFF, 0x6E, 0x9B, 0xD8, 0xFF, 0x88, 0xB8, 0xF2, 0xFF,
    0x84, 0xB4, 0xEE, 0xFF, 0x71, 0xA1, 0xDB, 0xFF, 0x5E, 0x8C, 0xC6, 0xFF, 0x51, 0x7D, 0xB8, 0xFF,
    0x49, 0x71, 0xAC, 0xFF, 0x3F, 0x64, 0xA0, 0xFF, 0x37, 0x59, 0x95, 0xFF, 0x36, 0x54, 0x8F, 0xFF,
    0x37, 0x55, 0x8E, 0xFF, 0x3C, 0x5A, 0x91, 0xFF, 0x4D, 0x6C, 0xA1, 0xFF, 0x67, 0x86, 0xB9, 0xFF,
    0x7C, 0x9B, 0xCE, 0xFF, 0x81, 0xA2, 0xD3, 0xFF, 0x79, 0x9B, 0xC9, 0xFF, 0x6C, 0x8E, 0xBC, 0xFF,
    0x66, 0x83, 0xB6, 0xFF, 0x5F, 0x79, 0xAF, 0xFF, 0x54, 0x6F, 0xA2, 0xFF, 0x4B, 0x66, 0x99, 0xFF,
    0x46, 0x61, 0x94, 0xFF, 0x42, 0x5D, 0x90, 0xFF, 0x3E, 0x59, 0x8C, 0xFF, 0x3A, 0x55, 0x88, 0xFF,
    0x37, 0x52, 0x85, 0xFF, 0x35, 0x50, 0x83, 0xFF, 0x31, 0x4C, 0x7E, 0xFF, 0x2D, 0x48, 0x7A, 0xFF,
    0x2A, 0x45, 0x77, 0xFF, 0x28, 0x43, 0x75, 0xFF, 0x28, 0x43, 0x75, 0xFF, 0x28, 0x44, 0x73, 0xFF,
    0x2A, 0x47, 0x74, 0xFF, 0x2C, 0x49, 0x75, 0xFF, 0x30, 0x4B, 0x77, 0xFF, 0x32, 0x4D, 0x79, 0xFF,
    0x32, 0x4D, 0x79, 0xFF, 0x31, 0x4C, 0x78, 0xFF, 0x31, 0x4A, 0x74, 0xFF, 0x31, 0x49, 0x73, 0xFF,
    0x2F, 0x47, 0x71, 0xFF, 0x30, 0x46, 0x70, 0xFF, 0x31, 0x44, 0x6F, 0xFF, 0x31, 0x44, 0x6F, 0xFF,
    0x31, 0x44, 0x6F, 0xFF, 0x33, 0x46, 0x71, 0xFF, 0x37, 0x49, 0x72, 0xFF, 0x39, 0x4A, 0x75, 0xFF,
    0x38, 0x47, 0x75, 0xFF, 0x37, 0x46, 0x74, 0xFF, 0x36, 0x46, 0x71, 0xFF, 0x35, 0x45, 0x70, 0xFF,
    0x37, 0x45, 0x6F, 0xFF, 0x37, 0x45, 0x6F, 0xFF, 0x37, 0x43, 0x6D, 0xFF, 0x36, 0x42, 0x6A, 0xFF,
    0x34, 0x40, 0x68, 0xFF, 0x31, 0x3E, 0x64, 0xFF, 0x30, 0x3B, 0x61, 0xFF, 0x2E, 0x39, 0x5F, 0xFF,
    0x2E, 0x3A, 0x5E, 0xFF, 0x31, 0x3D, 0x61, 0xFF, 0x37, 0x41, 0x63, 0xFF, 0x38, 0x45, 0x65, 0xFF,
    0x39, 0x46, 0x66, 0xFF, 0x37, 0x45, 0x62, 0xFF, 0x36, 0x44, 0x61, 0xFF, 0x36, 0x44, 0x61, 0xFF,
    0x39, 0x45, 0x61, 0xFF, 0x37, 0x43, 0x5F, 0xFF, 0x33, 0x3F, 0x5B, 0xFF, 0x2F, 0x3B, 0x57, 0xFF,
    0x2A, 0x37, 0x51, 0xFF, 0x26, 0x35, 0x4F, 0xFF, 0x26, 0x35, 0x4F, 0xFF, 0x26, 0x37, 0x51, 0xFF,
    0x27, 0x39, 0x50, 0xFF, 0x27, 0x3C, 0x52, 0xFF, 0x29, 0x3E, 0x54, 0xFF, 0x2C, 0x41, 0x57, 0xFF,
    0x2C, 0x42, 0x5B, 0xFF, 0x35, 0x4B, 0x64, 0xFF, 0x3E, 0x55, 0x6F, 0xFF, 0x44, 0x5B, 0x75, 0xFF,
    0x48, 0x60, 0x7E, 0xFF, 0x4E, 0x67, 0x87, 0xFF, 0x55, 0x70, 0x92, 0xFF, 0x5A, 0x74, 0x98, 0xFF,
    0x5E, 0x79, 0x9E, 0xFF, 0x5F, 0x7A, 0x9F, 0xFF, 0x78, 0x8B, 0xD6, 0xFF, 0x76, 0x89, 0xD2, 0xFF,
    0x73, 0x86, 0xCF, 0xFF, 0x6C, 0x82, 0xC9, 0xFF, 0x68, 0x7E, 0xC6, 0xFF, 0x65, 0x7B, 0xC2, 0xFF,
    0x64, 0x7A, 0xC2, 0xFF, 0x62, 0x7A, 0xC2, 0xFF, 0x5E, 0x76, 0xBE, 0xFF, 0x5C, 0x74, 0xBC, 0xFF,
    0x58, 0x70, 0xB8, 0xFF, 0x54, 0x6D, 0xB5, 0xFF, 0x56, 0x6F, 0xB7, 0xFF, 0x5F, 0x78, 0xC0, 0xFF,
    0x6C, 0x85, 0xCD, 0xFF, 0x75, 0x8E, 0xD6, 0xFF, 0x7C, 0x96, 0xDC, 0xFF, 0x78, 0x95, 0xDA, 0xFF,
    0x71, 0x8F, 0xD6, 0xFF, 0x6A, 0x8A, 0xD1, 0xFF, 0x62, 0x84, 0xCA, 0xFF, 0x5B, 0x7D, 0xC3, 0xFF,
    0x56, 0x76, 0xBF, 0xFF, 0x55, 0x70, 0xBA, 0xFF, 0x60, 0x78, 0xC0, 0xFF, 0x65, 0x7B, 0xC3, 0xFF,
    0x65, 0x7E, 0xC4, 0xFF, 0x65, 0x7F, 0xC5, 0xFF, 0x5F, 0x81, 0xC3, 0xFF, 0x59, 0x82, 0xC1, 0xFF,
    0x62, 0x91, 0xCF, 0xFF, 0x77, 0xA9, 0xE5, 0xFF, 0x87, 0xB9, 0xF3, 0xFF, 0x7A, 0xAC, 0xE6, 0xFF,
    0x6B, 0x9B, 0xD5, 0xFF, 0x5D, 0x8B, 0xC5, 0xFF, 0x52, 0x7C, 0xB7, 0xFF, 0x48, 0x6D, 0xA9, 0xFF,
    0x3C, 0x5E, 0x9A, 0xFF, 0x34, 0x54, 0x8F, 0xFF, 0x34, 0x52, 0x8D, 0xFF, 0x32, 0x51, 0x88, 0xFF,
    0x40, 0x5E, 0x95, 0xFF, 0x57, 0x78, 0xAA, 0xFF, 0x6E, 0x8F, 0xC1, 0xFF, 0x7C, 0xA0, 0xCE, 0xFF,
    0x7E, 0xA2, 0xD0, 0xFF, 0x75, 0x97, 0xC5, 0xFF, 0x6C, 0x89, 0xBC, 0xFF, 0x65, 0x7F, 0xB5, 0xFF,
    0x58, 0x73, 0xA6, 0xFF, 0x4E, 0x69, 0x9C, 0xFF, 0x48, 0x63, 0x96, 0xFF, 0x43, 0x5E, 0x91, 0xFF,
    0x3E, 0x59, 0x8C, 0xFF, 0x3A, 0x55, 0x88, 0xFF, 0x37, 0x52, 0x85, 0xFF, 0x34, 0x4F, 0x82, 0xFF,
    0x30, 0x4B, 0x7D, 0xFF, 0x2C, 0x47, 0x79, 0xFF, 0x29, 0x44, 0x76, 0xFF, 0x28, 0x43, 0x75, 0xFF,
    0x28, 0x43, 0x75, 0xFF, 0x28, 0x44, 0x73, 0xFF, 0x2B, 0x48, 0x75, 0xFF, 0x2D, 0x4A, 0x76, 0xFF,
    0x32, 0x4D, 0x79, 0xFF, 0x34, 0x4F, 0x7B, 0xFF, 0x34, 0x4F, 0x7B, 0xFF, 0x33, 0x4E, 0x7A, 0xFF,
    0x33, 0x4C, 0x76, 0xFF, 0x31, 0x4A, 0x74, 0xFF, 0x35, 0x4B, 0x75, 0xFF, 0x33, 0x49, 0x73, 0xFF,
    0x34, 0x47, 0x72, 0xFF, 0x33, 0x46, 0x71, 0xFF, 0x33, 0x46, 0x71, 0xFF, 0x34, 0x47, 0x72, 0xFF,
    0x37, 0x49, 0x72, 0xFF, 0x38, 0x4A, 0x73, 0xFF, 0x35, 0x44, 0x72, 0xFF, 0x34, 0x43, 0x71, 0xFF,
    0x32, 0x42, 0x6D, 0xFF, 0x31, 0x41, 0x6C, 0xFF, 0x33, 0x41, 0x6B, 0xFF, 0x32, 0x40, 0x6A, 0xFF,
    0x32, 0x3E, 0x68, 0xFF, 0x31, 0x3D, 0x65, 0xFF, 0x2F, 0x3B, 0x63, 0xFF, 0x2D, 0x3A, 0x60, 0xFF,
    0x2E, 0x39, 0x5F, 0xFF, 0x2E, 0x39, 0x5F, 0xFF, 0x2F, 0x3B, 0x5F, 0xFF, 0x33, 0x3F, 0x63, 0xFF,
    0x38, 0x42, 0x64, 0xFF, 0x3B, 0x46, 0x66, 0xFF, 0x39, 0x46, 0x66, 0xFF, 0x37, 0x45, 0x62, 0xFF,
    0x35, 0x43, 0x60, 0xFF, 0x36, 0x44, 0x61, 0xFF, 0x39, 0x45, 0x61, 0xFF, 0x39, 0x45, 0x61, 0xFF,
    0x36, 0x42, 0x5E, 0xFF, 0x34, 0x40, 0x5C, 0xFF, 0x2E, 0x3B, 0x55, 0xFF, 0x2B, 0x38, 0x52, 0xFF,
    0x29, 0x38, 0x52, 0xFF, 0x29, 0x3A, 0x54, 0xFF, 0x2B, 0x3D, 0x54, 0xFF, 0x2A, 0x3F, 0x55, 0xFF,
    0x2B, 0x40, 0x56, 0xFF, 0x2D, 0x42, 0x58, 0xFF, 0x2A, 0x40, 0x59, 0xFF, 0x35, 0x4B, 0x64, 0xFF,
    0x3F, 0x56, 0x70, 0xFF, 0x45, 0x5D, 0x79, 0xFF, 0x4B, 0x63, 0x81, 0xFF, 0x51, 0x6A, 0x8A, 0xFF,
    0x57, 0x72, 0x94, 0xFF, 0x5C, 0x76, 0x9A, 0xFF, 0x62, 0x7D, 0xA2, 0xFF, 0x63, 0x7E, 0xA3, 0xFF,
    0x6F, 0x80, 0xC9, 0xFF, 0x6F, 0x81, 0xC8, 0xFF, 0x6D, 0x7F, 0xC6, 0xFF, 0x68, 0x7D, 0xC1, 0xFF,
    0x64, 0x78, 0xBF, 0xFF, 0x62, 0x77, 0xBB, 0xFF, 0x60, 0x74, 0xBB, 0xFF, 0x5E, 0x74, 0xBB, 0xFF,
    0x57, 0x6D, 0xB4, 0xFF, 0x59, 0x72, 0xB8, 0xFF, 0x5E, 0x77, 0xBD, 0xFF, 0x65, 0x7E, 0xC4, 0xFF,
    0x6D, 0x85, 0xCD, 0xFF, 0x76, 0x8E, 0xD6, 0xFF, 0x7D, 0x96, 0xE0, 0xFF, 0x82, 0x9B, 0xE3, 0xFF,
    0x75, 0x8F, 0xD5, 0xFF, 0x6F, 0x8C, 0xD1, 0xFF, 0x67, 0x86, 0xCB, 0xFF, 0x5E, 0x7F, 0xC4, 0xFF,
    0x58, 0x7A, 0xC0, 0xFF, 0x56, 0x78, 0xBE, 0xFF, 0x57, 0x77, 0xC0, 0xFF, 0x5B, 0x78, 0xC2, 0xFF,
    0x62, 0x7B, 0xC5, 0xFF, 0x67, 0x7F, 0xC7, 0xFF, 0x66, 0x7F, 0xC5, 0xFF, 0x66, 0x80, 0xC6, 0xFF,
    0x62, 0x84, 0xC6, 0xFF, 0x58, 0x81, 0xC0, 0xFF, 0x56, 0x85, 0xC3, 0xFF, 0x63, 0x97, 0xD3, 0xFF,
    0x7B, 0xB0, 0xE9, 0xFF, 0x7D, 0xB2, 0xEB, 0xFF, 0x77, 0xA6, 0xE3, 0xFF, 0x64, 0x91, 0xCE, 0xFF,
    0x59, 0x82, 0xC0, 0xFF, 0x54, 0x7B, 0xB9, 0xFF, 0x49, 0x6D, 0xA9, 0xFF, 0x3D, 0x5D, 0x98, 0xFF,
    0x38, 0x56, 0x91, 0xFF, 0x38, 0x57, 0x8E, 0xFF, 0x41, 0x60, 0x97, 0xFF, 0x4C, 0x6D, 0x9F, 0xFF,
    0x56, 0x77, 0xA9, 0xFF, 0x68, 0x8C, 0xBA, 0xFF, 0x78, 0x9C, 0xCA, 0xFF, 0x78, 0x9C, 0xCA, 0xFF,
    0x71, 0x8E, 0xC1, 0xFF, 0x69, 0x83, 0xB9, 0xFF, 0x5C, 0x76, 0xAC, 0xFF, 0x51, 0x6B, 0xA1, 0xFF,
    0x49, 0x64, 0x97, 0xFF, 0x44, 0x5F, 0x92, 0xFF, 0x3E, 0x59, 0x8C, 0xFF, 0x3A, 0x55, 0x88, 0xFF,
    0x37, 0x52, 0x85, 0xFF, 0x34, 0x4F, 0x82, 0xFF, 0x30, 0x4B, 0x7D, 0xFF, 0x2B, 0x46, 0x78, 0xFF,
    0x28, 0x43, 0x75, 0xFF, 0x27, 0x42, 0x74, 0xFF, 0x28, 0x43, 0x75, 0xFF, 0x28, 0x44, 0x73, 0xFF,
    0x2D, 0x4A, 0x77, 0xFF, 0x2F, 0x4C, 0x78, 0xFF, 0x33, 0x4E, 0x7A, 0xFF, 0x34, 0x4F, 0x7B, 0xFF,
    0x34, 0x4F, 0x7B, 0xFF, 0x33, 0x4E, 0x7A, 0xFF, 0x33, 0x4C, 0x76, 0xFF, 0x31, 0x4A, 0x74, 0xFF,
    0x35, 0x4B, 0x75, 0xFF, 0x33, 0x49, 0x73, 0xFF, 0x33, 0x46, 0x71, 0xFF, 0x31, 0x44, 0x6F, 0xFF,
    0x2F, 0x43, 0x6C, 0xFF, 0x30, 0x44, 0x6D, 0xFF, 0x32, 0x44, 0x6D, 0xFF, 0x33, 0x45, 0x6E, 0xFF,
    0x2E, 0x3D, 0x6B, 0xFF, 0x2F, 0x3C, 0x6A, 0xFF, 0x2D, 0x3A, 0x66, 0xFF, 0x2C, 0x39, 0x65, 0xFF,
    0x2B, 0x39, 0x63, 0xFF, 0x2A, 0x38, 0x62, 0xFF, 0x2B, 0x37, 0x61, 0xFF, 0x2A, 0x36, 0x5E, 0xFF,
    0x2B, 0x35, 0x5D, 0xFF, 0x2B, 0x36, 0x5C, 0xFF, 0x2C, 0x37, 0x5D, 0xFF, 0x2D, 0x38, 0x5E, 0xFF,
    0x32, 0x3B, 0x60, 0xFF, 0x36, 0x3F, 0x64, 0xFF, 0x39, 0x43, 0x65, 0xFF, 0x3B, 0x46, 0x66, 0xFF,
    0x3A, 0x47, 0x67, 0xFF, 0x38, 0x46, 0x63, 0xFF, 0x35, 0x43, 0x60, 0xFF, 0x35, 0x43, 0x60, 0xFF,
    0x39, 0x45, 0x61, 0xFF, 0x3A, 0x46, 0x62, 0xFF, 0x39, 0x45, 0x61, 0xFF, 0x37, 0x43, 0x5F, 0xFF,
    0x31, 0x3E, 0x58, 0xFF, 0x2E, 0x3B, 0x55, 0xFF, 0x2B, 0x3A, 0x54, 0xFF, 0x2B, 0x3C, 0x56, 0xFF,
    0x2D, 0x3F, 0x56, 0xFF, 0x2C, 0x41, 0x57, 0xFF, 0x2C, 0x41, 0x57, 0xFF, 0x2E, 0x43, 0x59, 0xFF,
    0x29, 0x3F, 0x58, 0xFF, 0x34, 0x4A, 0x63, 0xFF, 0x40, 0x57, 0x71, 0xFF, 0x46, 0x5E, 0x7A, 0xFF,
    0x4D, 0x65, 0x83, 0xFF, 0x53, 0x6C, 0x8C, 0xFF, 0x59, 0x74, 0x96, 0xFF, 0x5D, 0x77, 0x9B, 0xFF,
    0x66, 0x81, 0xA6, 0xFF, 0x66, 0x80, 0xA8, 0xFF, 0x6E, 0x7D, 0xC5, 0xFF, 0x6E, 0x7D, 0xC5, 0xFF,
    0x6D, 0x7C, 0xC4, 0xFF, 0x68, 0x7B, 0xBF, 0xFF, 0x63, 0x75, 0xBC, 0xFF, 0x5F, 0x72, 0xB6, 0xFF,
    0x5A, 0x6E, 0xB5, 0xFF, 0x57, 0x6D, 0xB4, 0xFF, 0x64, 0x7A, 0xC1, 0xFF, 0x6A, 0x83, 0xC9, 0xFF,
    0x77, 0x90, 0xD6, 0xFF, 0x81, 0x9B, 0xE1, 0xFF, 0x86, 0x9F, 0xE7, 0xFF, 0x82, 0x9B, 0xE3, 0xFF,
    0x79, 0x92, 0xDC, 0xFF, 0x6F, 0x8B, 0xD2, 0xFF, 0x69, 0x85, 0xCC, 0xFF, 0x66, 0x85, 0xCA, 0xFF,
    0x61, 0x82, 0xC7, 0xFF, 0x5C, 0x7F, 0xC3, 0xFF, 0x5A, 0x7C, 0xC2, 0xFF, 0x5A, 0x7C, 0xC2, 0xFF,
    0x5D, 0x7D, 0xC6, 0xFF, 0x62, 0x7F, 0xC9, 0xFF, 0x65, 0x7E, 0xC8, 0xFF, 0x67, 0x80, 0xC8, 0xFF,
    0x64, 0x7C, 0xC4, 0xFF, 0x62, 0x7F, 0xC4, 0xFF, 0x62, 0x83, 0xC8, 0xFF, 0x5A, 0x80, 0xC1, 0xFF,
    0x54, 0x80, 0xC0, 0xFF, 0x5E, 0x8D, 0xCB, 0xFF, 0x6F, 0xA1, 0xDD, 0xFF, 0x7F, 0xB1, 0xED, 0xFF,
    0x7D, 0xAC, 0xE9, 0xFF, 0x67, 0x94, 0xD1, 0xFF, 0x5A, 0x86, 0xC3, 0xFF, 0x5E, 0x87, 0xC5, 0xFF,
    0x58, 0x7D, 0xBB, 0xFF, 0x44, 0x68, 0xA4, 0xFF, 0x3F, 0x61, 0x9C, 0xFF, 0x42, 0x63, 0x9B, 0xFF,
    0x47, 0x69, 0x9F, 0xFF, 0x43, 0x66, 0x98, 0xFF, 0x3D, 0x60, 0x92, 0xFF, 0x51, 0x75, 0xA5, 0xFF,
    0x6E, 0x92, 0xC0, 0xFF, 0x7A, 0x9C, 0xCA, 0xFF, 0x73, 0x90, 0xC3, 0xFF, 0x6C, 0x86, 0xBC, 0xFF,
    0x5E, 0x78, 0xAE, 0xFF, 0x52, 0x6D, 0xA0, 0xFF, 0x4A, 0x65, 0x98, 0xFF, 0x44, 0x5F, 0x92, 0xFF,
    0x3E, 0x59, 0x8C, 0xFF, 0x3A, 0x55, 0x88, 0xFF, 0x36, 0x51, 0x84, 0xFF, 0x33, 0x4E, 0x80, 0xFF,
    0x2F, 0x4A, 0x7C, 0xFF, 0x2B, 0x47, 0x76, 0xFF, 0x28, 0x43, 0x75, 0xFF, 0x27, 0x43, 0x72, 0xFF,
    0x27, 0x43, 0x72, 0xFF, 0x28, 0x44, 0x73, 0xFF, 0x2F, 0x4C, 0x79, 0xFF, 0x30, 0x4D, 0x79, 0xFF,
    0x33, 0x4E, 0x7A, 0xFF, 0x34, 0x4F, 0x7B, 0xFF, 0x34, 0x4F, 0x7B, 0xFF, 0x34, 0x4D, 0x79, 0xFF,
    0x33, 0x4C, 0x76, 0xFF, 0x32, 0x4A, 0x74, 0xFF, 0x33, 0x49, 0x73, 0xFF, 0x31, 0x47, 0x71, 0xFF,
    0x30, 0x43, 0x6E, 0xFF, 0x2D, 0x40, 0x6B, 0xFF, 0x2B, 0x3F, 0x68, 0xFF, 0x2C, 0x3E, 0x67, 0xFF,
    0x2D, 0x3F, 0x68, 0xFF, 0x2E, 0x3E, 0x68, 0xFF, 0x2B, 0x38, 0x64, 0xFF, 0x29, 0x36, 0x62, 0xFF,
    0x28, 0x35, 0x61, 0xFF, 0x27, 0x35, 0x5F, 0xFF, 0x26, 0x34, 0x5E, 0xFF, 0x25, 0x33, 0x5D, 0xFF,
    0x25, 0x31, 0x5B, 0xFF, 0x24, 0x30, 0x58, 0xFF, 0x27, 0x32, 0x58, 0xFF, 0x28, 0x33, 0x59, 0xFF,
    0x2A, 0x35, 0x5B, 0xFF, 0x2D, 0x39, 0x5D, 0xFF, 0x32, 0x3B, 0x60, 0xFF, 0x36, 0x3F, 0x64, 0xFF,
    0x39, 0x43, 0x65, 0xFF, 0x3B, 0x46, 0x66, 0xFF, 0x3D, 0x48, 0x66, 0xFF, 0x38, 0x46, 0x63, 0xFF,
    0x37, 0x42, 0x60, 0xFF, 0x37, 0x42, 0x60, 0xFF, 0x3A, 0x46, 0x62, 0xFF, 0x3B, 0x47, 0x63, 0xFF,
    0x3A, 0x46, 0x62, 0xFF, 0x39, 0x45, 0x61, 0xFF, 0x33, 0x40, 0x5A, 0xFF, 0x30, 0x3D, 0x57, 0xFF,
    0x2D, 0x3C, 0x56, 0xFF, 0x2F, 0x3E, 0x58, 0xFF, 0x2E, 0x3F, 0x59, 0xFF, 0x2D, 0x42, 0x58, 0xFF,
    0x2D, 0x41, 0x5A, 0xFF, 0x2E, 0x42, 0x5B, 0xFF, 0x2A, 0x3E, 0x57, 0xFF, 0x35, 0x48, 0x63, 0xFF,
    0x41, 0x56, 0x72, 0xFF, 0x49, 0x5F, 0x7B, 0xFF, 0x4E, 0x65, 0x85, 0xFF, 0x54, 0x6D, 0x8D, 0xFF,
    0x59, 0x73, 0x97, 0xFF, 0x5E, 0x78, 0x9C, 0xFF, 0x68, 0x83, 0xA8, 0xFF, 0x68, 0x82, 0xAA, 0xFF,
    0x6E, 0x7B, 0xC5, 0xFF, 0x6D, 0x7C, 0xC5, 0xFF, 0x6B, 0x7A, 0xC3, 0xFF, 0x66, 0x75, 0xBD, 0xFF,
    0x61, 0x72, 0xBB, 0xFF, 0x65, 0x77, 0xBE, 0xFF, 0x6E, 0x81, 0xCA, 0xFF, 0x75, 0x8B, 0xD3, 0xFF,
    0x89, 0x9F, 0xE7, 0xFF, 0x87, 0x9F, 0xE7, 0xFF, 0x87, 0xA0, 0xE8, 0xFF, 0x84, 0xA0, 0xE7, 0xFF,
    0x80, 0x9C, 0xE3, 0xFF, 0x76, 0x94, 0xDB, 0xFF, 0x6C, 0x8A, 0xD1, 0xFF, 0x62, 0x82, 0xC9, 0xFF,
    0x62, 0x82, 0xC9, 0xFF, 0x5F, 0x81, 0xC7, 0xFF, 0x5C, 0x7E, 0xC4, 0xFF, 0x5A, 0x7C, 0xC2, 0xFF,
    0x5B, 0x7D, 0xC3, 0xFF, 0x5E, 0x7E, 0xC5, 0xFF, 0x61, 0x7F, 0xC6, 0xFF, 0x64, 0x80, 0xC7, 0xFF,
    0x64, 0x80, 0xC7, 0xFF, 0x64, 0x80, 0xC7, 0xFF, 0x65, 0x7E, 0xC6, 0xFF, 0x63, 0x7F, 0xC6, 0xFF,
    0x60, 0x7E, 0xC5, 0xFF, 0x5E, 0x7F, 0xC4, 0xFF, 0x5D, 0x80, 0xC4, 0xFF, 0x59, 0x80, 0xC4, 0xFF,
    0x65, 0x8F, 0xD0, 0xFF, 0x7D, 0xA8, 0xE7, 0xFF, 0x8A, 0xB5, 0xF4, 0xFF, 0x79, 0xA4, 0xE3, 0xFF,
    0x61, 0x8C, 0xCB, 0xFF, 0x56, 0x82, 0xBF, 0xFF, 0x55, 0x7E, 0xBC, 0xFF, 0x54, 0x7C, 0xB7, 0xFF,
    0x48, 0x6E, 0xA8, 0xFF, 0x48, 0x6D, 0xA5, 0xFF, 0x48, 0x6E, 0xA4, 0xFF, 0x46, 0x6B, 0x9D, 0xFF,
    0x3F, 0x62, 0x94, 0xFF, 0x42, 0x63, 0x94, 0xFF, 0x58, 0x7A, 0xA8, 0xFF, 0x73, 0x94, 0xC2, 0xFF,
    0x7B, 0x98, 0xCB, 0xFF, 0x70, 0x8B, 0xBE, 0xFF, 0x61, 0x7C, 0xAF, 0xFF, 0x56, 0x71, 0xA4, 0xFF,
    0x4F, 0x6A, 0x9D, 0xFF, 0x46, 0x61, 0x93, 0xFF, 0x3F, 0x5A, 0x8C, 0xFF, 0x3C, 0x57, 0x89, 0xFF,
    0x36, 0x51, 0x83, 0xFF, 0x32, 0x4E, 0x7D, 0xFF, 0x2C, 0x48, 0x77, 0xFF, 0x28, 0x45, 0x72, 0xFF,
    0x27, 0x43, 0x72, 0xFF, 0x28, 0x45, 0x72, 0xFF, 0x2A, 0x47, 0x74, 0xFF, 0x2B, 0x48, 0x75, 0xFF,
    0x2E, 0x49, 0x75, 0xFF, 0x31, 0x4C, 0x78, 0xFF, 0x37, 0x50, 0x7C, 0xFF, 0x38, 0x51, 0x7D, 0xFF,
    0x36, 0x4F, 0x7B, 0xFF, 0x32, 0x49, 0x76, 0xFF, 0x2C, 0x44, 0x6E, 0xFF, 0x2A, 0x40, 0x6A, 0xFF,
    0x25, 0x3B, 0x65, 0xFF, 0x26, 0x39, 0x64, 0xFF, 0x25, 0x36, 0x61, 0xFF, 0x23, 0x34, 0x5F, 0xFF,
    0x21, 0x32, 0x5D, 0xFF, 0x23, 0x33, 0x5E, 0xFF, 0x24, 0x34, 0x5E, 0xFF, 0x25, 0x35, 0x5F, 0xFF,
    0x2A, 0x38, 0x62, 0xFF, 0x2C, 0x38, 0x62, 0xFF, 0x2C, 0x38, 0x62, 0xFF, 0x2A, 0x36, 0x5E, 0xFF,
    0x28, 0x34, 0x5C, 0xFF, 0x27, 0x33, 0x5B, 0xFF, 0x29, 0x33, 0x5B, 0xFF, 0x2A, 0x35, 0x5B, 0xFF,
    0x28, 0x33, 0x59, 0xFF, 0x2A, 0x36, 0x5A, 0xFF, 0x30, 0x39, 0x5E, 0xFF, 0x35, 0x3E, 0x63, 0xFF,
    0x39, 0x42, 0x67, 0xFF, 0x3C, 0x46, 0x68, 0xFF, 0x3E, 0x47, 0x69, 0xFF, 0x3D, 0x46, 0x67, 0xFF,
    0x3E, 0x48, 0x66, 0xFF, 0x3C, 0x48, 0x64, 0xFF, 0x3B, 0x46, 0x62, 0xFF, 0x3A, 0x45, 0x61, 0xFF,
    0x39, 0x44, 0x60, 0xFF, 0x39, 0x44, 0x60, 0xFF, 0x38, 0x44, 0x60, 0xFF, 0x38, 0x44, 0x60, 0xFF,
    0x30, 0x3E, 0x5A, 0xFF, 0x2F, 0x3D, 0x59, 0xFF, 0x2E, 0x3C, 0x58, 0xFF, 0x2E, 0x3C, 0x58, 0xFF,
    0x2B, 0x3C, 0x57, 0xFF, 0x2C, 0x3D, 0x57, 0xFF, 0x2E, 0x3F, 0x5A, 0xFF, 0x2F, 0x40, 0x5B, 0xFF,
    0x32, 0x40, 0x5C, 0xFF, 0x37, 0x45, 0x61, 0xFF, 0x42, 0x52, 0x6F, 0xFF, 0x4F, 0x61, 0x7E, 0xFF,
    0x55, 0x6A, 0x8A, 0xFF, 0x57, 0x6E, 0x8E, 0xFF, 0x59, 0x71, 0x95, 0xFF, 0x5C, 0x76, 0x9A, 0xFF,
    0x68, 0x83, 0xA8, 0xFF, 0x69, 0x84, 0xA9, 0xFF, 0x73, 0x80, 0xCA, 0xFF, 0x6F, 0x7E, 0xC7, 0xFF,
    0x6C, 0x7B, 0xC4, 0xFF, 0x6B, 0x7C, 0xC5, 0xFF, 0x6F, 0x80, 0xC9, 0xFF, 0x76, 0x89, 0xD2, 0xFF,
    0x7C, 0x92, 0xDA, 0xFF, 0x7F, 0x97, 0xDF, 0xFF, 0x82, 0x9A, 0xE2, 0xFF, 0x7F, 0x98, 0xE0, 0xFF,
    0x7D, 0x99, 0xE0, 0xFF, 0x7B, 0x99, 0xE0, 0xFF, 0x79, 0x97, 0xDE, 0xFF, 0x74, 0x92, 0xD9, 0xFF,
    0x69, 0x89, 0xD0, 0xFF, 0x62, 0x84, 0xCA, 0xFF, 0x5E, 0x82, 0xC8, 0xFF, 0x5C, 0x80, 0xC6, 0xFF,
    0x5D, 0x7F, 0xC5, 0xFF, 0x5C, 0x7E, 0xC4, 0xFF, 0x5D, 0x7D, 0xC4, 0xFF, 0x5E, 0x7E, 0xC5, 0xFF,
    0x60, 0x7E, 0xC5, 0xFF, 0x62, 0x7E, 0xC5, 0xFF, 0x63, 0x7F, 0xC6, 0xFF, 0x63, 0x7F, 0xC6, 0xFF,
    0x63, 0x7F, 0xC6, 0xFF, 0x61, 0x7F, 0xC6, 0xFF, 0x60, 0x7E, 0xC5, 0xFF, 0x5E, 0x7E, 0xC5, 0xFF,
    0x5E, 0x7E, 0xC5, 0xFF, 0x5D, 0x80, 0xC4, 0xFF, 0x61, 0x86, 0xCA, 0xFF, 0x74, 0x9C, 0xDD, 0xFF,
    0x84, 0xAD, 0xEC, 0xFF, 0x7D, 0xA6, 0xE5, 0xFF, 0x69, 0x94, 0xD3, 0xFF, 0x5A, 0x85, 0xC4, 0xFF,
    0x52, 0x7D, 0xBC, 0xFF, 0x4E, 0x7A, 0xB7, 0xFF, 0x46, 0x70, 0xAB, 0xFF, 0x44, 0x6C, 0xA6, 0xFF,
    0x42, 0x6A, 0x9F, 0xFF, 0x3F, 0x66, 0x9A, 0xFF, 0x3B, 0x5E, 0x90, 0xFF, 0x3B, 0x5C, 0x8D, 0xFF,
    0x4A, 0x6B, 0x9C, 0xFF, 0x5D, 0x7D, 0xAE, 0xFF, 0x78, 0x95, 0xC8, 0xFF, 0x74, 0x8F, 0xC2, 0xFF,
    0x6B, 0x86, 0xB9, 0xFF, 0x5F, 0x7A, 0xAD, 0xFF, 0x53, 0x6E, 0xA0, 0xFF, 0x48, 0x63, 0x95, 0xFF,
    0x3F, 0x5A, 0x8C, 0xFF, 0x3A, 0x55, 0x87, 0xFF, 0x37, 0x53, 0x82, 0xFF, 0x33, 0x4F, 0x7E, 0xFF,
    0x2D, 0x4A, 0x77, 0xFF, 0x28, 0x45, 0x72, 0xFF, 0x27, 0x44, 0x71, 0xFF, 0x27, 0x44, 0x71, 0xFF,
    0x28, 0x45, 0x71, 0xFF, 0x29, 0x46, 0x72, 0xFF, 0x30, 0x4B, 0x77, 0xFF, 0x32, 0x4D, 0x79, 0xFF,
    0x35, 0x4E, 0x7A, 0xFF, 0x34, 0x4D, 0x79, 0xFF, 0x31, 0x48, 0x75, 0xFF, 0x2B, 0x42, 0x6F, 0xFF,
    0x26, 0x3C, 0x66, 0xFF, 0x22, 0x38, 0x62, 0xFF, 0x22, 0x35, 0x60, 0xFF, 0x21, 0x34, 0x5F, 0xFF,
    0x23, 0x34, 0x5F, 0xFF, 0x22, 0x33, 0x5E, 0xFF, 0x24, 0x34, 0x5F, 0xFF, 0x25, 0x35, 0x60, 0xFF,
    0x27, 0x37, 0x61, 0xFF, 0x28, 0x38, 0x62, 0xFF, 0x32, 0x3E, 0x66, 0xFF, 0x32, 0x3E, 0x66, 0xFF,
    0x31, 0x3D, 0x65, 0xFF, 0x2F, 0x3B, 0x63, 0xFF, 0x2C, 0x38, 0x60, 0xFF, 0x2A, 0x36, 0x5E, 0xFF,
    0x2C, 0x37, 0x5D, 0xFF, 0x2C, 0x37, 0x5D, 0xFF, 0x2B, 0x37, 0x5B, 0xFF, 0x2D, 0x39, 0x5D, 0xFF,
    0x32, 0x3B, 0x60, 0xFF, 0x37, 0x40, 0x65, 0xFF, 0x3B, 0x45, 0x67, 0xFF, 0x3D, 0x47, 0x69, 0xFF,
    0x3E, 0x47, 0x69, 0xFF, 0x3D, 0x46, 0x67, 0xFF, 0x3C, 0x46, 0x64, 0xFF, 0x3B, 0x46, 0x62, 0xFF,
    0x3A, 0x45, 0x61, 0xFF, 0x38, 0x43, 0x5F, 0xFF, 0x37, 0x42, 0x5E, 0xFF, 0x37, 0x42, 0x5E, 0xFF,
    0x36, 0x42, 0x5E, 0xFF, 0x36, 0x42, 0x5E, 0xFF, 0x30, 0x3E, 0x5A, 0xFF, 0x2F, 0x3D, 0x59, 0xFF,
    0x2E, 0x3C, 0x58, 0xFF, 0x2D, 0x3B, 0x57, 0xFF, 0x2B, 0x3C, 0x57, 0xFF, 0x2C, 0x3D, 0x58, 0xFF,
    0x2D, 0x3E, 0x59, 0xFF, 0x2E, 0x3F, 0x5A, 0xFF, 0x30, 0x3E, 0x5A, 0xFF, 0x35, 0x43, 0x5F, 0xFF,
    0x40, 0x50, 0x6D, 0xFF, 0x4E, 0x60, 0x7D, 0xFF, 0x55, 0x68, 0x89, 0xFF, 0x56, 0x6D, 0x8D, 0xFF,
    0x59, 0x71, 0x95, 0xFF, 0x5D, 0x77, 0x9B, 0xFF, 0x69, 0x84, 0xA9, 0xFF, 0x6A, 0x85, 0xAA, 0xFF,
    0x72, 0x81, 0xCA, 0xFF, 0x6C, 0x7D, 0xC6, 0xFF, 0x6B, 0x7C, 0xC5, 0xFF, 0x73, 0x84, 0xCD, 0xFF,
    0x80, 0x91, 0xDA, 0xFF, 0x87, 0x9A, 0xE3, 0xFF, 0x86, 0x9C, 0xE4, 0xFF, 0x81, 0x99, 0xE1, 0xFF,
    0x7B, 0x93, 0xDB, 0xFF, 0x77, 0x90, 0xD8, 0xFF, 0x72, 0x8E, 0xD5, 0xFF, 0x71, 0x8F, 0xD6, 0xFF,
    0x73, 0x91, 0xD8, 0xFF, 0x70, 0x90, 0xD7, 0xFF, 0x6A, 0x8A, 0xD1, 0xFF, 0x64, 0x86, 0xCC, 0xFF,
    0x5F, 0x83, 0xC9, 0xFF, 0x5C, 0x83, 0xC8, 0xFF, 0x5D, 0x81, 0xC7, 0xFF, 0x5E, 0x80, 0xC6, 0xFF,
    0x60, 0x80, 0xC7, 0xFF, 0x60, 0x80, 0xC7, 0xFF, 0x61, 0x7F, 0xC6, 0xFF, 0x60, 0x7E, 0xC5, 0xFF,
    0x5E, 0x7C, 0xC3, 0xFF, 0x5F, 0x7D, 0xC4, 0xFF, 0x60, 0x7E, 0xC5, 0xFF, 0x61, 0x7F, 0xC6, 0xFF,
    0x62, 0x80, 0xC7, 0xFF, 0x60, 0x80, 0xC7, 0xFF, 0x60, 0x80, 0xC7, 0xFF, 0x5F, 0x82, 0xC6, 0xFF,
    0x5A, 0x7F, 0xC3, 0xFF, 0x68, 0x8E, 0xCF, 0xFF, 0x77, 0x9F, 0xE0, 0xFF, 0x7F, 0xA7, 0xE8, 0xFF,
    0x74, 0x9E, 0xDF, 0xFF, 0x62, 0x8D, 0xCC, 0xFF, 0x54, 0x7F, 0xBE, 0xFF, 0x4E, 0x7A, 0xB7, 0xFF,
    0x4C, 0x76, 0xB1, 0xFF, 0x47, 0x6F, 0xA9, 0xFF, 0x43, 0x6A, 0xA1, 0xFF, 0x40, 0x66, 0x9C, 0xFF,
    0x3B, 0x60, 0x92, 0xFF, 0x39, 0x5D, 0x8D, 0xFF, 0x41, 0x62, 0x93, 0xFF, 0x4C, 0x6C, 0x9D, 0xFF,
    0x6B, 0x88, 0xBB, 0xFF, 0x71, 0x8E, 0xC1, 0xFF, 0x72, 0x8F, 0xC2, 0xFF, 0x67, 0x84, 0xB7, 0xFF,
    0x57, 0x75, 0xA6, 0xFF, 0x4A, 0x68, 0x99, 0xFF, 0x41, 0x5D, 0x8C, 0xFF, 0x3A, 0x56, 0x85, 0xFF,
    0x38, 0x54, 0x83, 0xFF, 0x34, 0x50, 0x7F, 0xFF, 0x30, 0x4A, 0x78, 0xFF, 0x2B, 0x45, 0x73, 0xFF,
    0x28, 0x43, 0x6F, 0xFF, 0x28, 0x43, 0x6F, 0xFF, 0x28, 0x43, 0x6F, 0xFF, 0x28, 0x43, 0x6F, 0xFF,
    0x31, 0x4A, 0x76, 0xFF, 0x30, 0x49, 0x75, 0xFF, 0x2E, 0x47, 0x73, 0xFF, 0x2B, 0x44, 0x70, 0xFF,
    0x27, 0x3F, 0x69, 0xFF, 0x21, 0x39, 0x63, 0xFF, 0x1D, 0x33, 0x5D, 0xFF, 0x1A, 0x30, 0x5A, 0xFF,
    0x1F, 0x32, 0x5D, 0xFF, 0x20, 0x33, 0x5E, 0xFF, 0x23, 0x35, 0x5E, 0xFF, 0x25, 0x37, 0x60, 0xFF,
    0x27, 0x37, 0x61, 0xFF, 0x29, 0x39, 0x63, 0xFF, 0x2B, 0x3B, 0x65, 0xFF, 0x2C, 0x3C, 0x66, 0xFF,
    0x37, 0x43, 0x6B, 0xFF, 0x37, 0x43, 0x6B, 0xFF, 0x36, 0x42, 0x6A, 0xFF, 0x33, 0x3F, 0x67, 0xFF,
    0x30, 0x3D, 0x63, 0xFF, 0x2E, 0x3B, 0x61, 0xFF, 0x2F, 0x3A, 0x60, 0xFF, 0x2F, 0x3A, 0x60, 0xFF,
    0x31, 0x3A, 0x5F, 0xFF, 0x32, 0x3B, 0x60, 0xFF, 0x35, 0x3F, 0x61, 0xFF, 0x39, 0x43, 0x65, 0xFF,
    0x3D, 0x46, 0x68, 0xFF, 0x3E, 0x47, 0x69, 0xFF, 0x3E, 0x47, 0x69, 0xFF, 0x3D, 0x46, 0x67, 0xFF,
    0x39, 0x43, 0x61, 0xFF, 0x38, 0x43, 0x5F, 0xFF, 0x36, 0x41, 0x5D, 0xFF, 0x34, 0x3F, 0x5B, 0xFF,
    0x33, 0x3E, 0x5A, 0xFF, 0x33, 0x3E, 0x5A, 0xFF, 0x33, 0x3F, 0x5B, 0xFF, 0x33, 0x3F, 0x5B, 0xFF,
    0x2F, 0x3D, 0x59, 0xFF, 0x2F, 0x3D, 0x59, 0xFF, 0x2F, 0x3D, 0x59, 0xFF, 0x2D, 0x3B, 0x57, 0xFF,
    0x2A, 0x3B, 0x56, 0xFF, 0x2B, 0x3C, 0x57, 0xFF, 0x2D, 0x3E, 0x59, 0xFF, 0x2E, 0x3F, 0x5A, 0xFF,
    0x2F, 0x3E, 0x58, 0xFF, 0x35, 0x43, 0x5F, 0xFF, 0x40, 0x50, 0x6D, 0xFF, 0x4D, 0x5F, 0x7C, 0xFF,
    0x53, 0x66, 0x87, 0xFF, 0x54, 0x6B, 0x8B, 0xFF, 0x58, 0x70, 0x94, 0xFF, 0x5D, 0x77, 0x9B, 0xFF,
    0x69, 0x84, 0xA9, 0xFF, 0x68, 0x85, 0xAA, 0xFF, 0x69, 0x7A, 0xC3, 0xFF, 0x65, 0x78, 0xC1, 0xFF,
    0x6B, 0x7C, 0xC5, 0xFF, 0x76, 0x89, 0xD2, 0xFF, 0x85, 0x98, 0xE1, 0xFF, 0x88, 0x9E, 0xE6, 0xFF,
    0x7F, 0x97, 0xDF, 0xFF, 0x75, 0x8E, 0xD6, 0xFF, 0x75, 0x8E, 0xD6, 0xFF, 0x6F, 0x8B, 0xD2, 0xFF,
    0x69, 0x87, 0xCE, 0xFF, 0x6B, 0x89, 0xD0, 0xFF, 0x6E, 0x8E, 0xD5, 0xFF, 0x70, 0x90, 0xD7, 0xFF,
    0x6C, 0x8C, 0xD3, 0xFF, 0x67, 0x89, 0xCF, 0xFF, 0x60, 0x84, 0xCA, 0xFF, 0x5D, 0x84, 0xC9, 0xFF,
    0x5D, 0x81, 0xC7, 0xFF, 0x5C, 0x80, 0xC6, 0xFF, 0x5E, 0x80, 0xC6, 0xFF, 0x5F, 0x7F, 0xC6, 0xFF,
    0x5F, 0x7F, 0xC6, 0xFF, 0x60, 0x7E, 0xC5, 0xFF, 0x61, 0x7F, 0xC6, 0xFF, 0x61, 0x7F, 0xC6, 0xFF,
    0x61, 0x7F, 0xC6, 0xFF, 0x60, 0x80, 0xC7, 0xFF, 0x60, 0x80, 0xC7, 0xFF, 0x60, 0x80, 0xC7, 0xFF,
    0x5E, 0x80, 0xC6, 0xFF, 0x5E, 0x81, 0xC5, 0xFF, 0x58, 0x7D, 0xC1, 0xFF, 0x5C, 0x82, 0xC3, 0xFF,
    0x69, 0x91, 0xD2, 0xFF, 0x7B, 0xA3, 0xE4, 0xFF, 0x7C, 0xA6, 0xE7, 0xFF, 0x6D, 0x97, 0xD8, 0xFF,
    0x5B, 0x85, 0xC6, 0xFF, 0x51, 0x7C, 0xBB, 0xFF, 0x4E, 0x7A, 0xB7, 0xFF, 0x49, 0x73, 0xAE, 0xFF,
    0x44, 0x6C, 0xA6, 0xFF, 0x40, 0x67, 0x9E, 0xFF, 0x39, 0x60, 0x94, 0xFF, 0x34, 0x59, 0x8B, 0xFF,
    0x37, 0x5A, 0x8C, 0xFF, 0x3E, 0x5F, 0x91, 0xFF, 0x50, 0x6F, 0xA2, 0xFF, 0x63, 0x80, 0xB3, 0xFF,
    0x6F, 0x8C, 0xBF, 0xFF, 0x6A, 0x88, 0xB9, 0xFF, 0x5C, 0x7A, 0xAB, 0xFF, 0x4F, 0x6D, 0x9E, 0xFF,
    0x45, 0x61, 0x90, 0xFF, 0x3C, 0x58, 0x87, 0xFF, 0x3A, 0x56, 0x85, 0xFF, 0x36, 0x52, 0x81, 0xFF,
    0x31, 0x4B, 0x79, 0xFF, 0x2B, 0x45, 0x73, 0xFF, 0x28, 0x43, 0x6F, 0xFF, 0x27, 0x42, 0x6E, 0xFF,
    0x26, 0x41, 0x6D, 0xFF, 0x28, 0x41, 0x6D, 0xFF, 0x2B, 0x44, 0x70, 0xFF, 0x28, 0x41, 0x6D, 0xFF,
    0x24, 0x3D, 0x69, 0xFF, 0x1F, 0x38, 0x64, 0xFF, 0x1D, 0x35, 0x5F, 0xFF, 0x1B, 0x33, 0x5D, 0xFF,
    0x1C, 0x32, 0x5C, 0xFF, 0x1C, 0x32, 0x5C, 0xFF, 0x23, 0x36, 0x61, 0xFF, 0x24, 0x37, 0x62, 0xFF,
    0x27, 0x39, 0x62, 0xFF, 0x28, 0x3A, 0x63, 0xFF, 0x2A, 0x3A, 0x64, 0xFF, 0x2B, 0x3B, 0x65, 0xFF,
    0x2C, 0x3C, 0x66, 0xFF, 0x2C, 0x3C, 0x66, 0xFF, 0x35, 0x41, 0x69, 0xFF, 0x35, 0x41, 0x69, 0xFF,
    0x35, 0x41, 0x69, 0xFF, 0x33, 0x3F, 0x67, 0xFF, 0x31, 0x3E, 0x64, 0xFF, 0x2F, 0x3C, 0x62, 0xFF,
    0x31, 0x3C, 0x62, 0xFF, 0x31, 0x3C, 0x62, 0xFF, 0x35, 0x3E, 0x63, 0xFF, 0x36, 0x3F, 0x64, 0xFF,
    0x38, 0x42, 0x64, 0xFF, 0x3A, 0x44, 0x66, 0xFF, 0x3D, 0x46, 0x68, 0xFF, 0x3E, 0x47, 0x69, 0xFF,
    0x3C, 0x45, 0x67, 0xFF, 0x3B, 0x44, 0x65, 0xFF, 0x36, 0x40, 0x5E, 0xFF, 0x35, 0x40, 0x5C, 0xFF,
    0x32, 0x3D, 0x59, 0xFF, 0x30, 0x3B, 0x57, 0xFF, 0x2F, 0x3A, 0x56, 0xFF, 0x2F, 0x3A, 0x56, 0xFF,
    0x2F, 0x3B, 0x57, 0xFF, 0x2F, 0x3B, 0x57, 0xFF, 0x30, 0x3E, 0x5A, 0xFF, 0x30, 0x3E, 0x5A, 0xFF,
    0x30, 0x3E, 0x5A, 0xFF, 0x2E, 0x3C, 0x58, 0xFF, 0x2B, 0x3C, 0x57, 0xFF, 0x2B, 0x3C, 0x57, 0xFF,
    0x2D, 0x3E, 0x59, 0xFF, 0x2F, 0x40, 0x5B, 0xFF, 0x31, 0x40, 0x5A, 0xFF, 0x35, 0x46, 0x60, 0xFF,
    0x3F, 0x52, 0x6D, 0xFF, 0x4A, 0x5F, 0x7B, 0xFF, 0x50, 0x65, 0x84, 0xFF, 0x51, 0x68, 0x88, 0xFF,
    0x55, 0x6E, 0x90, 0xFF, 0x5A, 0x76, 0x99, 0xFF, 0x67, 0x84, 0xA9, 0xFF, 0x68, 0x85, 0xAA, 0xFF,
    0x64, 0x78, 0xBF, 0xFF, 0x62, 0x78, 0xBF, 0xFF, 0x69, 0x7D, 0xC4, 0xFF, 0x73, 0x89, 0xD0, 0xFF,
    0x7F, 0x95, 0xDC, 0xFF, 0x80, 0x99, 0xDF, 0xFF, 0x79, 0x92, 0xD8, 0xFF, 0x6F, 0x89, 0xCF, 0xFF,
    0x73, 0x8D, 0xD3, 0xFF, 0x6C, 0x89, 0xCE, 0xFF, 0x66, 0x85, 0xCA, 0xFF, 0x66, 0x87, 0xCC, 0xFF,
    0x6C, 0x8D, 0xD2, 0xFF, 0x6E, 0x8F, 0xD4, 0xFF, 0x6B, 0x8E, 0xD2, 0xFF, 0x68, 0x8B, 0xCF, 0xFF,
    0x5F, 0x84, 0xC8, 0xFF, 0x5A, 0x81, 0xC5, 0xFF, 0x59, 0x7E, 0xC2, 0xFF, 0x57, 0x7C, 0xC0, 0xFF,
    0x58, 0x7B, 0xBF, 0xFF, 0x59, 0x7C, 0xC0, 0xFF, 0x59, 0x7C, 0xC0, 0xFF, 0x5A, 0x7B, 0xC0, 0xFF,
    0x5E, 0x7F, 0xC4, 0xFF, 0x5E, 0x7F, 0xC4, 0xFF, 0x5E, 0x7F, 0xC4, 0xFF, 0x5D, 0x80, 0xC4, 0xFF,
    0x5C, 0x7F, 0xC3, 0xFF, 0x5C, 0x7F, 0xC3, 0xFF, 0x5B, 0x7E, 0xC2, 0xFF, 0x5B, 0x7E, 0xC2, 0xFF,
    0x5A, 0x7F, 0xC3, 0xFF, 0x57, 0x7C, 0xC0, 0xFF, 0x5E, 0x85, 0xC9, 0xFF, 0x73, 0x9A, 0xDE, 0xFF,
    0x7D, 0xA7, 0xEA, 0xFF, 0x75, 0x9F, 0xE0, 0xFF, 0x62, 0x8E, 0xCE, 0xFF, 0x56, 0x82, 0xC1, 0xFF,
    0x4D, 0x7A, 0xB7, 0xFF, 0x48, 0x74, 0xAF, 0xFF, 0x42, 0x6D, 0xA6, 0xFF, 0x3B, 0x64, 0x9B, 0xFF,
    0x31, 0x59, 0x8E, 0xFF, 0x27, 0x4E, 0x82, 0xFF, 0x23, 0x4A, 0x7E, 0xFF, 0x27, 0x4C, 0x7E, 0xFF,
    0x34, 0x55, 0x87, 0xFF, 0x4A, 0x6A, 0x9B, 0xFF, 0x5E, 0x7E, 0xAF, 0xFF, 0x61, 0x81, 0xB2, 0xFF,
    0x5C, 0x7A, 0xAB, 0xFF, 0x53, 0x71, 0xA0, 0xFF, 0x48, 0x66, 0x95, 0xFF, 0x41, 0x5D, 0x8C, 0xFF,
    0x3C, 0x59, 0x86, 0xFF, 0x3A, 0x54, 0x82, 0xFF, 0x33, 0x4D, 0x7B, 0xFF, 0x2D, 0x47, 0x75, 0xFF,
    0x2B, 0x44, 0x70, 0xFF, 0x29, 0x42, 0x6E, 0xFF, 0x28, 0x41, 0x6D, 0xFF, 0x27, 0x40, 0x6C, 0xFF,
    0x26, 0x3F, 0x69, 0xFF, 0x23, 0x3C, 0x66, 0xFF, 0x1E, 0x37, 0x61, 0xFF, 0x1B, 0x34, 0x5E, 0xFF,
    0x1C, 0x34, 0x5E, 0xFF, 0x1E, 0x36, 0x60, 0xFF, 0x24, 0x3A, 0x64, 0xFF, 0x27, 0x3D, 0x67, 0xFF,
    0x2B, 0x3F, 0x68, 0xFF, 0x2A, 0x3E, 0x67, 0xFF, 0x2B, 0x3D, 0x66, 0xFF, 0x2A, 0x3C, 0x65, 0xFF,
    0x2A, 0x3A, 0x64, 0xFF, 0x28, 0x38, 0x62, 0xFF, 0x27, 0x37, 0x61, 0xFF, 0x27, 0x37, 0x61, 0xFF,
    0x2E, 0x3A, 0x62, 0xFF, 0x2F, 0x3B, 0x63, 0xFF, 0x30, 0x3D, 0x63, 0xFF, 0x31, 0x3E, 0x64, 0xFF,
    0x30, 0x3D, 0x63, 0xFF, 0x30, 0x3D, 0x63, 0xFF, 0x32, 0x3E, 0x62, 0xFF, 0x33, 0x3F, 0x63, 0xFF,
    0x38, 0x41, 0x66, 0xFF, 0x39, 0x42, 0x67, 0xFF, 0x3B, 0x44, 0x66, 0xFF, 0x3C, 0x45, 0x67, 0xFF,
    0x3D, 0x46, 0x68, 0xFF, 0x3C, 0x45, 0x67, 0xFF, 0x3A, 0x43, 0x64, 0xFF, 0x38, 0x41, 0x62, 0xFF,
    0x35, 0x3D, 0x5B, 0xFF, 0x33, 0x3B, 0x58, 0xFF, 0x2E, 0x39, 0x55, 0xFF, 0x2C, 0x37, 0x53, 0xFF,
    0x2B, 0x36, 0x52, 0xFF, 0x2B, 0x36, 0x52, 0xFF, 0x2A, 0x36, 0x52, 0xFF, 0x2B, 0x37, 0x53, 0xFF,
    0x32, 0x3E, 0x5A, 0xFF, 0x33, 0x3F, 0x5B, 0xFF, 0x31, 0x3F, 0x5B, 0xFF, 0x2F, 0x3D, 0x59, 0xFF,
    0x2D, 0x3B, 0x57, 0xFF, 0x2D, 0x3B, 0x57, 0xFF, 0x2D, 0x3E, 0x59, 0xFF, 0x30, 0x41, 0x5C, 0xFF,
    0x32, 0x43, 0x5D, 0xFF, 0x38, 0x49, 0x63, 0xFF, 0x40, 0x53, 0x6E, 0xFF, 0x49, 0x5E, 0x7A, 0xFF,
    0x4C, 0x61, 0x80, 0xFF, 0x4A, 0x63, 0x83, 0xFF, 0x51, 0x6C, 0x8E, 0xFF, 0x59, 0x75, 0x98, 0xFF,
    0x67, 0x84, 0xA9, 0xFF, 0x66, 0x86, 0xAA, 0xFF, 0x66, 0x7C, 0xC3, 0xFF, 0x65, 0x7C, 0xC0, 0xFF,
    0x67, 0x7D, 0xC4, 0xFF, 0x6C, 0x86, 0xC9, 0xFF, 0x74, 0x8D, 0xD3, 0xFF, 0x77, 0x92, 0xD5, 0xFF,
    0x76, 0x90, 0xD6, 0xFF, 0x71, 0x8E, 0xD1, 0xFF, 0x6E, 0x8B, 0xD0, 0xFF, 0x68, 0x88, 0xCA, 0xFF,
    0x63, 0x84, 0xC9, 0xFF, 0x64, 0x86, 0xC8, 0xFF, 0x68, 0x89, 0xCE, 0xFF, 0x69, 0x8B, 0xCD, 0xFF,
    0x66, 0x89, 0xCD, 0xFF, 0x62, 0x85, 0xC7, 0xFF, 0x58, 0x7D, 0xC1, 0xFF, 0x53, 0x7B, 0xBC, 0xFF,
    0x51, 0x76, 0xBA, 0xFF, 0x4E, 0x74, 0xB5, 0xFF, 0x4F, 0x72, 0xB6, 0xFF, 0x50, 0x73, 0xB5, 0xFF,
    0x50, 0x73, 0xB7, 0xFF, 0x51, 0x74, 0xB6, 0xFF, 0x50, 0x71, 0xB6, 0xFF, 0x51, 0x73, 0xB5, 0xFF,
    0x51, 0x74, 0xB8, 0xFF, 0x54, 0x77, 0xB9, 0xFF, 0x57, 0x7A, 0xBE, 0xFF, 0x5A, 0x7D, 0xBF, 0xFF,
    0x5D, 0x80, 0xC4, 0xFF, 0x5E, 0x81, 0xC5, 0xFF, 0x5C, 0x81, 0xC5, 0xFF, 0x58, 0x7D, 0xC1, 0xFF,
    0x5B, 0x80, 0xC4, 0xFF, 0x67, 0x8E, 0xD2, 0xFF, 0x74, 0x9E, 0xE1, 0xFF, 0x76, 0xA0, 0xE3, 0xFF,
    0x69, 0x95, 0xD5, 0xFF, 0x5C, 0x88, 0xC8, 0xFF, 0x54, 0x80, 0xBF, 0xFF, 0x4F, 0x7C, 0xB9, 0xFF,
    0x48, 0x74, 0xAF, 0xFF, 0x3F, 0x6A, 0xA3, 0xFF, 0x31, 0x5A, 0x91, 0xFF, 0x24, 0x4C, 0x81, 0xFF,
    0x1B, 0x43, 0x78, 0xFF, 0x1A, 0x41, 0x75, 0xFF, 0x23, 0x47, 0x77, 0xFF, 0x35, 0x56, 0x87, 0xFF,
    0x49, 0x69, 0x9A, 0xFF, 0x53, 0x74, 0xA2, 0xFF, 0x57, 0x75, 0xA4, 0xFF, 0x54, 0x72, 0xA1, 0xFF,
    0x4C, 0x6A, 0x99, 0xFF, 0x44, 0x62, 0x91, 0xFF, 0x41, 0x5B, 0x89, 0xFF, 0x3D, 0x57, 0x85, 0xFF,
    0x37, 0x51, 0x7F, 0xFF, 0x31, 0x4B, 0x79, 0xFF, 0x2E, 0x47, 0x73, 0xFF, 0x2C, 0x45, 0x71, 0xFF,
    0x2B, 0x42, 0x6F, 0xFF, 0x2A, 0x41, 0x6E, 0xFF, 0x28, 0x40, 0x6A, 0xFF, 0x25, 0x3E, 0x68, 0xFF,
    0x22, 0x3B, 0x65, 0xFF, 0x21, 0x3A, 0x64, 0xFF, 0x24, 0x3C, 0x66, 0xFF, 0x28, 0x40, 0x6A, 0xFF,
    0x2F, 0x45, 0x6F, 0xFF, 0x33, 0x49, 0x73, 0xFF, 0x30, 0x44, 0x6D, 0xFF, 0x2E, 0x42, 0x6B, 0xFF,
    0x2C, 0x3E, 0x67, 0xFF, 0x29, 0x3B, 0x64, 0xFF, 0x26, 0x36, 0x60, 0xFF, 0x24, 0x34, 0x5E, 0xFF,
    0x22, 0x32, 0x5C, 0xFF, 0x22, 0x33, 0x5A, 0xFF, 0x28, 0x37, 0x5E, 0xFF, 0x2C, 0x38, 0x60, 0xFF,
    0x2F, 0x3C, 0x62, 0xFF, 0x31, 0x3E, 0x64, 0xFF, 0x32, 0x3F, 0x65, 0xFF, 0x33, 0x40, 0x66, 0xFF,
    0x36, 0x42, 0x66, 0xFF, 0x36, 0x42, 0x66, 0xFF, 0x3C, 0x45, 0x6A, 0xFF, 0x3C, 0x46, 0x68, 0xFF,
    0x3D, 0x46, 0x68, 0xFF, 0x3D, 0x46, 0x68, 0xFF, 0x3D, 0x46, 0x68, 0xFF, 0x3B, 0x44, 0x66, 0xFF,
    0x38, 0x41, 0x62, 0xFF, 0x36, 0x40, 0x5E, 0xFF, 0x32, 0x3A, 0x58, 0xFF, 0x30, 0x38, 0x55, 0xFF,
    0x2B, 0x36, 0x52, 0xFF, 0x28, 0x33, 0x4F, 0xFF, 0x27, 0x32, 0x4E, 0xFF, 0x27, 0x32, 0x4E, 0xFF,
    0x27, 0x33, 0x4F, 0xFF, 0x28, 0x34, 0x50, 0xFF, 0x32, 0x3E, 0x5A, 0xFF, 0x33, 0x3F, 0x5B, 0xFF,
    0x31, 0x3F, 0x5B, 0xFF, 0x2F, 0x3D, 0x59, 0xFF, 0x2C, 0x3A, 0x56, 0xFF, 0x2C, 0x3A, 0x56, 0xFF,
    0x2D, 0x3E, 0x59, 0xFF, 0x2F, 0x40, 0x5B, 0xFF, 0x33, 0x44, 0x5E, 0xFF, 0x38, 0x49, 0x63, 0xFF,
    0x3F, 0x52, 0x6D, 0xFF, 0x46, 0x5B, 0x76, 0xFF, 0x48, 0x5D, 0x7C, 0xFF, 0x47, 0x60, 0x80, 0xFF,
    0x4F, 0x6A, 0x8C, 0xFF, 0x58, 0x76, 0x99, 0xFF, 0x64, 0x84, 0xA8, 0xFF, 0x65, 0x85, 0xA9, 0xFF,
    0x66, 0x80, 0xC3, 0xFF, 0x64, 0x7E, 0xC0, 0xFF, 0x63, 0x7D, 0xC0, 0xFF, 0x64, 0x80, 0xC1, 0xFF,
    0x69, 0x84, 0xC7, 0xFF, 0x6E, 0x8A, 0xCB, 0xFF, 0x70, 0x8B, 0xCE, 0xFF, 0x6F, 0x8D, 0xCE, 0xFF,
    0x68, 0x85, 0xC8, 0xFF, 0x64, 0x84, 0xC5, 0xFF, 0x61, 0x83, 0xC5, 0xFF, 0x61, 0x84, 0xC4, 0xFF,
    0x61, 0x84, 0xC6, 0xFF, 0x60, 0x84, 0xC4, 0xFF, 0x5C, 0x7F, 0xC1, 0xFF, 0x58, 0x7C, 0xBC, 0xFF,
    0x50, 0x76, 0xB7, 0xFF, 0x4D, 0x73, 0xB3, 0xFF, 0x4A, 0x70, 0xB1, 0xFF, 0x48, 0x6E, 0xAE, 0xFF,
    0x49, 0x6C, 0xAE, 0xFF, 0x48, 0x6C, 0xAC, 0xFF, 0x48, 0x6B, 0xAD, 0xFF, 0x48, 0x6C, 0xAC, 0xFF,
    0x41, 0x64, 0xA6, 0xFF, 0x42, 0x66, 0xA6, 0xFF, 0x44, 0x67, 0xA9, 0xFF, 0x48, 0x6C, 0xAC, 0xFF,
    0x4E, 0x71, 0xB3, 0xFF, 0x54, 0x78, 0xB8, 0xFF, 0x57, 0x7D, 0xBE, 0xFF, 0x5A, 0x80, 0xC1, 0xFF,
    0x5B, 0x7E, 0xC2, 0xFF, 0x5A, 0x7F, 0xC3, 0xFF, 0x5B, 0x80, 0xC4, 0xFF, 0x5D, 0x84, 0xC8, 0xFF,
    0x67, 0x91, 0xD4, 0xFF, 0x71, 0x9B, 0xDE, 0xFF, 0x6B, 0x97, 0xD7, 0xFF, 0x61, 0x8D, 0xCD, 0xFF,
    0x5C, 0x88, 0xC7, 0xFF, 0x58, 0x85, 0xC2, 0xFF, 0x52, 0x7E, 0xB9, 0xFF, 0x4B, 0x76, 0xAF, 0xFF,
    0x3E, 0x69, 0xA2, 0xFF, 0x31, 0x5A, 0x91, 0xFF, 0x24, 0x4D, 0x84, 0xFF, 0x1F, 0x47, 0x7B, 0xFF,
    0x23, 0x49, 0x79, 0xFF, 0x2A, 0x4E, 0x7C, 0xFF, 0x36, 0x58, 0x86, 0xFF, 0x43, 0x65, 0x93, 0xFF,
    0x4E, 0x6F, 0x9D, 0xFF, 0x50, 0x71, 0x9E, 0xFF, 0x4D, 0x6C, 0x99, 0xFF, 0x47, 0x66, 0x93, 0xFF,
    0x45, 0x5F, 0x8D, 0xFF, 0x41, 0x5B, 0x89, 0xFF, 0x3D, 0x56, 0x82, 0xFF, 0x37, 0x50, 0x7C, 0xFF,
    0x34, 0x4B, 0x78, 0xFF, 0x31, 0x48, 0x75, 0xFF, 0x31, 0x46, 0x73, 0xFF, 0x2E, 0x45, 0x72, 0xFF,
    0x2E, 0x46, 0x70, 0xFF, 0x2D, 0x45, 0x6F, 0xFF, 0x2D, 0x45, 0x6F, 0xFF, 0x2D, 0x45, 0x6F, 0xFF,
    0x30, 0x46, 0x6F, 0xFF, 0x32, 0x48, 0x71, 0xFF, 0x35, 0x4B, 0x74, 0xFF, 0x37, 0x4D, 0x76, 0xFF,
    0x31, 0x45, 0x6E, 0xFF, 0x2E, 0x42, 0x6B, 0xFF, 0x2B, 0x3E, 0x64, 0xFF, 0x26, 0x39, 0x5F, 0xFF,
    0x23, 0x36, 0x5C, 0xFF, 0x22, 0x35, 0x5B, 0xFF, 0x23, 0x34, 0x5B, 0xFF, 0x23, 0x34, 0x5B, 0xFF,
    0x2B, 0x3A, 0x61, 0xFF, 0x2D, 0x3D, 0x62, 0xFF, 0x32, 0x3F, 0x65, 0xFF, 0x35, 0x42, 0x68, 0xFF,
    0x36, 0x44, 0x68, 0xFF, 0x37, 0x45, 0x69, 0xFF, 0x3B, 0x47, 0x6B, 0xFF, 0x3B, 0x47, 0x6B, 0xFF,
    0x3F, 0x49, 0x6B, 0xFF, 0x3E, 0x48, 0x6A, 0xFF, 0x3F, 0x48, 0x6A, 0xFF, 0x3E, 0x47, 0x68, 0xFF,
    0x3F, 0x46, 0x67, 0xFF, 0x3C, 0x43, 0x64, 0xFF, 0x39, 0x40, 0x61, 0xFF, 0x36, 0x3E, 0x5C, 0xFF,
    0x30, 0x38, 0x56, 0xFF, 0x2E, 0x36, 0x53, 0xFF, 0x2B, 0x33, 0x50, 0xFF, 0x28, 0x30, 0x4D, 0xFF,
    0x24, 0x2F, 0x4B, 0xFF, 0x25, 0x30, 0x4C, 0xFF, 0x26, 0x31, 0x4D, 0xFF, 0x27, 0x32, 0x4E, 0xFF,
    0x31, 0x3D, 0x59, 0xFF, 0x32, 0x3E, 0x5A, 0xFF, 0x30, 0x3E, 0x5A, 0xFF, 0x2E, 0x3C, 0x58, 0xFF,
    0x2B, 0x39, 0x55, 0xFF, 0x2A, 0x38, 0x54, 0xFF, 0x2D, 0x3B, 0x57, 0xFF, 0x30, 0x3E, 0x5A, 0xFF,
    0x31, 0x42, 0x5C, 0xFF, 0x35, 0x46, 0x60, 0xFF, 0x3C, 0x4F, 0x6A, 0xFF, 0x41, 0x58, 0x72, 0xFF,
    0x42, 0x5A, 0x78, 0xFF, 0x42, 0x5E, 0x7D, 0xFF, 0x4F, 0x6B, 0x8D, 0xFF, 0x5A, 0x78, 0x9B, 0xFF,
    0x64, 0x84, 0xA8, 0xFF, 0x65, 0x85, 0xA9, 0xFF, 0x63, 0x7D, 0xBF, 0xFF, 0x61, 0x7C, 0xBC, 0xFF,
    0x5E, 0x7A, 0xBB, 0xFF, 0x5F, 0x7B, 0xBB, 0xFF, 0x62, 0x7E, 0xBF, 0xFF, 0x66, 0x82, 0xC2, 0xFF,
    0x65, 0x83, 0xC4, 0xFF, 0x66, 0x85, 0xC4, 0xFF, 0x62, 0x82, 0xC3, 0xFF, 0x61, 0x82, 0xC1, 0xFF,
    0x5E, 0x81, 0xC1, 0xFF, 0x5E, 0x81, 0xC0, 0xFF, 0x5D, 0x80, 0xC0, 0xFF, 0x59, 0x7E, 0xBC, 0xFF,
    0x54, 0x78, 0xB8, 0xFF, 0x50, 0x75, 0xB3, 0xFF, 0x4D, 0x72, 0xB0, 0xFF, 0x49, 0x70, 0xAE, 0xFF,
    0x49, 0x6E, 0xAC, 0xFF, 0x48, 0x6D, 0xAB, 0xFF, 0x47, 0x6C, 0xAA, 0xFF, 0x45, 0x6A, 0xA8, 0xFF,
    0x44, 0x69, 0xA7, 0xFF, 0x42, 0x67, 0xA5, 0xFF, 0x40, 0x65, 0xA3, 0xFF, 0x3F, 0x64, 0xA2, 0xFF,
    0x40, 0x65, 0xA3, 0xFF, 0x42, 0x67, 0xA5, 0xFF, 0x45, 0x6A, 0xA8, 0xFF, 0x49, 0x6E, 0xAC, 0xFF,
    0x4D, 0x72, 0xB0, 0xFF, 0x50, 0x74, 0xB4, 0xFF, 0x58, 0x7B, 0xBD, 0xFF, 0x5E, 0x81, 0xC3, 0xFF,
    0x5F, 0x82, 0xC4, 0xFF, 0x5A, 0x80, 0xC1, 0xFF, 0x5F, 0x86, 0xCA, 0xFF, 0x6B, 0x95, 0xD6, 0xFF,
    0x6C, 0x96, 0xD7, 0xFF, 0x63, 0x8F, 0xCE, 0xFF, 0x5B, 0x87, 0xC6, 0xFF, 0x57, 0x84, 0xC1, 0xFF,
    0x54, 0x80, 0xBB, 0xFF, 0x50, 0x7D, 0xB6, 0xFF, 0x49, 0x74, 0xAD, 0xFF, 0x3C, 0x68, 0x9E, 0xFF,
    0x2F, 0x58, 0x8F, 0xFF, 0x27, 0x4F, 0x83, 0xFF, 0x2A, 0x50, 0x80, 0xFF, 0x28, 0x4C, 0x7A, 0xFF,
    0x2D, 0x4F, 0x7D, 0xFF, 0x3A, 0x5C, 0x8A, 0xFF, 0x48, 0x69, 0x96, 0xFF, 0x4D, 0x6E, 0x9B, 0xFF,
    0x4C, 0x6B, 0x98, 0xFF, 0x48, 0x67, 0x94, 0xFF, 0x48, 0x62, 0x90, 0xFF, 0x44, 0x5E, 0x8C, 0xFF,
    0x3F, 0x58, 0x84, 0xFF, 0x3A, 0x53, 0x7F, 0xFF, 0x37, 0x4E, 0x7B, 0xFF, 0x34, 0x4B, 0x78, 0xFF,
    0x34, 0x49, 0x76, 0xFF, 0x33, 0x48, 0x75, 0xFF, 0x32, 0x4A, 0x74, 0xFF, 0x33, 0x4B, 0x75, 0xFF,
    0x34, 0x4C, 0x76, 0xFF, 0x34, 0x4C, 0x76, 0xFF, 0x37, 0x4D, 0x76, 0xFF, 0x36, 0x4C, 0x75, 0xFF,
    0x35, 0x4B, 0x74, 0xFF, 0x35, 0x4B, 0x74, 0xFF, 0x31, 0x45, 0x6E, 0xFF, 0x2E, 0x42, 0x6B, 0xFF,
    0x2A, 0x3D, 0x63, 0xFF, 0x26, 0x39, 0x5F, 0xFF, 0x23, 0x36, 0x5C, 0xFF, 0x23, 0x36, 0x5C, 0xFF,
    0x26, 0x37, 0x5E, 0xFF, 0x27, 0x39, 0x5E, 0xFF, 0x2F, 0x3F, 0x64, 0xFF, 0x32, 0x42, 0x67, 0xFF,
    0x37, 0x44, 0x6A, 0xFF, 0x39, 0x46, 0x6C, 0xFF, 0x3B, 0x49, 0x6D, 0xFF, 0x3C, 0x4A, 0x6E, 0xFF,
    0x3F, 0x4B, 0x6F, 0xFF, 0x3F, 0x4B, 0x6D, 0xFF, 0x41, 0x4B, 0x6D, 0xFF, 0x40, 0x4A, 0x6C, 0xFF,
    0x40, 0x49, 0x6A, 0xFF, 0x3F, 0x48, 0x69, 0xFF, 0x40, 0x47, 0x68, 0xFF, 0x3C, 0x43, 0x64, 0xFF,
    0x38, 0x3F, 0x60, 0xFF, 0x36, 0x3E, 0x5C, 0xFF, 0x2F, 0x37, 0x54, 0xFF, 0x2D, 0x35, 0x52, 0xFF,
    0x2A, 0x32, 0x4F, 0xFF, 0x27, 0x2F, 0x4C, 0xFF, 0x23, 0x2E, 0x4A, 0xFF, 0x23, 0x2E, 0x4A, 0xFF,
    0x25, 0x30, 0x4C, 0xFF, 0x26, 0x31, 0x4D, 0xFF, 0x2F, 0x3B, 0x57, 0xFF, 0x31, 0x3D, 0x59, 0xFF,
    0x2F, 0x3D, 0x59, 0xFF, 0x2D, 0x3B, 0x57, 0xFF, 0x2A, 0x38, 0x54, 0xFF, 0x29, 0x37, 0x53, 0xFF,
    0x2C, 0x3A, 0x56, 0xFF, 0x2F, 0x3D, 0x59, 0xFF, 0x2D, 0x3E, 0x58, 0xFF, 0x30, 0x44, 0x5D, 0xFF,
    0x39, 0x4C, 0x67, 0xFF, 0x3D, 0x54, 0x6E, 0xFF, 0x3F, 0x57, 0x73, 0xFF, 0x41, 0x5D, 0x7B, 0xFF,
    0x4F, 0x6B, 0x8D, 0xFF, 0x5D, 0x7B, 0x9E, 0xFF, 0x63, 0x83, 0xA7, 0xFF, 0x64, 0x84, 0xA8, 0xFF,
    0x62, 0x7E, 0xBE, 0xFF, 0x60, 0x7D, 0xBA, 0xFF, 0x5E, 0x7A, 0xBA, 0xFF, 0x5F, 0x7C, 0xB9, 0xFF,
    0x5F, 0x7E, 0xBD, 0xFF, 0x60, 0x7F, 0xBC, 0xFF, 0x5F, 0x7E, 0xBD, 0xFF, 0x5D, 0x7C, 0xB9, 0xFF,
    0x5D, 0x7E, 0xBD, 0xFF, 0x5A, 0x7C, 0xB8, 0xFF, 0x56, 0x77, 0xB6, 0xFF, 0x52, 0x74, 0xB0, 0xFF,
    0x50, 0x71, 0xB0, 0xFF, 0x4D, 0x71, 0xAD, 0xFF, 0x4C, 0x6F, 0xAE, 0xFF, 0x4C, 0x70, 0xAC, 0xFF,
    0x4B, 0x6F, 0xAB, 0xFF, 0x4A, 0x6F, 0xAB, 0xFF, 0x4B, 0x6F, 0xAB, 0xFF, 0x4B, 0x6F, 0xAB, 0xFF,
    0x4A, 0x6E, 0xAA, 0xFF, 0x49, 0x6D, 0xA9, 0xFF, 0x46, 0x6B, 0xA7, 0xFF, 0x46, 0x6B, 0xA7, 0xFF,
    0x44, 0x69, 0xA5, 0xFF, 0x43, 0x68, 0xA4, 0xFF, 0x42, 0x67, 0xA3, 0xFF, 0x42, 0x67, 0xA3, 0xFF,
    0x42, 0x67, 0xA3, 0xFF, 0x44, 0x69, 0xA5, 0xFF, 0x46, 0x6B, 0xA7, 0xFF, 0x48, 0x6C, 0xA8, 0xFF,
    0x4D, 0x70, 0xAF, 0xFF, 0x4F, 0x72, 0xB2, 0xFF, 0x53, 0x76, 0xB6, 0xFF, 0x56, 0x7A, 0xBA, 0xFF,
    0x59, 0x7F, 0xC0, 0xFF, 0x5C, 0x85, 0xC4, 0xFF, 0x5F, 0x8A, 0xC9, 0xFF, 0x63, 0x8E, 0xCD, 0xFF,
    0x59, 0x84, 0xC3, 0xFF, 0x56, 0x82, 0xBF, 0xFF, 0x53, 0x7D, 0xB8, 0xFF, 0x4C, 0x77, 0xB0, 0xFF,
    0x47, 0x6F, 0xA9, 0xFF, 0x40, 0x69, 0xA0, 0xFF, 0x3C, 0x63, 0x9A, 0xFF, 0x3A, 0x61, 0x95, 0xFF,
    0x2F, 0x55, 0x85, 0xFF, 0x2F, 0x54, 0x80, 0xFF, 0x2D, 0x52, 0x7E, 0xFF, 0x2E, 0x53, 0x7F, 0xFF,
    0x35, 0x58, 0x84, 0xFF, 0x3C, 0x5D, 0x8A, 0xFF, 0x44, 0x64, 0x8F, 0xFF, 0x48, 0x68, 0x93, 0xFF,
    0x47, 0x62, 0x8E, 0xFF, 0x45, 0x60, 0x8C, 0xFF, 0x44, 0x5D, 0x89, 0xFF, 0x40, 0x57, 0x84, 0xFF,
    0x3C, 0x51, 0x7E, 0xFF, 0x38, 0x4D, 0x7A, 0xFF, 0x37, 0x4C, 0x79, 0xFF, 0x36, 0x4B, 0x78, 0xFF,
    0x35, 0x4B, 0x75, 0xFF, 0x35, 0x4B, 0x74, 0xFF, 0x35, 0x4B, 0x74, 0xFF, 0x35, 0x4B, 0x74, 0xFF,
    0x35, 0x4B, 0x74, 0xFF, 0x35, 0x4B, 0x74, 0xFF, 0x36, 0x4B, 0x71, 0xFF, 0x36, 0x4B, 0x71, 0xFF,
    0x32, 0x47, 0x6D, 0xFF, 0x30, 0x45, 0x6B, 0xFF, 0x2F, 0x42, 0x68, 0xFF, 0x2C, 0x3F, 0x65, 0xFF,
    0x2A, 0x3D, 0x62, 0xFF, 0x29, 0x3C, 0x61, 0xFF, 0x2B, 0x3D, 0x62, 0xFF, 0x2B, 0x3D, 0x62, 0xFF,
    0x36, 0x46, 0x6B, 0xFF, 0x38, 0x48, 0x6C, 0xFF, 0x3C, 0x4A, 0x6E, 0xFF, 0x3F, 0x4D, 0x71, 0xFF,
    0x43, 0x4F, 0x73, 0xFF, 0x45, 0x51, 0x75, 0xFF, 0x47, 0x51, 0x73, 0xFF, 0x48, 0x52, 0x74, 0xFF,
    0x46, 0x4F, 0x71, 0xFF, 0x43, 0x4C, 0x6D, 0xFF, 0x43, 0x4A, 0x6B, 0xFF, 0x42, 0x49, 0x6A, 0xFF,
    0x42, 0x47, 0x66, 0xFF, 0x3F, 0x44, 0x63, 0xFF, 0x38, 0x3D, 0x5C, 0xFF, 0x34, 0x39, 0x58, 0xFF,
    0x2B, 0x33, 0x50, 0xFF, 0x29, 0x31, 0x4E, 0xFF, 0x27, 0x2F, 0x4C, 0xFF, 0x25, 0x2D, 0x4A, 0xFF,
    0x23, 0x2B, 0x48, 0xFF, 0x22, 0x2A, 0x47, 0xFF, 0x20, 0x2B, 0x47, 0xFF, 0x21, 0x2C, 0x48, 0xFF,
    0x29, 0x35, 0x51, 0xFF, 0x2E, 0x3A, 0x56, 0xFF, 0x32, 0x3E, 0x5A, 0xFF, 0x32, 0x3E, 0x5A, 0xFF,
    0x2C, 0x3A, 0x56, 0xFF, 0x29, 0x37, 0x53, 0xFF, 0x2A, 0x38, 0x54, 0xFF, 0x2C, 0x3A, 0x56, 0xFF,
    0x30, 0x41, 0x5B, 0xFF, 0x2F, 0x44, 0x5A, 0xFF, 0x33, 0x47, 0x60, 0xFF, 0x38, 0x4F, 0x69, 0xFF,
    0x3D, 0x55, 0x71, 0xFF, 0x42, 0x5E, 0x7C, 0xFF, 0x50, 0x6C, 0x8E, 0xFF, 0x5C, 0x7A, 0x9D, 0xFF,
    0x64, 0x84, 0xA8, 0xFF, 0x65, 0x84, 0xAB, 0xFF, 0x61, 0x7F, 0xBA, 0xFF, 0x5F, 0x7D, 0xB8, 0xFF,
    0x5C, 0x7A, 0xB5, 0xFF, 0x5C, 0x7A, 0xB5, 0xFF, 0x5A, 0x7A, 0xB5, 0xFF, 0x59, 0x79, 0xB4, 0xFF,
    0x57, 0x77, 0xB2, 0xFF, 0x55, 0x75, 0xB0, 0xFF, 0x4E, 0x6E, 0xA9, 0xFF, 0x4A, 0x6C, 0xA7, 0xFF,
    0x49, 0x69, 0xA4, 0xFF, 0x45, 0x67, 0xA2, 0xFF, 0x47, 0x67, 0xA2, 0xFF, 0x45, 0x67, 0xA2, 0xFF,
    0x46, 0x68, 0xA3, 0xFF, 0x46, 0x68, 0xA3, 0xFF, 0x47, 0x69, 0xA4, 0xFF, 0x48, 0x6B, 0xA3, 0xFF,
    0x48, 0x6B, 0xA3, 0xFF, 0x48, 0x6B, 0xA3, 0xFF, 0x47, 0x6A, 0xA2, 0xFF, 0x45, 0x6A, 0xA2, 0xFF,
    0x44, 0x69, 0xA1, 0xFF, 0x42, 0x69, 0xA0, 0xFF, 0x44, 0x69, 0xA1, 0xFF, 0x43, 0x6A, 0xA1, 0xFF,
    0x43, 0x68, 0xA0, 0xFF, 0x42, 0x69, 0xA0, 0xFF, 0x43, 0x68, 0xA0, 0xFF, 0x43, 0x68, 0xA0, 0xFF,
    0x43, 0x68, 0xA0, 0xFF, 0x46, 0x68, 0xA3, 0xFF, 0x4A, 0x6C, 0xA8, 0xFF, 0x4C, 0x6E, 0xAA, 0xFF,
    0x4F, 0x70, 0xAF, 0xFF, 0x51, 0x74, 0xB3, 0xFF, 0x54, 0x79, 0xB7, 0xFF, 0x57, 0x7E, 0xBC, 0xFF,
    0x59, 0x82, 0xC0, 0xFF, 0x5A, 0x86, 0xC3, 0xFF, 0x59, 0x83, 0xBE, 0xFF, 0x56, 0x80, 0xBB, 0xFF,
    0x52, 0x7D, 0xB6, 0xFF, 0x4E, 0x77, 0xAE, 0xFF, 0x47, 0x70, 0xA7, 0xFF, 0x42, 0x6A, 0x9F, 0xFF,
    0x3E, 0x64, 0x9A, 0xFF, 0x3B, 0x63, 0x94, 0xFF, 0x37, 0x5E, 0x8B, 0xFF, 0x36, 0x5B, 0x87, 0xFF,
    0x31, 0x56, 0x82, 0xFF, 0x2E, 0x53, 0x7F, 0xFF, 0x31, 0x54, 0x80, 0xFF, 0x36, 0x57, 0x84, 0xFF,
    0x3F, 0x5F, 0x8A, 0xFF, 0x43, 0x63, 0x8E, 0xFF, 0x47, 0x62, 0x8E, 0xFF, 0x46, 0x61, 0x8D, 0xFF,
    0x45, 0x5E, 0x8A, 0xFF, 0x41, 0x58, 0x85, 0xFF, 0x3E, 0x53, 0x80, 0xFF, 0x3A, 0x4F, 0x7C, 0xFF,
    0x38, 0x4D, 0x7A, 0xFF, 0x38, 0x4E, 0x78, 0xFF, 0x36, 0x4C, 0x75, 0xFF, 0x36, 0x4C, 0x75, 0xFF,
    0x36, 0x4C, 0x75, 0xFF, 0x36, 0x4C, 0x75, 0xFF, 0x36, 0x4C, 0x75, 0xFF, 0x35, 0x4B, 0x74, 0xFF,
    0x37, 0x4C, 0x72, 0xFF, 0x36, 0x4B, 0x71, 0xFF, 0x32, 0x47, 0x6D, 0xFF, 0x31, 0x46, 0x6C, 0xFF,
    0x30, 0x43, 0x69, 0xFF, 0x2E, 0x41, 0x67, 0xFF, 0x2E, 0x41, 0x66, 0xFF, 0x2E, 0x41, 0x66, 0xFF,
    0x31, 0x43, 0x68, 0xFF, 0x32, 0x44, 0x69, 0xFF, 0x39, 0x49, 0x6D, 0xFF, 0x3A, 0x4A, 0x6E, 0xFF,
    0x3F, 0x4D, 0x71, 0xFF, 0x41, 0x4F, 0x73, 0xFF, 0x45, 0x51, 0x75, 0xFF, 0x45, 0x51, 0x73, 0xFF,
    0x46, 0x50, 0x72, 0xFF, 0x45, 0x4F, 0x71, 0xFF, 0x45, 0x4E, 0x6F, 0xFF, 0x42, 0x4B, 0x6C, 0xFF,
    0x41, 0x48, 0x69, 0xFF, 0x3F, 0x46, 0x67, 0xFF, 0x3E, 0x43, 0x62, 0xFF, 0x3A, 0x3F, 0x5E, 0xFF,
    0x34, 0x39, 0x58, 0xFF, 0x2F, 0x34, 0x53, 0xFF, 0x2B, 0x31, 0x4E, 0xFF, 0x27, 0x2F, 0x4C, 0xFF,
    0x25, 0x2D, 0x4A, 0xFF, 0x23, 0x2B, 0x48, 0xFF, 0x22, 0x2A, 0x47, 0xFF, 0x21, 0x29, 0x46, 0xFF,
    0x1F, 0x2A, 0x46, 0xFF, 0x1F, 0x2A, 0x46, 0xFF, 0x28, 0x34, 0x50, 0xFF, 0x2D, 0x39, 0x55, 0xFF,
    0x32, 0x3E, 0x5A, 0xFF, 0x32, 0x3E, 0x5A, 0xFF, 0x2C, 0x3A, 0x56, 0xFF, 0x29, 0x37, 0x53, 0xFF,
    0x29, 0x37, 0x53, 0xFF, 0x2B, 0x3A, 0x54, 0xFF, 0x30, 0x41, 0x5B, 0xFF, 0x30, 0x42, 0x59, 0xFF,
    0x33, 0x47, 0x60, 0xFF, 0x38, 0x4F, 0x69, 0xFF, 0x3D, 0x55, 0x71, 0xFF, 0x42, 0x5E, 0x7C, 0xFF,
    0x50, 0x6C, 0x8E, 0xFF, 0x5D, 0x7B, 0x9E, 0xFF, 0x63, 0x83, 0xA7, 0xFF, 0x63, 0x82, 0xA9, 0xFF,
    0x5E, 0x7B, 0xB4, 0xFF, 0x5C, 0x79, 0xB2, 0xFF, 0x57, 0x75, 0xAE, 0xFF, 0x55, 0x73, 0xAC, 0xFF,
    0x53, 0x71, 0xAA, 0xFF, 0x51, 0x6F, 0xA8, 0xFF, 0x4E, 0x6C, 0xA5, 0xFF, 0x4B, 0x69, 0xA2, 0xFF,
    0x42, 0x60, 0x99, 0xFF, 0x3E, 0x5F, 0x97, 0xFF, 0x3E, 0x5C, 0x95, 0xFF, 0x3B, 0x5C, 0x94, 0xFF,
    0x3E, 0x5C, 0x95, 0xFF, 0x3E, 0x5F, 0x97, 0xFF, 0x3F, 0x60, 0x98, 0xFF, 0x40, 0x62, 0x98, 0xFF,
    0x41, 0x63, 0x99, 0xFF, 0x41, 0x63, 0x99, 0xFF, 0x42, 0x64, 0x9A, 0xFF, 0x42, 0x64, 0x9A, 0xFF,
    0x42, 0x64, 0x9A, 0xFF, 0x40, 0x64, 0x9A, 0xFF, 0x3F, 0x63, 0x99, 0xFF, 0x3D, 0x63, 0x99, 0xFF,
    0x42, 0x66, 0x9C, 0xFF, 0x40, 0x66, 0x9C, 0xFF, 0x42, 0x66, 0x9C, 0xFF, 0x40, 0x66, 0x9C, 0xFF,
    0x41, 0x65, 0x9B, 0xFF, 0x40, 0x64, 0x9A, 0xFF, 0x3F, 0x63, 0x99, 0xFF, 0x40, 0x62, 0x98, 0xFF,
    0x44, 0x65, 0x9D, 0xFF, 0x46, 0x67, 0x9F, 0xFF, 0x47, 0x69, 0xA4, 0xFF, 0x48, 0x6D, 0xA7, 0xFF,
    0x4B, 0x70, 0xAA, 0xFF, 0x4D, 0x73, 0xAD, 0xFF, 0x4F, 0x77, 0xB1, 0xFF, 0x4F, 0x7A, 0xB3, 0xFF,
    0x53, 0x7B, 0xB5, 0xFF, 0x52, 0x7B, 0xB2, 0xFF, 0x4E, 0x77, 0xAE, 0xFF, 0x4B, 0x73, 0xA8, 0xFF,
    0x47, 0x6D, 0xA3, 0xFF, 0x42, 0x69, 0x9D, 0xFF, 0x40, 0x65, 0x99, 0xFF, 0x3D, 0x63, 0x93, 0xFF,
    0x3D, 0x62, 0x8E, 0xFF, 0x39, 0x5F, 0x89, 0xFF, 0x35, 0x58, 0x83, 0xFF, 0x2E, 0x51, 0x7C, 0xFF,
    0x2D, 0x4F, 0x7A, 0xFF, 0x30, 0x52, 0x7D, 0xFF, 0x39, 0x59, 0x84, 0xFF, 0x3F, 0x5F, 0x8A, 0xFF,
    0x47, 0x63, 0x8C, 0xFF, 0x46, 0x62, 0x8B, 0xFF, 0x46, 0x5F, 0x89, 0xFF, 0x42, 0x5B, 0x85, 0xFF,
    0x3E, 0x56, 0x80, 0xFF, 0x3A, 0x52, 0x7C, 0xFF, 0x3A, 0x50, 0x7A, 0xFF, 0x3A, 0x50, 0x7A, 0xFF,
    0x37, 0x4D, 0x76, 0xFF, 0x37, 0x4E, 0x74, 0xFF, 0x39, 0x4E, 0x74, 0xFF, 0x39, 0x4E, 0x74, 0xFF,
    0x39, 0x4E, 0x74, 0xFF, 0x38, 0x4D, 0x73, 0xFF, 0x37, 0x4C, 0x72, 0xFF, 0x37, 0x4C, 0x72, 0xFF,
    0x35, 0x48, 0x6D, 0xFF, 0x34, 0x47, 0x6C, 0xFF, 0x33, 0x46, 0x6B, 0xFF, 0x32, 0x45, 0x6A, 0xFF,
    0x33, 0x46, 0x6B, 0xFF, 0x35, 0x48, 0x6D, 0xFF, 0x38, 0x4A, 0x6F, 0xFF, 0x3A, 0x4C, 0x71, 0xFF,
    0x3F, 0x4F, 0x73, 0xFF, 0x41, 0x51, 0x75, 0xFF, 0x46, 0x55, 0x76, 0xFF, 0x48, 0x57, 0x78, 0xFF,
    0x4B, 0x57, 0x79, 0xFF, 0x49, 0x55, 0x77, 0xFF, 0x49, 0x53, 0x75, 0xFF, 0x47, 0x52, 0x72, 0xFF,
    0x46, 0x4F, 0x70, 0xFF, 0x42, 0x4B, 0x6C, 0xFF, 0x3F, 0x47, 0x65, 0xFF, 0x3B, 0x43, 0x61, 0xFF,
    0x39, 0x3E, 0x5D, 0xFF, 0x34, 0x39, 0x58, 0xFF, 0x30, 0x34, 0x51, 0xFF, 0x29, 0x2F, 0x4C, 0xFF,
    0x27, 0x2D, 0x4A, 0xFF, 0x26, 0x2C, 0x49, 0xFF, 0x23, 0x2B, 0x48, 0xFF, 0x21, 0x29, 0x46, 0xFF,
    0x20, 0x28, 0x45, 0xFF, 0x20, 0x28, 0x45, 0xFF, 0x1E, 0x29, 0x45, 0xFF, 0x1E, 0x29, 0x45, 0xFF,
    0x26, 0x31, 0x4D, 0xFF, 0x2C, 0x37, 0x53, 0xFF, 0x31, 0x3D, 0x59, 0xFF, 0x32, 0x3E, 0x5A, 0xFF,
    0x2E, 0x3A, 0x56, 0xFF, 0x2B, 0x37, 0x53, 0xFF, 0x29, 0x37, 0x53, 0xFF, 0x2A, 0x39, 0x53, 0xFF,
    0x2E, 0x3F, 0x59, 0xFF, 0x2F, 0x41, 0x58, 0xFF, 0x32, 0x46, 0x5F, 0xFF, 0x38, 0x4D, 0x68, 0xFF,
    0x3E, 0x54, 0x70, 0xFF, 0x43, 0x5D, 0x7B, 0xFF, 0x51, 0x6C, 0x8E, 0xFF, 0x5C, 0x7A, 0x9D, 0xFF,
    0x62, 0x82, 0xA6, 0xFF, 0x62, 0x81, 0xA8, 0xFF, 0x56, 0x75, 0xAA, 0xFF, 0x54, 0x73, 0xA8, 0xFF,
    0x50, 0x6F, 0xA4, 0xFF, 0x4C, 0x6C, 0xA1, 0xFF, 0x4B, 0x6A, 0x9F, 0xFF, 0x47, 0x67, 0x9C, 0xFF,
    0x45, 0x64, 0x99, 0xFF, 0x42, 0x62, 0x97, 0xFF, 0x40, 0x5F, 0x94, 0xFF, 0x3D, 0x5D, 0x92, 0xFF,
    0x3C, 0x5B, 0x90, 0xFF, 0x3A, 0x5A, 0x8F, 0xFF, 0x3B, 0x5A, 0x8F, 0xFF, 0x3B, 0x5B, 0x90, 0xFF,
    0x3C, 0x5B, 0x90, 0xFF, 0x3D, 0x5C, 0x91, 0xFF, 0x3B, 0x5A, 0x8F, 0xFF, 0x3B, 0x5A, 0x8D, 0xFF,
    0x3C, 0x5B, 0x8E, 0xFF, 0x3C, 0x5D, 0x8F, 0xFF, 0x3C, 0x5D, 0x8F, 0xFF, 0x3A, 0x5D, 0x8F, 0xFF,
    0x3B, 0x5E, 0x90, 0xFF, 0x39, 0x5E, 0x90, 0xFF, 0x39, 0x5E, 0x90, 0xFF, 0x3A, 0x5F, 0x91, 0xFF,
    0x3B, 0x60, 0x92, 0xFF, 0x3E, 0x61, 0x93, 0xFF, 0x3E, 0x61, 0x93, 0xFF, 0x3C, 0x5F, 0x91, 0xFF,
    0x3A, 0x5D, 0x8F, 0xFF, 0x3B, 0x5C, 0x8E, 0xFF, 0x40, 0x60, 0x95, 0xFF, 0x41, 0x61, 0x96, 0xFF,
    0x42, 0x64, 0x9A, 0xFF, 0x42, 0x66, 0x9C, 0xFF, 0x43, 0x67, 0x9D, 0xFF, 0x44, 0x6A, 0xA0, 0xFF,
    0x45, 0x6D, 0xA2, 0xFF, 0x47, 0x6F, 0xA4, 0xFF, 0x49, 0x71, 0xA6, 0xFF, 0x48, 0x70, 0xA5, 0xFF,
    0x47, 0x6D, 0xA3, 0xFF, 0x45, 0x6C, 0xA0, 0xFF, 0x44, 0x69, 0x9D, 0xFF, 0x43, 0x66, 0x98, 0xFF,
    0x42, 0x63, 0x95, 0xFF, 0x41, 0x63, 0x91, 0xFF, 0x39, 0x5E, 0x8A, 0xFF, 0x36, 0x5C, 0x86, 0xFF,
    0x33, 0x56, 0x81, 0xFF, 0x2D, 0x50, 0x7B, 0xFF, 0x2B, 0x4D, 0x78, 0xFF, 0x2D, 0x4F, 0x7A, 0xFF,
    0x36, 0x56, 0x81, 0xFF, 0x3C, 0x5C, 0x87, 0xFF, 0x44, 0x60, 0x89, 0xFF, 0x44, 0x60, 0x89, 0xFF,
    0x46, 0x5F, 0x89, 0xFF, 0x43, 0x5C, 0x86, 0xFF, 0x41, 0x59, 0x83, 0xFF, 0x3D, 0x55, 0x7F, 0xFF,
    0x3D, 0x53, 0x7D, 0xFF, 0x3C, 0x52, 0x7B, 0xFF, 0x39, 0x4F, 0x78, 0xFF, 0x39, 0x50, 0x76, 0xFF,
    0x3B, 0x50, 0x76, 0xFF, 0x3B, 0x50, 0x76, 0xFF, 0x3A, 0x4F, 0x75, 0xFF, 0x39, 0x4E, 0x74, 0xFF,
    0x38, 0x4D, 0x73, 0xFF, 0x37, 0x4C, 0x72, 0xFF, 0x37, 0x4A, 0x6F, 0xFF, 0x36, 0x49, 0x6E, 0xFF,
    0x36, 0x49, 0x6E, 0xFF, 0x36, 0x49, 0x6E, 0xFF, 0x37, 0x4A, 0x6F, 0xFF, 0x39, 0x4C, 0x71, 0xFF,
    0x3C, 0x4E, 0x73, 0xFF, 0x3D, 0x50, 0x73, 0xFF, 0x41, 0x51, 0x75, 0xFF, 0x44, 0x54, 0x78, 0xFF,
    0x49, 0x58, 0x79, 0xFF, 0x4B, 0x5A, 0x7B, 0xFF, 0x4D, 0x59, 0x7B, 0xFF, 0x4B, 0x57, 0x79, 0xFF,
    0x4A, 0x55, 0x75, 0xFF, 0x48, 0x53, 0x73, 0xFF, 0x47, 0x50, 0x71, 0xFF, 0x42, 0x4B, 0x6C, 0xFF,
    0x3D, 0x45, 0x63, 0xFF, 0x37, 0x3F, 0x5D, 0xFF, 0x34, 0x39, 0x58, 0xFF, 0x2F, 0x34, 0x53, 0xFF,
    0x2C, 0x30, 0x4D, 0xFF, 0x27, 0x2B, 0x48, 0xFF, 0x24, 0x2A, 0x47, 0xFF, 0x23, 0x29, 0x46, 0xFF,
    0x20, 0x28, 0x45, 0xFF, 0x1F, 0x27, 0x44, 0xFF, 0x1F, 0x27, 0x44, 0xFF, 0x1F, 0x27, 0x44, 0xFF,
    0x1D, 0x28, 0x44, 0xFF, 0x1D, 0x28, 0x44, 0xFF, 0x24, 0x2F, 0x4B, 0xFF, 0x2A, 0x35, 0x51, 0xFF,
    0x30, 0x3C, 0x58, 0xFF, 0x32, 0x3E, 0x5A, 0xFF, 0x2E, 0x3A, 0x56, 0xFF, 0x2B, 0x37, 0x53, 0xFF,
    0x28, 0x36, 0x52, 0xFF, 0x29, 0x38, 0x52, 0xFF, 0x2E, 0x3E, 0x55, 0xFF, 0x2E, 0x40, 0x57, 0xFF,
    0x31, 0x45, 0x5E, 0xFF, 0x37, 0x4C, 0x67, 0xFF, 0x3C, 0x52, 0x6E, 0xFF, 0x41, 0x5B, 0x79, 0xFF,
    0x4F, 0x6B, 0x8A, 0xFF, 0x5D, 0x79, 0x9C, 0xFF, 0x63, 0x80, 0xA5, 0xFF, 0x61, 0x80, 0xA7, 0xFF,
    0x4C, 0x69, 0x9C, 0xFF, 0x4B, 0x68, 0x9B, 0xFF, 0x49, 0x66, 0x99, 0xFF, 0x45, 0x64, 0x97, 0xFF,
    0x45, 0x62, 0x95, 0xFF, 0x41, 0x60, 0x93, 0xFF, 0x41, 0x5E, 0x91, 0xFF, 0x3D, 0x5C, 0x8F, 0xFF,
    0x41, 0x5E, 0x91, 0xFF, 0x3D, 0x5C, 0x8F, 0xFF, 0x3C, 0x59, 0x8C, 0xFF, 0x38, 0x57, 0x8A, 0xFF,
    0x3A, 0x57, 0x8A, 0xFF, 0x38, 0x57, 0x8A, 0xFF, 0x39, 0x56, 0x89, 0xFF, 0x39, 0x57, 0x88, 0xFF,
    0x37, 0x55, 0x86, 0xFF, 0x37, 0x55, 0x86, 0xFF, 0x38, 0x56, 0x87, 0xFF, 0x36, 0x56, 0x87, 0xFF,
    0x37, 0x57, 0x88, 0xFF, 0x36, 0x57, 0x88, 0xFF, 0x37, 0x58, 0x89, 0xFF, 0x35, 0x59, 0x89, 0xFF,
    0x34, 0x58, 0x88, 0xFF, 0x35, 0x59, 0x89, 0xFF, 0x37, 0x5B, 0x8B, 0xFF, 0x3A, 0x5B, 0x8C, 0xFF,
    0x3A, 0x5B, 0x8C, 0xFF, 0x3A, 0x5B, 0x8C, 0xFF, 0x39, 0x5A, 0x8B, 0xFF, 0x39, 0x59, 0x8A, 0xFF,
    0x3C, 0x5C, 0x8D, 0xFF, 0x3C, 0x5D, 0x8E, 0xFF, 0x3E, 0x5F, 0x91, 0xFF, 0x3E, 0x61, 0x93, 0xFF,
    0x3C, 0x61, 0x95, 0xFF, 0x3C, 0x63, 0x97, 0xFF, 0x3D, 0x64, 0x98, 0xFF, 0x3E, 0x65, 0x99, 0xFF,
    0x3D, 0x64, 0x98, 0xFF, 0x3E, 0x66, 0x97, 0xFF, 0x3F, 0x64, 0x96, 0xFF, 0x41, 0x65, 0x95, 0xFF,
    0x43, 0x64, 0x95, 0xFF, 0x42, 0x64, 0x92, 0xFF, 0x42, 0x63, 0x91, 0xFF, 0x42, 0x63, 0x90, 0xFF,
    0x3A, 0x5D, 0x88, 0xFF, 0x38, 0x5C, 0x84, 0xFF, 0x35, 0x59, 0x81, 0xFF, 0x30, 0x54, 0x7C, 0xFF,
    0x2D, 0x50, 0x78, 0xFF, 0x2C, 0x4F, 0x77, 0xFF, 0x32, 0x52, 0x7B, 0xFF, 0x36, 0x56, 0x7F, 0xFF,
    0x40, 0x5C, 0x85, 0xFF, 0x41, 0x5D, 0x86, 0xFF, 0x44, 0x5D, 0x87, 0xFF, 0x44, 0x5D, 0x87, 0xFF,
    0x42, 0x5A, 0x84, 0xFF, 0x3F, 0x57, 0x81, 0xFF, 0x3D, 0x55, 0x7F, 0xFF, 0x3E, 0x54, 0x7D, 0xFF,
    0x3C, 0x52, 0x7B, 0xFF, 0x3E, 0x53, 0x79, 0xFF, 0x3D, 0x52, 0x78, 0xFF, 0x3C, 0x51, 0x77, 0xFF,
    0x3B, 0x50, 0x76, 0xFF, 0x3A, 0x4F, 0x75, 0xFF, 0x3A, 0x4D, 0x72, 0xFF, 0x3A, 0x4D, 0x72, 0xFF,
    0x39, 0x4C, 0x71, 0xFF, 0x39, 0x4C, 0x71, 0xFF, 0x38, 0x4B, 0x70, 0xFF, 0x37, 0x4A, 0x6F, 0xFF,
    0x38, 0x4C, 0x6F, 0xFF, 0x38, 0x4C, 0x6F, 0xFF, 0x3A, 0x4E, 0x71, 0xFF, 0x3C, 0x4F, 0x72, 0xFF,
    0x3F, 0x4F, 0x73, 0xFF, 0x42, 0x53, 0x74, 0xFF, 0x47, 0x56, 0x77, 0xFF, 0x49, 0x58, 0x79, 0xFF,
    0x4B, 0x57, 0x79, 0xFF, 0x4A, 0x56, 0x78, 0xFF, 0x49, 0x54, 0x74, 0xFF, 0x47, 0x52, 0x72, 0xFF,
    0x46, 0x50, 0x6E, 0xFF, 0x3F, 0x49, 0x67, 0xFF, 0x39, 0x41, 0x5F, 0xFF, 0x34, 0x39, 0x58, 0xFF,
    0x31, 0x35, 0x52, 0xFF, 0x2D, 0x31, 0x4E, 0xFF, 0x28, 0x2C, 0x49, 0xFF, 0x25, 0x29, 0x46, 0xFF,
    0x20, 0x26, 0x43, 0xFF, 0x20, 0x26, 0x43, 0xFF, 0x20, 0x26, 0x43, 0xFF, 0x20, 0x26, 0x43, 0xFF,
    0x1E, 0x26, 0x43, 0xFF, 0x1E, 0x26, 0x43, 0xFF, 0x1F, 0x27, 0x44, 0xFF, 0x1F, 0x27, 0x44, 0xFF,
    0x22, 0x2D, 0x49, 0xFF, 0x28, 0x33, 0x4F, 0xFF, 0x2F, 0x3B, 0x57, 0xFF, 0x31, 0x3D, 0x59, 0xFF,
    0x2E, 0x3A, 0x56, 0xFF, 0x2A, 0x36, 0x52, 0xFF, 0x29, 0x35, 0x51, 0xFF, 0x28, 0x37, 0x51, 0xFF,
    0x2C, 0x3C, 0x53, 0xFF, 0x2C, 0x3E, 0x55, 0xFF, 0x30, 0x44, 0x5D, 0xFF, 0x34, 0x49, 0x64, 0xFF,
    0x39, 0x4F, 0x6B, 0xFF, 0x3F, 0x57, 0x75, 0xFF, 0x4D, 0x66, 0x86, 0xFF, 0x59, 0x75, 0x98, 0xFF,
    0x62, 0x7F, 0xA4, 0xFF, 0x62, 0x7F, 0xA6, 0xFF, 0x42, 0x60, 0x91, 0xFF, 0x42, 0x60, 0x91, 0xFF,
    0x41, 0x5F, 0x90, 0xFF, 0x40, 0x5E, 0x8F, 0xFF, 0x3E, 0x5C, 0x8D, 0xFF, 0x3D, 0x5B, 0x8C, 0xFF,
    0x3C, 0x5A, 0x8B, 0xFF, 0x3C, 0x5A, 0x8B, 0xFF, 0x3A, 0x58, 0x89, 0xFF, 0x38, 0x56, 0x87, 0xFF,
    0x36, 0x54, 0x85, 0xFF, 0x35, 0x53, 0x84, 0xFF, 0x37, 0x52, 0x84, 0xFF, 0x35, 0x53, 0x84, 0xFF,
    0x36, 0x51, 0x83, 0xFF, 0x36, 0x52, 0x81, 0xFF, 0x37, 0x53, 0x82, 0xFF, 0x37, 0x53, 0x82, 0xFF,
    0x37, 0x53, 0x82, 0xFF, 0x35, 0x53, 0x82, 0xFF, 0x35, 0x53, 0x82, 0xFF, 0x34, 0x55, 0x83, 0xFF,
    0x34, 0x55, 0x83, 0xFF, 0x34, 0x56, 0x84, 0xFF, 0x32, 0x54, 0x82, 0xFF, 0x33, 0x55, 0x83, 0xFF,
    0x34, 0x56, 0x84, 0xFF, 0x35, 0x57, 0x85, 0xFF, 0x37, 0x58, 0x86, 0xFF, 0x37, 0x58, 0x86, 0xFF,
    0x37, 0x58, 0x86, 0xFF, 0x37, 0x58, 0x86, 0xFF, 0x37, 0x58, 0x86, 0xFF, 0x39, 0x5A, 0x88, 0xFF,
    0x3B, 0x5C, 0x8A, 0xFF, 0x3B, 0x5D, 0x8B, 0xFF, 0x39, 0x5D, 0x8D, 0xFF, 0x38, 0x5E, 0x8E, 0xFF,
    0x39, 0x5F, 0x8F, 0xFF, 0x39, 0x5F, 0x8F, 0xFF, 0x38, 0x5D, 0x8F, 0xFF, 0x3A, 0x5E, 0x8E, 0xFF,
    0x3B, 0x5F, 0x8F, 0xFF, 0x3D, 0x5F, 0x8D, 0xFF, 0x3F, 0x60, 0x8E, 0xFF, 0x41, 0x60, 0x8D, 0xFF,
    0x41, 0x60, 0x8D, 0xFF, 0x40, 0x60, 0x8B, 0xFF, 0x3D, 0x60, 0x88, 0xFF, 0x3B, 0x5F, 0x87, 0xFF,
    0x38, 0x5C, 0x84, 0xFF, 0x33, 0x57, 0x7F, 0xFF, 0x2F, 0x52, 0x7A, 0xFF, 0x2C, 0x4F, 0x77, 0xFF,
    0x2D, 0x4D, 0x76, 0xFF, 0x2F, 0x4D, 0x76, 0xFF, 0x37, 0x55, 0x7E, 0xFF, 0x3C, 0x58, 0x81, 0xFF,
    0x41, 0x5A, 0x84, 0xFF, 0x42, 0x5B, 0x85, 0xFF, 0x43, 0x5B, 0x85, 0xFF, 0x41, 0x59, 0x83, 0xFF,
    0x3F, 0x57, 0x81, 0xFF, 0x3E, 0x57, 0x7F, 0xFF, 0x3E, 0x54, 0x7D, 0xFF, 0x40, 0x55, 0x7B, 0xFF,
    0x3F, 0x54, 0x7A, 0xFF, 0x3E, 0x53, 0x79, 0xFF, 0x3C, 0x51, 0x77, 0xFF, 0x3B, 0x50, 0x76, 0xFF,
    0x3B, 0x4E, 0x73, 0xFF, 0x3A, 0x4D, 0x72, 0xFF, 0x3A, 0x4D, 0x72, 0xFF, 0x39, 0x4C, 0x71, 0xFF,
    0x38, 0x4B, 0x70, 0xFF, 0x37, 0x4A, 0x6F, 0xFF, 0x37, 0x4B, 0x6E, 0xFF, 0x37, 0x4B, 0x6E, 0xFF,
    0x37, 0x4B, 0x6E, 0xFF, 0x38, 0x4C, 0x6F, 0xFF, 0x41, 0x52, 0x73, 0xFF, 0x42, 0x53, 0x74, 0xFF,
    0x46, 0x55, 0x76, 0xFF, 0x48, 0x57, 0x78, 0xFF, 0x4A, 0x56, 0x78, 0xFF, 0x49, 0x55, 0x77, 0xFF,
    0x49, 0x54, 0x74, 0xFF, 0x48, 0x53, 0x73, 0xFF, 0x3F, 0x49, 0x67, 0xFF, 0x3B, 0x43, 0x61, 0xFF,
    0x34, 0x39, 0x58, 0xFF, 0x2C, 0x31, 0x50, 0xFF, 0x2A, 0x2E, 0x4B, 0xFF, 0x27, 0x2B, 0x48, 0xFF,
    0x24, 0x28, 0x45, 0xFF, 0x21, 0x25, 0x42, 0xFF, 0x1D, 0x23, 0x40, 0xFF, 0x1D, 0x23, 0x40, 0xFF,
    0x1E, 0x24, 0x41, 0xFF, 0x1E, 0x24, 0x41, 0xFF, 0x1D, 0x25, 0x42, 0xFF, 0x1D, 0x25, 0x42, 0xFF,
    0x1E, 0x26, 0x43, 0xFF, 0x1E, 0x26, 0x43, 0xFF, 0x20, 0x2B, 0x47, 0xFF, 0x27, 0x32, 0x4E, 0xFF,
    0x2D, 0x39, 0x55, 0xFF, 0x30, 0x3C, 0x58, 0xFF, 0x2D, 0x39, 0x55, 0xFF, 0x2A, 0x36, 0x52, 0xFF,
    0x29, 0x35, 0x51, 0xFF, 0x2A, 0x37, 0x51, 0xFF, 0x2B, 0x3B, 0x52, 0xFF, 0x2D, 0x3E, 0x53, 0xFF,
    0x30, 0x41, 0x5B, 0xFF, 0x34, 0x48, 0x61, 0xFF, 0x36, 0x4B, 0x67, 0xFF, 0x3A, 0x52, 0x70, 0xFF,
    0x48, 0x61, 0x81, 0xFF, 0x56, 0x70, 0x94, 0xFF, 0x62, 0x7D, 0xA2, 0xFF, 0x60, 0x7D, 0xA4, 0xFF,
    0x3E, 0x5A, 0x89, 0xFF, 0x3E, 0x5A, 0x89, 0xFF, 0x3E, 0x5A, 0x89, 0xFF, 0x3D, 0x59, 0x88, 0xFF,
    0x3C, 0x58, 0x87, 0xFF, 0x3B, 0x57, 0x86, 0xFF, 0x3B, 0x57, 0x86, 0xFF, 0x3B, 0x57, 0x86, 0xFF,
    0x39, 0x55, 0x84, 0xFF, 0x37, 0x53, 0x82, 0xFF, 0x36, 0x52, 0x81, 0xFF, 0x35, 0x51, 0x80, 0xFF,
    0x37, 0x51, 0x80, 0xFF, 0x35, 0x51, 0x80, 0xFF, 0x36, 0x50, 0x7F, 0xFF, 0x36, 0x50, 0x7F, 0xFF,
    0x39, 0x53, 0x82, 0xFF, 0x39, 0x53, 0x81, 0xFF, 0x38, 0x52, 0x80, 0xFF, 0x36, 0x53, 0x80, 0xFF,
    0x36, 0x53, 0x80, 0xFF, 0x34, 0x53, 0x80, 0xFF, 0x33, 0x54, 0x81, 0xFF, 0x33, 0x54, 0x81, 0xFF,
    0x33, 0x54, 0x81, 0xFF, 0x32, 0x53, 0x80, 0xFF, 0x32, 0x53, 0x80, 0xFF, 0x32, 0x53, 0x80, 0xFF,
    0x34, 0x53, 0x80, 0xFF, 0x34, 0x53, 0x80, 0xFF, 0x35, 0x54, 0x81, 0xFF, 0x36, 0x55, 0x82, 0xFF,
    0x35, 0x54, 0x81, 0xFF, 0x35, 0x56, 0x83, 0xFF, 0x37, 0x58, 0x85, 0xFF, 0x37, 0x5A, 0x86, 0xFF,
    0x37, 0x59, 0x87, 0xFF, 0x35, 0x59, 0x87, 0xFF, 0x36, 0x5A, 0x88, 0xFF, 0x36, 0x5A, 0x88, 0xFF,
    0x36, 0x5A, 0x8A, 0xFF, 0x36, 0x5A, 0x88, 0xFF, 0x38, 0x5A, 0x88, 0xFF, 0x39, 0x5A, 0x87, 0xFF,
    0x3B, 0x5A, 0x87, 0xFF, 0x3C, 0x59, 0x85, 0xFF, 0x3B, 0x58, 0x84, 0xFF, 0x3B, 0x59, 0x82, 0xFF,
    0x3A, 0x5D, 0x85, 0xFF, 0x39, 0x5D, 0x83, 0xFF, 0x36, 0x5A, 0x80, 0xFF, 0x33, 0x57, 0x7D, 0xFF,
    0x32, 0x52, 0x7B, 0xFF, 0x2E, 0x4E, 0x77, 0xFF, 0x2E, 0x4C, 0x75, 0xFF, 0x2C, 0x4A, 0x73, 0xFF,
    0x31, 0x4F, 0x78, 0xFF, 0x35, 0x53, 0x7C, 0xFF, 0x3B, 0x57, 0x80, 0xFF, 0x3F, 0x5B, 0x84, 0xFF,
    0x41, 0x5A, 0x84, 0xFF, 0x40, 0x59, 0x83, 0xFF, 0x3F, 0x58, 0x82, 0xFF, 0x3F, 0x58, 0x80, 0xFF,
    0x40, 0x56, 0x7F, 0xFF, 0x41, 0x56, 0x7C, 0xFF, 0x40, 0x55, 0x7B, 0xFF, 0x3F, 0x54, 0x7A, 0xFF,
    0x3F, 0x52, 0x77, 0xFF, 0x3D, 0x50, 0x75, 0xFF, 0x3C, 0x4F, 0x74, 0xFF, 0x3B, 0x4E, 0x73, 0xFF,
    0x39, 0x4C, 0x71, 0xFF, 0x38, 0x4B, 0x70, 0xFF, 0x37, 0x4B, 0x6E, 0xFF, 0x37, 0x4B, 0x6E, 0xFF,
    0x36, 0x4A, 0x6D, 0xFF, 0x36, 0x4A, 0x6D, 0xFF, 0x36, 0x4A, 0x6D, 0xFF, 0x37, 0x4B, 0x6E, 0xFF,
    0x3C, 0x4D, 0x6E, 0xFF, 0x3C, 0x4D, 0x6E, 0xFF, 0x3E, 0x4D, 0x6E, 0xFF, 0x3E, 0x4D, 0x6E, 0xFF,
    0x3F, 0x4C, 0x6C, 0xFF, 0x3E, 0x4B, 0x6B, 0xFF, 0x3F, 0x4A, 0x6A, 0xFF, 0x3E, 0x49, 0x69, 0xFF,
    0x36, 0x40, 0x5E, 0xFF, 0x31, 0x39, 0x57, 0xFF, 0x2A, 0x30, 0x4D, 0xFF, 0x23, 0x29, 0x46, 0xFF,
    0x22, 0x26, 0x43, 0xFF, 0x20, 0x24, 0x41, 0xFF, 0x20, 0x22, 0x40, 0xFF, 0x1D, 0x21, 0x3E, 0xFF,
    0x19, 0x1F, 0x3C, 0xFF, 0x1A, 0x20, 0x3D, 0xFF, 0x1B, 0x21, 0x3E, 0xFF, 0x1C, 0x22, 0x3F, 0xFF,
    0x1B, 0x23, 0x40, 0xFF, 0x1C, 0x24, 0x41, 0xFF, 0x1C, 0x24, 0x41, 0xFF, 0x1D, 0x25, 0x42, 0xFF,
    0x1F, 0x2A, 0x46, 0xFF, 0x26, 0x31, 0x4D, 0xFF, 0x2C, 0x38, 0x54, 0xFF, 0x2E, 0x3A, 0x56, 0xFF,
    0x2C, 0x38, 0x54, 0xFF, 0x29, 0x35, 0x51, 0xFF, 0x29, 0x35, 0x51, 0xFF, 0x2B, 0x38, 0x52, 0xFF,
    0x2B, 0x39, 0x50, 0xFF, 0x2B, 0x3C, 0x51, 0xFF, 0x2E, 0x3F, 0x59, 0xFF, 0x31, 0x45, 0x5E, 0xFF,
    0x32, 0x47, 0x63, 0xFF, 0x36, 0x4E, 0x6C, 0xFF, 0x43, 0x5C, 0x7C, 0xFF, 0x51, 0x6B, 0x8F, 0xFF,
    0x5F, 0x7A, 0x9F, 0xFF, 0x60, 0x7A, 0xA2, 0xFF, 0x3E, 0x58, 0x86, 0xFF, 0x3E, 0x58, 0x86, 0xFF,
    0x3E, 0x58, 0x86, 0xFF, 0x3D, 0x57, 0x85, 0xFF, 0x3C, 0x56, 0x84, 0xFF, 0x3B, 0x55, 0x83, 0xFF,
    0x3B, 0x55, 0x83, 0xFF, 0x39, 0x56, 0x83, 0xFF, 0x3D, 0x57, 0x85, 0xFF, 0x3B, 0x55, 0x83, 0xFF,
    0x3A, 0x54, 0x82, 0xFF, 0x39, 0x53, 0x81, 0xFF, 0x38, 0x52, 0x80, 0xFF, 0x38, 0x52, 0x80, 0xFF,
    0x37, 0x51, 0x7F, 0xFF, 0x36, 0x50, 0x7E, 0xFF, 0x3C, 0x55, 0x81, 0xFF, 0x3B, 0x54, 0x7E, 0xFF,
    0x3A, 0x53, 0x7F, 0xFF, 0x38, 0x54, 0x7D, 0xFF, 0x37, 0x52, 0x7E, 0xFF, 0x36, 0x54, 0x7D, 0xFF,
    0x34, 0x54, 0x7F, 0xFF, 0x35, 0x55, 0x7E, 0xFF, 0x35, 0x55, 0x80, 0xFF, 0x34, 0x54, 0x7D, 0xFF,
    0x32, 0x52, 0x7D, 0xFF, 0x30, 0x50, 0x79, 0xFF, 0x2F, 0x4F, 0x7A, 0xFF, 0x32, 0x50, 0x79, 0xFF,
    0x33, 0x50, 0x7C, 0xFF, 0x34, 0x52, 0x7B, 0xFF, 0x34, 0x52, 0x7B, 0xFF, 0x36, 0x54, 0x7D, 0xFF,
    0x36, 0x56, 0x7F, 0xFF, 0x37, 0x57, 0x80, 0xFF, 0x37, 0x57, 0x80, 0xFF, 0x35, 0x57, 0x82, 0xFF,
    0x36, 0x58, 0x83, 0xFF, 0x36, 0x58, 0x83, 0xFF, 0x37, 0x59, 0x84, 0xFF, 0x37, 0x59, 0x84, 0xFF,
    0x38, 0x58, 0x83, 0xFF, 0x39, 0x57, 0x80, 0xFF, 0x38, 0x56, 0x7F, 0xFF, 0x38, 0x54, 0x7D, 0xFF,
    0x37, 0x54, 0x7B, 0xFF, 0x36, 0x53, 0x7A, 0xFF, 0x37, 0x56, 0x7D, 0xFF, 0x33, 0x55, 0x79, 0xFF,
    0x32, 0x53, 0x7A, 0xFF, 0x31, 0x52, 0x79, 0xFF, 0x33, 0x52, 0x79, 0xFF, 0x31, 0x50, 0x77, 0xFF,
    0x30, 0x4F, 0x76, 0xFF, 0x2E, 0x4D, 0x74, 0xFF, 0x2F, 0x4C, 0x73, 0xFF, 0x33, 0x50, 0x77, 0xFF,
    0x39, 0x56, 0x7D, 0xFF, 0x3D, 0x5A, 0x81, 0xFF, 0x41, 0x5B, 0x83, 0xFF, 0x40, 0x5A, 0x82, 0xFF,
    0x3F, 0x59, 0x81, 0xFF, 0x3F, 0x58, 0x80, 0xFF, 0x40, 0x57, 0x7D, 0xFF, 0x42, 0x57, 0x7D, 0xFF,
    0x41, 0x56, 0x7C, 0xFF, 0x40, 0x56, 0x7A, 0xFF, 0x40, 0x53, 0x78, 0xFF, 0x3E, 0x51, 0x76, 0xFF,
    0x3C, 0x4F, 0x74, 0xFF, 0x3B, 0x4E, 0x73, 0xFF, 0x37, 0x4A, 0x6F, 0xFF, 0x37, 0x4B, 0x6E, 0xFF,
    0x36, 0x4A, 0x6D, 0xFF, 0x36, 0x4A, 0x6D, 0xFF, 0x36, 0x4A, 0x6D, 0xFF, 0x36, 0x4A, 0x6D, 0xFF,
    0x37, 0x4B, 0x6E, 0xFF, 0x38, 0x4B, 0x6E, 0xFF, 0x30, 0x41, 0x62, 0xFF, 0x2F, 0x40, 0x61, 0xFF,
    0x2F, 0x3E, 0x5F, 0xFF, 0x2D, 0x3C, 0x5D, 0xFF, 0x2D, 0x3A, 0x5A, 0xFF, 0x2B, 0x38, 0x58, 0xFF,
    0x2D, 0x38, 0x58, 0xFF, 0x2C, 0x37, 0x55, 0xFF, 0x2F, 0x39, 0x57, 0xFF, 0x2A, 0x32, 0x50, 0xFF,
    0x23, 0x29, 0x46, 0xFF, 0x1C, 0x22, 0x3F, 0xFF, 0x1C, 0x20, 0x3D, 0xFF, 0x1B, 0x1F, 0x3C, 0xFF,
    0x1A, 0x1E, 0x3B, 0xFF, 0x19, 0x1D, 0x3A, 0xFF, 0x17, 0x1D, 0x3A, 0xFF, 0x18, 0x1E, 0x3B, 0xFF,
    0x19, 0x1F, 0x3C, 0xFF, 0x1A, 0x20, 0x3D, 0xFF, 0x1A, 0x22, 0x3F, 0xFF, 0x1B, 0x23, 0x40, 0xFF,
    0x1B, 0x23, 0x40, 0xFF, 0x1B, 0x23, 0x40, 0xFF, 0x1F, 0x2A, 0x46, 0xFF, 0x25, 0x30, 0x4C, 0xFF,
    0x2B, 0x37, 0x53, 0xFF, 0x2E, 0x3A, 0x56, 0xFF, 0x2B, 0x37, 0x53, 0xFF, 0x29, 0x35, 0x51, 0xFF,
    0x29, 0x35, 0x51, 0xFF, 0x2B, 0x38, 0x52, 0xFF, 0x2B, 0x39, 0x50, 0xFF, 0x2B, 0x3B, 0x52, 0xFF,
    0x2D, 0x3E, 0x58, 0xFF, 0x30, 0x44, 0x5D, 0xFF, 0x30, 0x45, 0x60, 0xFF, 0x35, 0x4A, 0x69, 0xFF,
    0x41, 0x5A, 0x7A, 0xFF, 0x4E, 0x68, 0x8C, 0xFF, 0x5F, 0x79, 0x9E, 0xFF, 0x5E, 0x78, 0xA0, 0xFF,
    0x3E, 0x57, 0x81, 0xFF, 0x3E, 0x57, 0x81, 0xFF, 0x3E, 0x57, 0x81, 0xFF, 0x3E, 0x57, 0x81, 0xFF,
    0x3E, 0x57, 0x81, 0xFF, 0x3E, 0x57, 0x81, 0xFF, 0x3D, 0x56, 0x80, 0xFF, 0x3B, 0x57, 0x80, 0xFF,
    0x3C, 0x55, 0x7F, 0xFF, 0x3C, 0x55, 0x7F, 0xFF, 0x3B, 0x54, 0x7E, 0xFF, 0x3B, 0x54, 0x7E, 0xFF,
    0x39, 0x55, 0x7E, 0xFF, 0x39, 0x55, 0x7E, 0xFF, 0x37, 0x53, 0x7C, 0xFF, 0x36, 0x53, 0x7A, 0xFF,
    0x38, 0x53, 0x78, 0xFF, 0x3A, 0x54, 0x78, 0xFF, 0x3B, 0x55, 0x7A, 0xFF, 0x3A, 0x56, 0x79, 0xFF,
    0x3B, 0x56, 0x7B, 0xFF, 0x3A, 0x56, 0x79, 0xFF, 0x38, 0x55, 0x7A, 0xFF, 0x37, 0x55, 0x78, 0xFF,
    0x35, 0x52, 0x77, 0xFF, 0x35, 0x53, 0x76, 0xFF, 0x35, 0x52, 0x77, 0xFF, 0x34, 0x52, 0x75, 0xFF,
    0x34, 0x51, 0x76, 0xFF, 0x33, 0x51, 0x74, 0xFF, 0x32, 0x4F, 0x74, 0xFF, 0x31, 0x4F, 0x72, 0xFF,
    0x34, 0x50, 0x73, 0xFF, 0x35, 0x51, 0x74, 0xFF, 0x36, 0x52, 0x75, 0xFF, 0x37, 0x53, 0x76, 0xFF,
    0x38, 0x54, 0x77, 0xFF, 0x37, 0x54, 0x79, 0xFF, 0x38, 0x55, 0x7A, 0xFF, 0x38, 0x55, 0x7A, 0xFF,
    0x38, 0x55, 0x7A, 0xFF, 0x37, 0x54, 0x79, 0xFF, 0x39, 0x54, 0x79, 0xFF, 0x38, 0x54, 0x77, 0xFF,
    0x38, 0x54, 0x77, 0xFF, 0x38, 0x54, 0x77, 0xFF, 0x38, 0x54, 0x77, 0xFF, 0x38, 0x54, 0x77, 0xFF,
    0x35, 0x53, 0x76, 0xFF, 0x33, 0x51, 0x74, 0xFF, 0x31, 0x4E, 0x73, 0xFF, 0x2F, 0x4C, 0x71, 0xFF,
    0x2E, 0x4B, 0x70, 0xFF, 0x2E, 0x4B, 0x70, 0xFF, 0x2F, 0x4C, 0x71, 0xFF, 0x2F, 0x4C, 0x71, 0xFF,
    0x32, 0x4D, 0x72, 0xFF, 0x33, 0x4E, 0x73, 0xFF, 0x36, 0x51, 0x76, 0xFF, 0x39, 0x54, 0x79, 0xFF,
    0x3C, 0x57, 0x7C, 0xFF, 0x3D, 0x58, 0x7D, 0xFF, 0x3D, 0x58, 0x7D, 0xFF, 0x3D, 0x57, 0x7C, 0xFF,
    0x41, 0x59, 0x7D, 0xFF, 0x40, 0x58, 0x7C, 0xFF, 0x3F, 0x57, 0x7B, 0xFF, 0x3E, 0x56, 0x7A, 0xFF,
    0x3E, 0x54, 0x78, 0xFF, 0x3B, 0x51, 0x74, 0xFF, 0x39, 0x4F, 0x72, 0xFF, 0x38, 0x4E, 0x71, 0xFF,
    0x35, 0x4B, 0x6E, 0xFF, 0x34, 0x4A, 0x6D, 0xFF, 0x35, 0x49, 0x6C, 0xFF, 0x34, 0x49, 0x69, 0xFF,
    0x33, 0x48, 0x68, 0xFF, 0x31, 0x46, 0x66, 0xFF, 0x2E, 0x43, 0x63, 0xFF, 0x2C, 0x3F, 0x60, 0xFF,
    0x26, 0x36, 0x5A, 0xFF, 0x25, 0x33, 0x57, 0xFF, 0x22, 0x31, 0x52, 0xFF, 0x21, 0x30, 0x51, 0xFF,
    0x21, 0x2E, 0x4E, 0xFF, 0x1D, 0x2A, 0x4A, 0xFF, 0x19, 0x24, 0x42, 0xFF, 0x15, 0x21, 0x3D, 0xFF,
    0x14, 0x1F, 0x3B, 0xFF, 0x14, 0x1F, 0x3B, 0xFF, 0x15, 0x1D, 0x3A, 0xFF, 0x14, 0x1C, 0x39, 0xFF,
    0x16, 0x1C, 0x39, 0xFF, 0x16, 0x1C, 0x39, 0xFF, 0x16, 0x1C, 0x39, 0xFF, 0x16, 0x1C, 0x39, 0xFF,
    0x18, 0x1E, 0x3B, 0xFF, 0x17, 0x1F, 0x3C, 0xFF, 0x17, 0x1F, 0x3C, 0xFF, 0x18, 0x20, 0x3D, 0xFF,
    0x19, 0x21, 0x3E, 0xFF, 0x1A, 0x22, 0x3F, 0xFF, 0x1B, 0x23, 0x40, 0xFF, 0x1B, 0x23, 0x40, 0xFF,
    0x21, 0x2C, 0x48, 0xFF, 0x24, 0x2F, 0x4B, 0xFF, 0x29, 0x34, 0x50, 0xFF, 0x2F, 0x3A, 0x56, 0xFF,
    0x30, 0x3B, 0x57, 0xFF, 0x2D, 0x38, 0x54, 0xFF, 0x2C, 0x37, 0x53, 0xFF, 0x2C, 0x38, 0x54, 0xFF,
    0x2C, 0x39, 0x53, 0xFF, 0x2C, 0x3B, 0x55, 0xFF, 0x2A, 0x3B, 0x55, 0xFF, 0x2A, 0x3E, 0x57, 0xFF,
    0x2C, 0x41, 0x5C, 0xFF, 0x2E, 0x44, 0x60, 0xFF, 0x3A, 0x51, 0x71, 0xFF, 0x4D, 0x65, 0x89, 0xFF,
    0x5A, 0x73, 0x9B, 0xFF, 0x5D, 0x75, 0x9F, 0xFF, 0x3D, 0x56, 0x7E, 0xFF, 0x3E, 0x57, 0x7F, 0xFF,
    0x3E, 0x57, 0x7F, 0xFF, 0x3F, 0x58, 0x80, 0xFF, 0x3F, 0x58, 0x80, 0xFF, 0x3E, 0x57, 0x7F, 0xFF,
    0x3C, 0x56, 0x7E, 0xFF, 0x3C, 0x56, 0x7E, 0xFF, 0x3C, 0x56, 0x7E, 0xFF, 0x3B, 0x55, 0x7D, 0xFF,
    0x3A, 0x54, 0x7C, 0xFF, 0x3A, 0x54, 0x7C, 0xFF, 0x39, 0x56, 0x7D, 0xFF, 0x38, 0x55, 0x7C, 0xFF,
    0x37, 0x54, 0x7B, 0xFF, 0x37, 0x52, 0x77, 0xFF, 0x38, 0x52, 0x76, 0xFF, 0x38, 0x53, 0x75, 0xFF,
    0x39, 0x54, 0x76, 0xFF, 0x3A, 0x55, 0x77, 0xFF, 0x3A, 0x55, 0x77, 0xFF, 0x3A, 0x55, 0x77, 0xFF,
    0x38, 0x54, 0x76, 0xFF, 0x38, 0x54, 0x76, 0xFF, 0x35, 0x51, 0x73, 0xFF, 0x35, 0x51, 0x73, 0xFF,
    0x35, 0x51, 0x73, 0xFF, 0x34, 0x50, 0x72, 0xFF, 0x32, 0x51, 0x72, 0xFF, 0x31, 0x50, 0x71, 0xFF,
    0x30, 0x4F, 0x70, 0xFF, 0x32, 0x4E, 0x70, 0xFF, 0x32, 0x4D, 0x6F, 0xFF, 0x32, 0x4D, 0x6F, 0xFF,
    0x33, 0x4E, 0x70, 0xFF, 0x35, 0x50, 0x72, 0xFF, 0x37, 0x52, 0x74, 0xFF, 0x38, 0x53, 0x75, 0xFF,
    0x39, 0x54, 0x76, 0xFF, 0x3A, 0x55, 0x77, 0xFF, 0x3B, 0x56, 0x78, 0xFF, 0x3A, 0x55, 0x77, 0xFF,
    0x39, 0x54, 0x76, 0xFF, 0x38, 0x53, 0x75, 0xFF, 0x37, 0x52, 0x74, 0xFF, 0x37, 0x52, 0x74, 0xFF,
    0x36, 0x51, 0x73, 0xFF, 0x36, 0x51, 0x73, 0xFF, 0x34, 0x50, 0x73, 0xFF, 0x33, 0x4F, 0x72, 0xFF,
    0x31, 0x4D, 0x70, 0xFF, 0x2F, 0x4B, 0x6E, 0xFF, 0x2E, 0x4A, 0x6D, 0xFF, 0x2F, 0x4B, 0x6E, 0xFF,
    0x2F, 0x4B, 0x6E, 0xFF, 0x30, 0x4C, 0x6F, 0xFF, 0x2F, 0x4B, 0x6E, 0xFF, 0x30, 0x4C, 0x6F, 0xFF,
    0x32, 0x4E, 0x71, 0xFF, 0x35, 0x51, 0x74, 0xFF, 0x39, 0x55, 0x78, 0xFF, 0x3B, 0x57, 0x7A, 0xFF,
    0x3C, 0x58, 0x7B, 0xFF, 0x3D, 0x59, 0x7C, 0xFF, 0x40, 0x58, 0x7C, 0xFF, 0x3F, 0x57, 0x7B, 0xFF,
    0x3F, 0x57, 0x7B, 0xFF, 0x3D, 0x55, 0x79, 0xFF, 0x3E, 0x54, 0x77, 0xFF, 0x3B, 0x51, 0x74, 0xFF,
    0x39, 0x4F, 0x72, 0xFF, 0x38, 0x4E, 0x71, 0xFF, 0x33, 0x49, 0x6C, 0xFF, 0x32, 0x48, 0x6B, 0xFF,
    0x33, 0x48, 0x68, 0xFF, 0x32, 0x47, 0x67, 0xFF, 0x30, 0x45, 0x65, 0xFF, 0x2D, 0x42, 0x62, 0xFF,
    0x2A, 0x3F, 0x5F, 0xFF, 0x29, 0x3C, 0x5D, 0xFF, 0x23, 0x33, 0x57, 0xFF, 0x22, 0x30, 0x54, 0xFF,
    0x1F, 0x2E, 0x4F, 0xFF, 0x1C, 0x2B, 0x4C, 0xFF, 0x1C, 0x29, 0x49, 0xFF, 0x19, 0x27, 0x44, 0xFF,
    0x16, 0x21, 0x3F, 0xFF, 0x12, 0x1E, 0x3A, 0xFF, 0x14, 0x1F, 0x3B, 0xFF, 0x13, 0x1E, 0x3A, 0xFF,
    0x15, 0x1D, 0x3A, 0xFF, 0x14, 0x1C, 0x39, 0xFF, 0x16, 0x1C, 0x39, 0xFF, 0x16, 0x1C, 0x39, 0xFF,
    0x16, 0x1C, 0x39, 0xFF, 0x17, 0x1D, 0x3A, 0xFF, 0x17, 0x1F, 0x3C, 0xFF, 0x17, 0x1F, 0x3C, 0xFF,
    0x18, 0x20, 0x3D, 0xFF, 0x19, 0x21, 0x3E, 0xFF, 0x1A, 0x22, 0x3F, 0xFF, 0x1B, 0x23, 0x40, 0xFF,
    0x1C, 0x24, 0x41, 0xFF, 0x1C, 0x24, 0x41, 0xFF, 0x1F, 0x2A, 0x46, 0xFF, 0x22, 0x2D, 0x49, 0xFF,
    0x29, 0x34, 0x50, 0xFF, 0x2F, 0x3A, 0x56, 0xFF, 0x31, 0x3C, 0x58, 0xFF, 0x2F, 0x3A, 0x56, 0xFF,
    0x2E, 0x39, 0x55, 0xFF, 0x2D, 0x39, 0x55, 0xFF, 0x2C, 0x38, 0x54, 0xFF, 0x2C, 0x3A, 0x56, 0xFF,
    0x2A, 0x3B, 0x55, 0xFF, 0x2A, 0x3E, 0x57, 0xFF, 0x2D, 0x40, 0x5B, 0xFF, 0x2D, 0x43, 0x5F, 0xFF,
    0x3B, 0x50, 0x70, 0xFF, 0x4B, 0x63, 0x87, 0xFF, 0x5A, 0x70, 0x99, 0xFF, 0x5B, 0x73, 0x9D, 0xFF,
    0x3D, 0x54, 0x7A, 0xFF, 0x3E, 0x55, 0x7B, 0xFF, 0x3F, 0x56, 0x7C, 0xFF, 0x3F, 0x56, 0x7C, 0xFF,
    0x3E, 0x58, 0x7D, 0xFF, 0x3D, 0x57, 0x7C, 0xFF, 0x3C, 0x56, 0x7B, 0xFF, 0x3C, 0x56, 0x7B, 0xFF,
    0x3B, 0x55, 0x7A, 0xFF, 0x3B, 0x55, 0x7A, 0xFF, 0x39, 0x54, 0x79, 0xFF, 0x39, 0x54, 0x79, 0xFF,
    0x39, 0x54, 0x79, 0xFF, 0x39, 0x54, 0x79, 0xFF, 0x37, 0x52, 0x77, 0xFF, 0x36, 0x51, 0x76, 0xFF,
    0x35, 0x4F, 0x73, 0xFF, 0x38, 0x51, 0x73, 0xFF, 0x38, 0x51, 0x73, 0xFF, 0x39, 0x52, 0x74, 0xFF,
    0x37, 0x52, 0x74, 0xFF, 0x37, 0x52, 0x74, 0xFF, 0x36, 0x51, 0x73, 0xFF, 0x36, 0x51, 0x73, 0xFF,
    0x33, 0x4E, 0x70, 0xFF, 0x33, 0x4E, 0x70, 0xFF, 0x32, 0x4E, 0x70, 0xFF, 0x32, 0x4E, 0x70, 0xFF,
    0x31, 0x4D, 0x6F, 0xFF, 0x31, 0x4D, 0x6F, 0xFF, 0x30, 0x4C, 0x6E, 0xFF, 0x2F, 0x4B, 0x6D, 0xFF,
    0x2E, 0x49, 0x6B, 0xFF, 0x2F, 0x4A, 0x6C, 0xFF, 0x30, 0x4B, 0x6D, 0xFF, 0x32, 0x4D, 0x6F, 0xFF,
    0x35, 0x50, 0x72, 0xFF, 0x37, 0x52, 0x74, 0xFF, 0x3A, 0x55, 0x77, 0xFF, 0x3B, 0x56, 0x78, 0xFF,
    0x3C, 0x57, 0x79, 0xFF, 0x3B, 0x56, 0x78, 0xFF, 0x3A, 0x55, 0x77, 0xFF, 0x38, 0x53, 0x75, 0xFF,
    0x36, 0x51, 0x73, 0xFF, 0x34, 0x4F, 0x71, 0xFF, 0x33, 0x4E, 0x70, 0xFF, 0x32, 0x4D, 0x6F, 0xFF,
    0x30, 0x4C, 0x6F, 0xFF, 0x2F, 0x4B, 0x6E, 0xFF, 0x2E, 0x4A, 0x6D, 0xFF, 0x2C, 0x48, 0x6B, 0xFF,
    0x2C, 0x48, 0x6B, 0xFF, 0x2D, 0x49, 0x6C, 0xFF, 0x2D, 0x49, 0x6C, 0xFF, 0x2E, 0x4A, 0x6D, 0xFF,
    0x2C, 0x48, 0x6B, 0xFF, 0x2D, 0x49, 0x6C, 0xFF, 0x2E, 0x4A, 0x6D, 0xFF, 0x31, 0x4D, 0x70, 0xFF,
    0x34, 0x50, 0x73, 0xFF, 0x38, 0x54, 0x77, 0xFF, 0x3B, 0x57, 0x7A, 0xFF, 0x3C, 0x58, 0x7B, 0xFF,
    0x3E, 0x56, 0x7A, 0xFF, 0x3E, 0x56, 0x7A, 0xFF, 0x40, 0x56, 0x79, 0xFF, 0x3F, 0x55, 0x78, 0xFF,
    0x3D, 0x53, 0x76, 0xFF, 0x3B, 0x51, 0x74, 0xFF, 0x38, 0x4E, 0x71, 0xFF, 0x37, 0x4D, 0x70, 0xFF,
    0x31, 0x47, 0x6A, 0xFF, 0x30, 0x46, 0x69, 0xFF, 0x30, 0x45, 0x65, 0xFF, 0x2F, 0x44, 0x64, 0xFF,
    0x2C, 0x41, 0x61, 0xFF, 0x29, 0x3E, 0x5E, 0xFF, 0x25, 0x3A, 0x5A, 0xFF, 0x23, 0x36, 0x57, 0xFF,
    0x20, 0x30, 0x54, 0xFF, 0x1F, 0x2D, 0x51, 0xFF, 0x1A, 0x29, 0x4A, 0xFF, 0x17, 0x26, 0x47, 0xFF,
    0x17, 0x24, 0x44, 0xFF, 0x14, 0x22, 0x3F, 0xFF, 0x12, 0x1D, 0x3B, 0xFF, 0x10, 0x1C, 0x38, 0xFF,
    0x13, 0x1E, 0x3A, 0xFF, 0x12, 0x1D, 0x39, 0xFF, 0x14, 0x1C, 0x39, 0xFF, 0x14, 0x1C, 0x39, 0xFF,
    0x14, 0x1C, 0x39, 0xFF, 0x15, 0x1D, 0x3A, 0xFF, 0x17, 0x1D, 0x3A, 0xFF, 0x18, 0x1E, 0x3B, 0xFF,
    0x18, 0x20, 0x3D, 0xFF, 0x18, 0x20, 0x3D, 0xFF, 0x19, 0x21, 0x3E, 0xFF, 0x1A, 0x22, 0x3F, 0xFF,
    0x1B, 0x23, 0x40, 0xFF, 0x1C, 0x24, 0x41, 0xFF, 0x1C, 0x24, 0x41, 0xFF, 0x1D, 0x25, 0x42, 0xFF,
    0x1E, 0x29, 0x45, 0xFF, 0x21, 0x2C, 0x48, 0xFF, 0x28, 0x33, 0x4F, 0xFF, 0x30, 0x3B, 0x57, 0xFF,
    0x34, 0x3F, 0x5B, 0xFF, 0x33, 0x3E, 0x5A, 0xFF, 0x32, 0x3D, 0x59, 0xFF, 0x31, 0x3D, 0x59, 0xFF,
    0x2D, 0x39, 0x55, 0xFF, 0x2C, 0x3A, 0x56, 0xFF, 0x2A, 0x3B, 0x55, 0xFF, 0x29, 0x3D, 0x56, 0xFF,
    0x2B, 0x3E, 0x59, 0xFF, 0x2B, 0x41, 0x5D, 0xFF, 0x39, 0x4E, 0x6E, 0xFF, 0x49, 0x61, 0x85, 0xFF,
    0x58, 0x6E, 0x97, 0xFF, 0x59, 0x71, 0x9B, 0xFF, 0x3B, 0x52, 0x78, 0xFF, 0x3C, 0x53, 0x79, 0xFF,
    0x3D, 0x54, 0x7A, 0xFF, 0x3E, 0x55, 0x7B, 0xFF, 0x3E, 0x55, 0x7B, 0xFF, 0x3C, 0x56, 0x7B, 0xFF,
    0x3B, 0x55, 0x7A, 0xFF, 0x3A, 0x54, 0x79, 0xFF, 0x3A, 0x54, 0x79, 0xFF, 0x39, 0x53, 0x78, 0xFF,
    0x39, 0x53, 0x78, 0xFF, 0x38, 0x53, 0x78, 0xFF, 0x38, 0x53, 0x78, 0xFF, 0x37, 0x52, 0x77, 0xFF,
    0x36, 0x51, 0x76, 0xFF, 0x36, 0x50, 0x74, 0xFF, 0x35, 0x4E, 0x70, 0xFF, 0x36, 0x4F, 0x71, 0xFF,
    0x36, 0x4F, 0x71, 0xFF, 0x36, 0x4F, 0x71, 0xFF, 0x36, 0x4F, 0x71, 0xFF, 0x34, 0x4F, 0x71, 0xFF,
    0x34, 0x4F, 0x71, 0xFF, 0x34, 0x4F, 0x71, 0xFF, 0x32, 0x4D, 0x6F, 0xFF, 0x32, 0x4D, 0x6F, 0xFF,
    0x32, 0x4D, 0x6F, 0xFF, 0x31, 0x4D, 0x6F, 0xFF, 0x30, 0x4C, 0x6E, 0xFF, 0x2F, 0x4B, 0x6D, 0xFF,
    0x2E, 0x4A, 0x6C, 0xFF, 0x2E, 0x4A, 0x6C, 0xFF, 0x2D, 0x48, 0x6A, 0xFF, 0x2E, 0x49, 0x6B, 0xFF,
    0x2F, 0x4A, 0x6C, 0xFF, 0x32, 0x4D, 0x6F, 0xFF, 0x35, 0x50, 0x72, 0xFF, 0x39, 0x54, 0x76, 0xFF,
    0x3C, 0x57, 0x79, 0xFF, 0x3E, 0x59, 0x7B, 0xFF, 0x3F, 0x5A, 0x7C, 0xFF, 0x3E, 0x59, 0x7B, 0xFF,
    0x3C, 0x57, 0x79, 0xFF, 0x39, 0x54, 0x76, 0xFF, 0x36, 0x51, 0x73, 0xFF, 0x33, 0x4E, 0x70, 0xFF,
    0x31, 0x4C, 0x6E, 0xFF, 0x2F, 0x4A, 0x6C, 0xFF, 0x2D, 0x47, 0x6B, 0xFF, 0x2B, 0x47, 0x6A, 0xFF,
    0x2A, 0x46, 0x69, 0xFF, 0x2A, 0x46, 0x69, 0xFF, 0x2A, 0x46, 0x69, 0xFF, 0x2A, 0x46, 0x69, 0xFF,
    0x2B, 0x47, 0x6A, 0xFF, 0x2C, 0x48, 0x6B, 0xFF, 0x2A, 0x46, 0x69, 0xFF, 0x2B, 0x47, 0x6A, 0xFF,
    0x2B, 0x47, 0x6A, 0xFF, 0x2C, 0x48, 0x6B, 0xFF, 0x2E, 0x4A, 0x6D, 0xFF, 0x31, 0x4D, 0x70, 0xFF,
    0x35, 0x51, 0x74, 0xFF, 0x39, 0x53, 0x77, 0xFF, 0x3B, 0x53, 0x77, 0xFF, 0x3C, 0x54, 0x78, 0xFF,
    0x3F, 0x55, 0x78, 0xFF, 0x3E, 0x54, 0x77, 0xFF, 0x3D, 0x53, 0x76, 0xFF, 0x3A, 0x50, 0x73, 0xFF,
    0x38, 0x4E, 0x71, 0xFF, 0x36, 0x4C, 0x6F, 0xFF, 0x30, 0x46, 0x69, 0xFF, 0x2F, 0x45, 0x68, 0xFF,
    0x2F, 0x44, 0x64, 0xFF, 0x2D, 0x42, 0x62, 0xFF, 0x2A, 0x3F, 0x5F, 0xFF, 0x26, 0x3B, 0x5B, 0xFF,
    0x21, 0x36, 0x56, 0xFF, 0x1F, 0x32, 0x53, 0xFF, 0x1E, 0x2E, 0x52, 0xFF, 0x1D, 0x2B, 0x4F, 0xFF,
    0x18, 0x27, 0x48, 0xFF, 0x14, 0x23, 0x44, 0xFF, 0x13, 0x20, 0x40, 0xFF, 0x11, 0x1F, 0x3C, 0xFF,
    0x11, 0x1C, 0x3A, 0xFF, 0x0F, 0x1B, 0x37, 0xFF, 0x12, 0x1D, 0x39, 0xFF, 0x12, 0x1D, 0x39, 0xFF,
    0x14, 0x1C, 0x39, 0xFF, 0x14, 0x1C, 0x39, 0xFF, 0x15, 0x1D, 0x3A, 0xFF, 0x15, 0x1D, 0x3A, 0xFF,
    0x18, 0x1E, 0x3B, 0xFF, 0x19, 0x1F, 0x3C, 0xFF, 0x18, 0x20, 0x3D, 0xFF, 0x19, 0x21, 0x3E, 0xFF,
    0x19, 0x21, 0x3E, 0xFF, 0x1A, 0x22, 0x3F, 0xFF, 0x1B, 0x23, 0x40, 0xFF, 0x1C, 0x24, 0x41, 0xFF,
    0x1D, 0x25, 0x42, 0xFF, 0x1E, 0x26, 0x43, 0xFF, 0x1D, 0x28, 0x44, 0xFF, 0x20, 0x2B, 0x47, 0xFF,
    0x29, 0x34, 0x50, 0xFF, 0x33, 0x3E, 0x5A, 0xFF, 0x39, 0x44, 0x60, 0xFF, 0x39, 0x44, 0x60, 0xFF,
    0x37, 0x42, 0x5E, 0xFF, 0x35, 0x41, 0x5D, 0xFF, 0x2E, 0x3A, 0x56, 0xFF, 0x2D, 0x3B, 0x57, 0xFF,
    0x29, 0x3A, 0x54, 0xFF, 0x28, 0x3C, 0x55, 0xFF, 0x2A, 0x3D, 0x58, 0xFF, 0x29, 0x3F, 0x5B, 0xFF,
    0x37, 0x4C, 0x6C, 0xFF, 0x47, 0x5F, 0x83, 0xFF, 0x57, 0x6D, 0x96, 0xFF, 0x58, 0x70, 0x9A, 0xFF,
    0x3B, 0x51, 0x75, 0xFF, 0x3C, 0x52, 0x76, 0xFF, 0x3E, 0x54, 0x78, 0xFF, 0x3D, 0x55, 0x79, 0xFF,
    0x3E, 0x56, 0x7A, 0xFF, 0x3D, 0x55, 0x79, 0xFF, 0x3C, 0x54, 0x78, 0xFF, 0x3B, 0x53, 0x77, 0xFF,
    0x3B, 0x53, 0x77, 0xFF, 0x38, 0x52, 0x76, 0xFF, 0x38, 0x52, 0x76, 0xFF, 0x38, 0x52, 0x76, 0xFF,
    0x38, 0x52, 0x76, 0xFF, 0x37, 0x51, 0x75, 0xFF, 0x36, 0x50, 0x74, 0xFF, 0x35, 0x4F, 0x73, 0xFF,
    0x35, 0x4E, 0x70, 0xFF, 0x37, 0x4E, 0x6E, 0xFF, 0x36, 0x4D, 0x6D, 0xFF, 0x34, 0x4D, 0x6D, 0xFF,
    0x34, 0x4D, 0x6D, 0xFF, 0x34, 0x4D, 0x6D, 0xFF, 0x34, 0x4D, 0x6D, 0xFF, 0x34, 0x4D, 0x6D, 0xFF,
    0x34, 0x4D, 0x6D, 0xFF, 0x32, 0x4E, 0x6D, 0xFF, 0x32, 0x4E, 0x6D, 0xFF, 0x31, 0x4D, 0x6C, 0xFF,
    0x31, 0x4D, 0x6C, 0xFF, 0x30, 0x4C, 0x6B, 0xFF, 0x2F, 0x4B, 0x6A, 0xFF, 0x2F, 0x4B, 0x6A, 0xFF,
    0x2E, 0x47, 0x67, 0xFF, 0x2F, 0x48, 0x68, 0xFF, 0x30, 0x49, 0x69, 0xFF, 0x33, 0x4C, 0x6C, 0xFF,
    0x37, 0x50, 0x70, 0xFF, 0x3B, 0x54, 0x74, 0xFF, 0x40, 0x59, 0x79, 0xFF, 0x42, 0x5B, 0x7B, 0xFF,
    0x43, 0x5C, 0x7C, 0xFF, 0x42, 0x5B, 0x7B, 0xFF, 0x40, 0x59, 0x79, 0xFF, 0x3D, 0x56, 0x76, 0xFF,
    0x39, 0x52, 0x72, 0xFF, 0x35, 0x4E, 0x6E, 0xFF, 0x32, 0x4B, 0x6B, 0xFF, 0x2E, 0x4A, 0x69, 0xFF,
    0x2A, 0x45, 0x67, 0xFF, 0x2A, 0x45, 0x67, 0xFF, 0x29, 0x44, 0x66, 0xFF, 0x29, 0x44, 0x66, 0xFF,
    0x29, 0x44, 0x66, 0xFF, 0x29, 0x44, 0x66, 0xFF, 0x2A, 0x45, 0x67, 0xFF, 0x2B, 0x46, 0x68, 0xFF,
    0x29, 0x44, 0x66, 0xFF, 0x29, 0x44, 0x66, 0xFF, 0x27, 0x42, 0x64, 0xFF, 0x26, 0x41, 0x63, 0xFF,
    0x26, 0x41, 0x63, 0xFF, 0x28, 0x43, 0x65, 0xFF, 0x2C, 0x47, 0x69, 0xFF, 0x30, 0x4B, 0x6D, 0xFF,
    0x39, 0x52, 0x74, 0xFF, 0x3C, 0x52, 0x75, 0xFF, 0x3E, 0x54, 0x77, 0xFF, 0x3E, 0x54, 0x77, 0xFF,
    0x3D, 0x53, 0x76, 0xFF, 0x3B, 0x51, 0x74, 0xFF, 0x38, 0x4E, 0x71, 0xFF, 0x36, 0x4C, 0x6F, 0xFF,
    0x33, 0x48, 0x68, 0xFF, 0x32, 0x47, 0x67, 0xFF, 0x2F, 0x44, 0x64, 0xFF, 0x2C, 0x41, 0x61, 0xFF,
    0x29, 0x3E, 0x5E, 0xFF, 0x24, 0x39, 0x59, 0xFF, 0x20, 0x35, 0x55, 0xFF, 0x1D, 0x30, 0x51, 0xFF,
    0x1F, 0x2F, 0x53, 0xFF, 0x1C, 0x2C, 0x50, 0xFF, 0x19, 0x28, 0x49, 0xFF, 0x14, 0x23, 0x44, 0xFF,
    0x13, 0x20, 0x40, 0xFF, 0x11, 0x1F, 0x3C, 0xFF, 0x0F, 0x1D, 0x3A, 0xFF, 0x10, 0x1C, 0x38, 0xFF,
    0x12, 0x1D, 0x39, 0xFF, 0x12, 0x1D, 0x39, 0xFF, 0x12, 0x1D, 0x39, 0xFF, 0x12, 0x1D, 0x39, 0xFF,
    0x15, 0x1D, 0x3A, 0xFF, 0x16, 0x1E, 0x3B, 0xFF, 0x19, 0x1F, 0x3C, 0xFF, 0x1A, 0x20, 0x3D, 0xFF,
    0x19, 0x21, 0x3E, 0xFF, 0x19, 0x21, 0x3E, 0xFF, 0x1A, 0x22, 0x3F, 0xFF, 0x1B, 0x23, 0x40, 0xFF,
    0x1C, 0x24, 0x41, 0xFF, 0x1D, 0x25, 0x42, 0xFF, 0x1E, 0x26, 0x43, 0xFF, 0x1E, 0x26, 0x43, 0xFF,
    0x1D, 0x28, 0x44, 0xFF, 0x21, 0x2C, 0x48, 0xFF, 0x2A, 0x35, 0x51, 0xFF, 0x36, 0x41, 0x5D, 0xFF,
    0x3F, 0x4A, 0x66, 0xFF, 0x3F, 0x4A, 0x66, 0xFF, 0x3C, 0x47, 0x63, 0xFF, 0x39, 0x45, 0x61, 0xFF,
    0x2F, 0x3B, 0x57, 0xFF, 0x2D, 0x3B, 0x57, 0xFF, 0x29, 0x3A, 0x54, 0xFF, 0x27, 0x3B, 0x54, 0xFF,
    0x29, 0x3C, 0x57, 0xFF, 0x28, 0x3E, 0x5A, 0xFF, 0x35, 0x4A, 0x6A, 0xFF, 0x46, 0x5E, 0x82, 0xFF,
    0x57, 0x6D, 0x96, 0xFF, 0x58, 0x70, 0x9A, 0xFF, 0x39, 0x4F, 0x73, 0xFF, 0x3B, 0x51, 0x75, 0xFF,
    0x3D, 0x53, 0x77, 0xFF, 0x3F, 0x55, 0x79, 0xFF, 0x3D, 0x55, 0x79, 0xFF, 0x3D, 0x55, 0x79, 0xFF,
    0x3C, 0x54, 0x78, 0xFF, 0x3B, 0x53, 0x77, 0xFF, 0x3A, 0x52, 0x76, 0xFF, 0x3A, 0x52, 0x76, 0xFF,
    0x37, 0x51, 0x75, 0xFF, 0x37, 0x51, 0x75, 0xFF, 0x37, 0x51, 0x75, 0xFF, 0x37, 0x51, 0x75, 0xFF,
    0x35, 0x4F, 0x73, 0xFF, 0x34, 0x4F, 0x71, 0xFF, 0x37, 0x4D, 0x70, 0xFF, 0x37, 0x4E, 0x6E, 0xFF,
    0x36, 0x4D, 0x6D, 0xFF, 0x36, 0x4D, 0x6D, 0xFF, 0x34, 0x4D, 0x6D, 0xFF, 0x34, 0x4D, 0x6D, 0xFF,
    0x34, 0x4D, 0x6D, 0xFF, 0x34, 0x4D, 0x6D, 0xFF, 0x34, 0x4D, 0x6D, 0xFF, 0x34, 0x4D, 0x6D, 0xFF,
    0x32, 0x4E, 0x6D, 0xFF, 0x31, 0x4D, 0x6C, 0xFF, 0x31, 0x4D, 0x6C, 0xFF, 0x30, 0x4C, 0x6B, 0xFF,
    0x2F, 0x4B, 0x6A, 0xFF, 0x2F, 0x4B, 0x6A, 0xFF, 0x2D, 0x46, 0x66, 0xFF, 0x2D, 0x46, 0x66, 0xFF,
    0x2E, 0x47, 0x67, 0xFF, 0x31, 0x4A, 0x6A, 0xFF, 0x35, 0x4E, 0x6E, 0xFF, 0x3A, 0x53, 0x73, 0xFF,
    0x3F, 0x58, 0x78, 0xFF, 0x42, 0x5B, 0x7B, 0xFF, 0x45, 0x5E, 0x7E, 0xFF, 0x44, 0x5D, 0x7D, 0xFF,
    0x42, 0x5B, 0x7B, 0xFF, 0x3E, 0x57, 0x77, 0xFF, 0x3A, 0x53, 0x73, 0xFF, 0x36, 0x4F, 0x6F, 0xFF,
    0x32, 0x4B, 0x6B, 0xFF, 0x30, 0x49, 0x69, 0xFF, 0x28, 0x43, 0x65, 0xFF, 0x28, 0x43, 0x65, 0xFF,
    0x28, 0x43, 0x65, 0xFF, 0x28, 0x43, 0x65, 0xFF, 0x28, 0x43, 0x65, 0xFF, 0x28, 0x43, 0x65, 0xFF,
    0x29, 0x44, 0x66, 0xFF, 0x29, 0x44, 0x66, 0xFF, 0x26, 0x41, 0x63, 0xFF, 0x25, 0x40, 0x62, 0xFF,
    0x23, 0x3E, 0x60, 0xFF, 0x20, 0x3B, 0x5D, 0xFF, 0x1E, 0x39, 0x5B, 0xFF, 0x20, 0x3B, 0x5D, 0xFF,
    0x24, 0x3F, 0x61, 0xFF, 0x27, 0x42, 0x64, 0xFF, 0x39, 0x4F, 0x72, 0xFF, 0x3B, 0x51, 0x74, 0xFF,
    0x3D, 0x53, 0x76, 0xFF, 0x3F, 0x55, 0x78, 0xFF, 0x3E, 0x54, 0x77, 0xFF, 0x3B, 0x51, 0x74, 0xFF,
    0x38, 0x4E, 0x71, 0xFF, 0x35, 0x4B, 0x6E, 0xFF, 0x35, 0x4A, 0x6A, 0xFF, 0x33, 0x48, 0x68, 0xFF,
    0x30, 0x45, 0x65, 0xFF, 0x2D, 0x42, 0x62, 0xFF, 0x29, 0x3E, 0x5E, 0xFF, 0x25, 0x3A, 0x5A, 0xFF,
    0x1F, 0x34, 0x54, 0xFF, 0x1C, 0x31, 0x51, 0xFF, 0x20, 0x30, 0x54, 0xFF, 0x1D, 0x2D, 0x51, 0xFF,
    0x1A, 0x29, 0x4A, 0xFF, 0x15, 0x24, 0x45, 0xFF, 0x13, 0x20, 0x40, 0xFF, 0x11, 0x1F, 0x3C, 0xFF,
    0x10, 0x1E, 0x3B, 0xFF, 0x10, 0x1E, 0x3A, 0xFF, 0x12, 0x1D, 0x39, 0xFF, 0x12, 0x1D, 0x39, 0xFF,
    0x12, 0x1D, 0x39, 0xFF, 0x12, 0x1D, 0x39, 0xFF, 0x15, 0x1D, 0x3A, 0xFF, 0x16, 0x1E, 0x3B, 0xFF,
    0x19, 0x1F, 0x3C, 0xFF, 0x1A, 0x20, 0x3D, 0xFF, 0x19, 0x21, 0x3E, 0xFF, 0x19, 0x21, 0x3E, 0xFF,
    0x1A, 0x22, 0x3F, 0xFF, 0x1B, 0x23, 0x40, 0xFF, 0x1C, 0x24, 0x41, 0xFF, 0x1D, 0x25, 0x42, 0xFF,
    0x1E, 0x26, 0x43, 0xFF, 0x1E, 0x26, 0x43, 0xFF, 0x1E, 0x29, 0x45, 0xFF, 0x21, 0x2C, 0x48, 0xFF,
    0x2A, 0x35, 0x51, 0xFF, 0x38, 0x43, 0x5F, 0xFF, 0x42, 0x4D, 0x69, 0xFF, 0x43, 0x4E, 0x6A, 0xFF,
    0x3F, 0x4A, 0x66, 0xFF, 0x3A, 0x46, 0x62, 0xFF, 0x30, 0x3C, 0x58, 0xFF, 0x2E, 0x3C, 0x58, 0xFF,
    0x29, 0x3A, 0x54, 0xFF, 0x27, 0x3B, 0x54, 0xFF, 0x28, 0x3B, 0x56, 0xFF, 0x27, 0x3D, 0x59, 0xFF,
    0x35, 0x4A, 0x6A, 0xFF, 0x45, 0x5D, 0x81, 0xFF, 0x58, 0x6E, 0x97, 0xFF, 0x59, 0x71, 0x9B, 0xFF
};
inline unsigned int g_warningImage2RgbaSize = 57584;
